arm,size,tokens,suite,task,seed,value
dclm,100k,0.1,raw,reverse,seed-0,0.00586
dclm,100k,0.1,raw,stack,seed-0,0.0
dclm,100k,0.1,raw,assoc,seed-0,0.00781
dclm,100k,0.1,raw,sum,seed-0,0.0
dclm,100k,0.1,raw,max,seed-0,0.0
dclm,100k,0.1,raw,min,seed-0,0.01562
dclm,100k,0.1,raw,first,seed-0,0.01562
dclm,100k,0.1,raw,last,seed-0,0.03125
dclm,100k,0.1,text,first,seed-0,0.0
dclm,100k,0.1,text,last,seed-0,0.0
dclm,100k,0.1,text,max,seed-0,0.0
dclm,100k,0.1,text,min,seed-0,0.0
dclm,100k,0.1,text,stack,seed-0,0.0
dclm,100k,0.1,text,assoc,seed-0,0.0
dclm,100k,0.1,text,sum,seed-0,0.0
dclm,100k,0.1,text,reverse,seed-0,0.0
dclm,100k,0.1,text,cipher,seed-0,0.0
dclm,100k,0.1,word,classify-2,seed-0,0.0
dclm,100k,0.1,word,classify-4,seed-0,0.0
dclm,100k,0.1,word,lookup-4,seed-0,0.0
dclm,100k,0.1,word,word-reverse,seed-0,0.0
dclm,100k,0.25,raw,reverse,seed-0,0.00879
dclm,100k,0.25,raw,stack,seed-0,0.0
dclm,100k,0.25,raw,assoc,seed-0,0.00781
dclm,100k,0.25,raw,sum,seed-0,0.0
dclm,100k,0.25,raw,max,seed-0,0.0
dclm,100k,0.25,raw,min,seed-0,0.0
dclm,100k,0.25,raw,first,seed-0,0.01562
dclm,100k,0.25,raw,last,seed-0,0.0
dclm,100k,0.25,text,first,seed-0,0.0
dclm,100k,0.25,text,last,seed-0,0.0
dclm,100k,0.25,text,max,seed-0,0.0
dclm,100k,0.25,text,min,seed-0,0.0
dclm,100k,0.25,text,stack,seed-0,0.0
dclm,100k,0.25,text,assoc,seed-0,0.0
dclm,100k,0.25,text,sum,seed-0,0.0
dclm,100k,0.25,text,reverse,seed-0,0.0
dclm,100k,0.25,text,cipher,seed-0,0.0
dclm,100k,0.25,word,classify-2,seed-0,0.0
dclm,100k,0.25,word,classify-4,seed-0,0.0
dclm,100k,0.25,word,lookup-4,seed-0,0.0
dclm,100k,0.25,word,word-reverse,seed-0,0.0
dclm,100k,0.5,raw,reverse,seed-0,0.01074
dclm,100k,0.5,raw,stack,seed-0,0.0
dclm,100k,0.5,raw,assoc,seed-0,0.00781
dclm,100k,0.5,raw,sum,seed-0,0.0
dclm,100k,0.5,raw,max,seed-0,0.0
dclm,100k,0.5,raw,min,seed-0,0.01562
dclm,100k,0.5,raw,first,seed-0,0.01562
dclm,100k,0.5,raw,last,seed-0,0.03125
dclm,100k,0.5,text,first,seed-0,0.0
dclm,100k,0.5,text,last,seed-0,0.0
dclm,100k,0.5,text,max,seed-0,0.0
dclm,100k,0.5,text,min,seed-0,0.0
dclm,100k,0.5,text,stack,seed-0,0.00781
dclm,100k,0.5,text,assoc,seed-0,0.0
dclm,100k,0.5,text,sum,seed-0,0.01562
dclm,100k,0.5,text,reverse,seed-0,0.0
dclm,100k,0.5,text,cipher,seed-0,0.0
dclm,100k,0.5,word,classify-2,seed-0,0.0
dclm,100k,0.5,word,classify-4,seed-0,0.0
dclm,100k,0.5,word,lookup-4,seed-0,0.0
dclm,100k,0.5,word,word-reverse,seed-0,0.0
dclm,100k,1.0,raw,reverse,seed-0,0.00488
dclm,100k,1.0,raw,stack,seed-0,0.0
dclm,100k,1.0,raw,assoc,seed-0,0.00781
dclm,100k,1.0,raw,sum,seed-0,0.0
dclm,100k,1.0,raw,max,seed-0,0.0
dclm,100k,1.0,raw,min,seed-0,0.03125
dclm,100k,1.0,raw,first,seed-0,0.01562
dclm,100k,1.0,raw,last,seed-0,0.03125
dclm,100k,1.0,text,first,seed-0,0.0
dclm,100k,1.0,text,last,seed-0,0.0
dclm,100k,1.0,text,max,seed-0,0.0
dclm,100k,1.0,text,min,seed-0,0.0
dclm,100k,1.0,text,stack,seed-0,0.00781
dclm,100k,1.0,text,assoc,seed-0,0.0
dclm,100k,1.0,text,sum,seed-0,0.0
dclm,100k,1.0,text,reverse,seed-0,0.0
dclm,100k,1.0,text,cipher,seed-0,0.0
dclm,100k,1.0,word,classify-2,seed-0,0.0
dclm,100k,1.0,word,classify-4,seed-0,0.0
dclm,100k,1.0,word,lookup-4,seed-0,0.0
dclm,100k,1.0,word,word-reverse,seed-0,0.0
dclm,100k,1.617,raw,reverse,seed-0,0.00488
dclm,100k,1.617,raw,stack,seed-0,0.00781
dclm,100k,1.617,raw,assoc,seed-0,0.0
dclm,100k,1.617,raw,sum,seed-0,0.0
dclm,100k,1.617,raw,max,seed-0,0.0
dclm,100k,1.617,raw,min,seed-0,0.0
dclm,100k,1.617,raw,first,seed-0,0.01562
dclm,100k,1.617,raw,last,seed-0,0.01562
dclm,100k,1.617,text,first,seed-0,0.0
dclm,100k,1.617,text,last,seed-0,0.0
dclm,100k,1.617,text,max,seed-0,0.0
dclm,100k,1.617,text,min,seed-0,0.0
dclm,100k,1.617,text,stack,seed-0,0.03125
dclm,100k,1.617,text,assoc,seed-0,0.0
dclm,100k,1.617,text,sum,seed-0,0.03125
dclm,100k,1.617,text,reverse,seed-0,0.0
dclm,100k,1.617,text,cipher,seed-0,0.0
dclm,100k,1.617,word,classify-2,seed-0,0.0
dclm,100k,1.617,word,classify-4,seed-0,0.0
dclm,100k,1.617,word,lookup-4,seed-0,0.0
dclm,100k,1.617,word,word-reverse,seed-0,0.0
dclm,100k,3.228,raw,reverse,seed-0,0.00391
dclm,100k,3.228,raw,stack,seed-0,0.0
dclm,100k,3.228,raw,assoc,seed-0,0.00781
dclm,100k,3.228,raw,sum,seed-0,0.01562
dclm,100k,3.228,raw,max,seed-0,0.01562
dclm,100k,3.228,raw,min,seed-0,0.01562
dclm,100k,3.228,raw,first,seed-0,0.01562
dclm,100k,3.228,raw,last,seed-0,0.03125
dclm,100k,3.228,text,first,seed-0,0.0
dclm,100k,3.228,text,last,seed-0,0.0
dclm,100k,3.228,text,max,seed-0,0.0
dclm,100k,3.228,text,min,seed-0,0.0
dclm,100k,3.228,text,stack,seed-0,0.00781
dclm,100k,3.228,text,assoc,seed-0,0.0
dclm,100k,3.228,text,sum,seed-0,0.03125
dclm,100k,3.228,text,reverse,seed-0,0.0
dclm,100k,3.228,text,cipher,seed-0,0.0
dclm,100k,3.228,word,classify-2,seed-0,0.0
dclm,100k,3.228,word,classify-4,seed-0,0.0
dclm,100k,3.228,word,lookup-4,seed-0,0.0
dclm,100k,3.228,word,word-reverse,seed-0,0.0
dclm,100k,6.449,raw,reverse,seed-0,0.00391
dclm,100k,6.449,raw,stack,seed-0,0.00781
dclm,100k,6.449,raw,assoc,seed-0,0.0
dclm,100k,6.449,raw,sum,seed-0,0.0
dclm,100k,6.449,raw,max,seed-0,0.0
dclm,100k,6.449,raw,min,seed-0,0.01562
dclm,100k,6.449,raw,first,seed-0,0.03125
dclm,100k,6.449,raw,last,seed-0,0.01562
dclm,100k,6.449,text,first,seed-0,0.0
dclm,100k,6.449,text,last,seed-0,0.0
dclm,100k,6.449,text,max,seed-0,0.0
dclm,100k,6.449,text,min,seed-0,0.0
dclm,100k,6.449,text,stack,seed-0,0.0
dclm,100k,6.449,text,assoc,seed-0,0.0
dclm,100k,6.449,text,sum,seed-0,0.0
dclm,100k,6.449,text,reverse,seed-0,0.0
dclm,100k,6.449,text,cipher,seed-0,0.0
dclm,100k,6.449,word,classify-2,seed-0,0.0
dclm,100k,6.449,word,classify-4,seed-0,0.0
dclm,100k,6.449,word,lookup-4,seed-0,0.0
dclm,100k,6.449,word,word-reverse,seed-0,0.0
dclm,100k,12.891,raw,reverse,seed-0,0.00586
dclm,100k,12.891,raw,stack,seed-0,0.00781
dclm,100k,12.891,raw,assoc,seed-0,0.0
dclm,100k,12.891,raw,sum,seed-0,0.01562
dclm,100k,12.891,raw,max,seed-0,0.01562
dclm,100k,12.891,raw,min,seed-0,0.0
dclm,100k,12.891,raw,first,seed-0,0.01562
dclm,100k,12.891,raw,last,seed-0,0.01562
dclm,100k,12.891,text,first,seed-0,0.0
dclm,100k,12.891,text,last,seed-0,0.0
dclm,100k,12.891,text,max,seed-0,0.0
dclm,100k,12.891,text,min,seed-0,0.0
dclm,100k,12.891,text,stack,seed-0,0.0
dclm,100k,12.891,text,assoc,seed-0,0.0
dclm,100k,12.891,text,sum,seed-0,0.03125
dclm,100k,12.891,text,reverse,seed-0,0.0
dclm,100k,12.891,text,cipher,seed-0,0.0
dclm,100k,12.891,word,classify-2,seed-0,0.0
dclm,100k,12.891,word,classify-4,seed-0,0.0
dclm,100k,12.891,word,lookup-4,seed-0,0.0
dclm,100k,12.891,word,word-reverse,seed-0,0.0
dclm,100k,17.723,raw,reverse,seed-0,0.00391
dclm,100k,17.723,raw,stack,seed-0,0.0
dclm,100k,17.723,raw,assoc,seed-0,0.0
dclm,100k,17.723,raw,sum,seed-0,0.01562
dclm,100k,17.723,raw,max,seed-0,0.0
dclm,100k,17.723,raw,min,seed-0,0.01562
dclm,100k,17.723,raw,first,seed-0,0.01562
dclm,100k,17.723,raw,last,seed-0,0.01562
dclm,100k,17.723,text,first,seed-0,0.0
dclm,100k,17.723,text,last,seed-0,0.0
dclm,100k,17.723,text,max,seed-0,0.0
dclm,100k,17.723,text,min,seed-0,0.0
dclm,100k,17.723,text,stack,seed-0,0.0
dclm,100k,17.723,text,assoc,seed-0,0.0
dclm,100k,17.723,text,sum,seed-0,0.03125
dclm,100k,17.723,text,reverse,seed-0,0.0
dclm,100k,17.723,text,cipher,seed-0,0.0
dclm,100k,17.723,word,classify-2,seed-0,0.0
dclm,100k,17.723,word,classify-4,seed-0,0.0
dclm,100k,17.723,word,lookup-4,seed-0,0.0
dclm,100k,17.723,word,word-reverse,seed-0,0.0
dclm,1M,0.1,raw,reverse,seed-0,0.00195
dclm,1M,0.1,raw,reverse,seed-1,0.00098
dclm,1M,0.1,raw,stack,seed-0,0.00781
dclm,1M,0.1,raw,stack,seed-1,0.00781
dclm,1M,0.1,raw,assoc,seed-0,0.0
dclm,1M,0.1,raw,assoc,seed-1,0.0
dclm,1M,0.1,raw,sum,seed-0,0.0
dclm,1M,0.1,raw,sum,seed-1,0.0
dclm,1M,0.1,raw,max,seed-0,0.0
dclm,1M,0.1,raw,max,seed-1,0.0
dclm,1M,0.1,raw,min,seed-0,0.0
dclm,1M,0.1,raw,min,seed-1,0.01562
dclm,1M,0.1,raw,first,seed-0,0.01562
dclm,1M,0.1,raw,first,seed-1,0.03125
dclm,1M,0.1,raw,last,seed-0,0.01562
dclm,1M,0.1,raw,last,seed-1,0.03125
dclm,1M,0.1,text,first,seed-0,0.0
dclm,1M,0.1,text,first,seed-1,0.0
dclm,1M,0.1,text,last,seed-0,0.0
dclm,1M,0.1,text,last,seed-1,0.0
dclm,1M,0.1,text,max,seed-0,0.0
dclm,1M,0.1,text,max,seed-1,0.0
dclm,1M,0.1,text,min,seed-0,0.0
dclm,1M,0.1,text,min,seed-1,0.0
dclm,1M,0.1,text,stack,seed-0,0.0
dclm,1M,0.1,text,stack,seed-1,0.0
dclm,1M,0.1,text,assoc,seed-0,0.0
dclm,1M,0.1,text,assoc,seed-1,0.0
dclm,1M,0.1,text,sum,seed-0,0.0
dclm,1M,0.1,text,sum,seed-1,0.0
dclm,1M,0.1,text,reverse,seed-0,0.0
dclm,1M,0.1,text,reverse,seed-1,0.0
dclm,1M,0.1,text,cipher,seed-0,0.0
dclm,1M,0.1,text,cipher,seed-1,0.0
dclm,1M,0.1,word,classify-2,seed-1,0.0
dclm,1M,0.1,word,classify-2,seed-0,0.0
dclm,1M,0.1,word,classify-4,seed-1,0.0
dclm,1M,0.1,word,classify-4,seed-0,0.00781
dclm,1M,0.1,word,lookup-4,seed-1,0.0
dclm,1M,0.1,word,lookup-4,seed-0,0.00781
dclm,1M,0.1,word,word-reverse,seed-1,0.0
dclm,1M,0.1,word,word-reverse,seed-0,0.0
dclm,1M,0.25,raw,reverse,seed-0,0.00977
dclm,1M,0.25,raw,reverse,seed-1,0.00684
dclm,1M,0.25,raw,stack,seed-0,0.0
dclm,1M,0.25,raw,stack,seed-1,0.02344
dclm,1M,0.25,raw,assoc,seed-0,0.00781
dclm,1M,0.25,raw,assoc,seed-1,0.00781
dclm,1M,0.25,raw,sum,seed-0,0.0
dclm,1M,0.25,raw,sum,seed-1,0.0
dclm,1M,0.25,raw,max,seed-0,0.0
dclm,1M,0.25,raw,max,seed-1,0.01562
dclm,1M,0.25,raw,min,seed-0,0.0
dclm,1M,0.25,raw,min,seed-1,0.03125
dclm,1M,0.25,raw,first,seed-0,0.01562
dclm,1M,0.25,raw,first,seed-1,0.01562
dclm,1M,0.25,raw,last,seed-0,0.03125
dclm,1M,0.25,raw,last,seed-1,0.01562
dclm,1M,0.25,text,first,seed-0,0.0
dclm,1M,0.25,text,first,seed-1,0.0
dclm,1M,0.25,text,last,seed-0,0.0
dclm,1M,0.25,text,last,seed-1,0.0
dclm,1M,0.25,text,max,seed-0,0.0
dclm,1M,0.25,text,max,seed-1,0.0
dclm,1M,0.25,text,min,seed-0,0.0
dclm,1M,0.25,text,min,seed-1,0.0
dclm,1M,0.25,text,stack,seed-0,0.0
dclm,1M,0.25,text,stack,seed-1,0.0
dclm,1M,0.25,text,assoc,seed-0,0.0
dclm,1M,0.25,text,assoc,seed-1,0.0
dclm,1M,0.25,text,sum,seed-0,0.0
dclm,1M,0.25,text,sum,seed-1,0.0
dclm,1M,0.25,text,reverse,seed-0,0.0
dclm,1M,0.25,text,reverse,seed-1,0.0
dclm,1M,0.25,text,cipher,seed-0,0.0
dclm,1M,0.25,text,cipher,seed-1,0.0
dclm,1M,0.25,word,classify-2,seed-1,0.0
dclm,1M,0.25,word,classify-2,seed-0,0.0
dclm,1M,0.25,word,classify-4,seed-1,0.0
dclm,1M,0.25,word,classify-4,seed-0,0.0
dclm,1M,0.25,word,lookup-4,seed-1,0.0
dclm,1M,0.25,word,lookup-4,seed-0,0.0
dclm,1M,0.25,word,word-reverse,seed-1,0.0
dclm,1M,0.25,word,word-reverse,seed-0,0.0
dclm,1M,0.5,raw,reverse,seed-0,0.00879
dclm,1M,0.5,raw,reverse,seed-1,0.00586
dclm,1M,0.5,raw,stack,seed-0,0.00781
dclm,1M,0.5,raw,stack,seed-1,0.00781
dclm,1M,0.5,raw,assoc,seed-0,0.0
dclm,1M,0.5,raw,assoc,seed-1,0.0
dclm,1M,0.5,raw,sum,seed-0,0.0
dclm,1M,0.5,raw,sum,seed-1,0.0
dclm,1M,0.5,raw,max,seed-0,0.0
dclm,1M,0.5,raw,max,seed-1,0.01562
dclm,1M,0.5,raw,min,seed-0,0.01562
dclm,1M,0.5,raw,min,seed-1,0.01562
dclm,1M,0.5,raw,first,seed-0,0.03125
dclm,1M,0.5,raw,first,seed-1,0.0
dclm,1M,0.5,raw,last,seed-0,0.0
dclm,1M,0.5,raw,last,seed-1,0.01562
dclm,1M,0.5,text,first,seed-0,0.0
dclm,1M,0.5,text,first,seed-1,0.0
dclm,1M,0.5,text,last,seed-0,0.0
dclm,1M,0.5,text,last,seed-1,0.0
dclm,1M,0.5,text,max,seed-0,0.0
dclm,1M,0.5,text,max,seed-1,0.0
dclm,1M,0.5,text,min,seed-0,0.0
dclm,1M,0.5,text,min,seed-1,0.0
dclm,1M,0.5,text,stack,seed-0,0.0
dclm,1M,0.5,text,stack,seed-1,0.0
dclm,1M,0.5,text,assoc,seed-0,0.0
dclm,1M,0.5,text,assoc,seed-1,0.0
dclm,1M,0.5,text,sum,seed-0,0.00781
dclm,1M,0.5,text,sum,seed-1,0.0
dclm,1M,0.5,text,reverse,seed-0,0.0
dclm,1M,0.5,text,reverse,seed-1,0.0
dclm,1M,0.5,text,cipher,seed-0,0.0
dclm,1M,0.5,text,cipher,seed-1,0.0
dclm,1M,0.5,word,classify-2,seed-1,0.0
dclm,1M,0.5,word,classify-2,seed-0,0.0
dclm,1M,0.5,word,classify-4,seed-1,0.0
dclm,1M,0.5,word,classify-4,seed-0,0.0
dclm,1M,0.5,word,lookup-4,seed-1,0.0
dclm,1M,0.5,word,lookup-4,seed-0,0.0
dclm,1M,0.5,word,word-reverse,seed-1,0.0
dclm,1M,0.5,word,word-reverse,seed-0,0.0
dclm,1M,1.0,raw,reverse,seed-0,0.00586
dclm,1M,1.0,raw,reverse,seed-1,0.00391
dclm,1M,1.0,raw,stack,seed-0,0.00781
dclm,1M,1.0,raw,stack,seed-1,0.00781
dclm,1M,1.0,raw,assoc,seed-0,0.0
dclm,1M,1.0,raw,assoc,seed-1,0.0
dclm,1M,1.0,raw,sum,seed-0,0.0
dclm,1M,1.0,raw,sum,seed-1,0.0
dclm,1M,1.0,raw,max,seed-0,0.0
dclm,1M,1.0,raw,max,seed-1,0.0
dclm,1M,1.0,raw,min,seed-0,0.01562
dclm,1M,1.0,raw,min,seed-1,0.01562
dclm,1M,1.0,raw,first,seed-0,0.01562
dclm,1M,1.0,raw,first,seed-1,0.01562
dclm,1M,1.0,raw,last,seed-0,0.03125
dclm,1M,1.0,raw,last,seed-1,0.01562
dclm,1M,1.0,text,first,seed-0,0.0
dclm,1M,1.0,text,first,seed-1,0.0
dclm,1M,1.0,text,last,seed-0,0.0
dclm,1M,1.0,text,last,seed-1,0.0
dclm,1M,1.0,text,max,seed-0,0.0
dclm,1M,1.0,text,max,seed-1,0.0
dclm,1M,1.0,text,min,seed-0,0.0
dclm,1M,1.0,text,min,seed-1,0.0
dclm,1M,1.0,text,stack,seed-0,0.0
dclm,1M,1.0,text,stack,seed-1,0.0
dclm,1M,1.0,text,assoc,seed-0,0.0
dclm,1M,1.0,text,assoc,seed-1,0.0
dclm,1M,1.0,text,sum,seed-0,0.01562
dclm,1M,1.0,text,sum,seed-1,0.0
dclm,1M,1.0,text,reverse,seed-0,0.0
dclm,1M,1.0,text,reverse,seed-1,0.0
dclm,1M,1.0,text,cipher,seed-0,0.0
dclm,1M,1.0,text,cipher,seed-1,0.0
dclm,1M,1.0,word,classify-2,seed-1,0.0
dclm,1M,1.0,word,classify-2,seed-0,0.0
dclm,1M,1.0,word,classify-4,seed-1,0.0
dclm,1M,1.0,word,classify-4,seed-0,0.0
dclm,1M,1.0,word,lookup-4,seed-1,0.0
dclm,1M,1.0,word,lookup-4,seed-0,0.0
dclm,1M,1.0,word,word-reverse,seed-1,0.0
dclm,1M,1.0,word,word-reverse,seed-0,0.0
dclm,1M,1.617,raw,reverse,seed-0,0.00781
dclm,1M,1.617,raw,reverse,seed-1,0.00879
dclm,1M,1.617,raw,stack,seed-0,0.01562
dclm,1M,1.617,raw,stack,seed-1,0.0
dclm,1M,1.617,raw,assoc,seed-0,0.0
dclm,1M,1.617,raw,assoc,seed-1,0.0
dclm,1M,1.617,raw,sum,seed-0,0.0
dclm,1M,1.617,raw,sum,seed-1,0.0
dclm,1M,1.617,raw,max,seed-0,0.0
dclm,1M,1.617,raw,max,seed-1,0.0
dclm,1M,1.617,raw,min,seed-0,0.01562
dclm,1M,1.617,raw,min,seed-1,0.01562
dclm,1M,1.617,raw,first,seed-0,0.01562
dclm,1M,1.617,raw,first,seed-1,0.0
dclm,1M,1.617,raw,last,seed-0,0.01562
dclm,1M,1.617,raw,last,seed-1,0.01562
dclm,1M,1.617,text,first,seed-0,0.0
dclm,1M,1.617,text,first,seed-1,0.0
dclm,1M,1.617,text,last,seed-0,0.0
dclm,1M,1.617,text,last,seed-1,0.0
dclm,1M,1.617,text,max,seed-0,0.0
dclm,1M,1.617,text,max,seed-1,0.0
dclm,1M,1.617,text,min,seed-0,0.0
dclm,1M,1.617,text,min,seed-1,0.0
dclm,1M,1.617,text,stack,seed-0,0.01562
dclm,1M,1.617,text,stack,seed-1,0.00781
dclm,1M,1.617,text,assoc,seed-0,0.0
dclm,1M,1.617,text,assoc,seed-1,0.0
dclm,1M,1.617,text,sum,seed-0,0.0
dclm,1M,1.617,text,sum,seed-1,0.00781
dclm,1M,1.617,text,reverse,seed-0,0.0
dclm,1M,1.617,text,reverse,seed-1,0.0
dclm,1M,1.617,text,cipher,seed-0,0.0
dclm,1M,1.617,text,cipher,seed-1,0.0
dclm,1M,1.617,word,classify-2,seed-1,0.03906
dclm,1M,1.617,word,classify-2,seed-0,0.10938
dclm,1M,1.617,word,classify-4,seed-1,0.03906
dclm,1M,1.617,word,classify-4,seed-0,0.07812
dclm,1M,1.617,word,lookup-4,seed-1,0.03906
dclm,1M,1.617,word,lookup-4,seed-0,0.07031
dclm,1M,1.617,word,word-reverse,seed-1,0.0
dclm,1M,1.617,word,word-reverse,seed-0,0.0
dclm,1M,3.228,raw,reverse,seed-0,0.01367
dclm,1M,3.228,raw,reverse,seed-1,0.00879
dclm,1M,3.228,raw,stack,seed-0,0.01562
dclm,1M,3.228,raw,stack,seed-1,0.0
dclm,1M,3.228,raw,assoc,seed-0,0.07031
dclm,1M,3.228,raw,assoc,seed-1,0.00781
dclm,1M,3.228,raw,sum,seed-0,0.0
dclm,1M,3.228,raw,sum,seed-1,0.0
dclm,1M,3.228,raw,max,seed-0,0.0
dclm,1M,3.228,raw,max,seed-1,0.0
dclm,1M,3.228,raw,min,seed-0,0.03125
dclm,1M,3.228,raw,min,seed-1,0.01562
dclm,1M,3.228,raw,first,seed-0,0.03125
dclm,1M,3.228,raw,first,seed-1,0.0
dclm,1M,3.228,raw,last,seed-0,0.01562
dclm,1M,3.228,raw,last,seed-1,0.03125
dclm,1M,3.228,text,first,seed-0,0.10938
dclm,1M,3.228,text,first,seed-1,0.0
dclm,1M,3.228,text,last,seed-0,0.15625
dclm,1M,3.228,text,last,seed-1,0.0
dclm,1M,3.228,text,max,seed-0,0.16406
dclm,1M,3.228,text,max,seed-1,0.0
dclm,1M,3.228,text,min,seed-0,0.17188
dclm,1M,3.228,text,min,seed-1,0.0
dclm,1M,3.228,text,stack,seed-0,0.17969
dclm,1M,3.228,text,stack,seed-1,0.04688
dclm,1M,3.228,text,assoc,seed-0,0.3125
dclm,1M,3.228,text,assoc,seed-1,0.0
dclm,1M,3.228,text,sum,seed-0,0.00781
dclm,1M,3.228,text,sum,seed-1,0.0
dclm,1M,3.228,text,reverse,seed-0,0.0
dclm,1M,3.228,text,reverse,seed-1,0.0
dclm,1M,3.228,text,cipher,seed-0,0.0
dclm,1M,3.228,text,cipher,seed-1,0.0
dclm,1M,3.228,word,classify-2,seed-1,0.04688
dclm,1M,3.228,word,classify-2,seed-0,0.60156
dclm,1M,3.228,word,classify-4,seed-1,0.0
dclm,1M,3.228,word,classify-4,seed-0,0.33594
dclm,1M,3.228,word,lookup-4,seed-1,0.01562
dclm,1M,3.228,word,lookup-4,seed-0,0.51562
dclm,1M,3.228,word,word-reverse,seed-1,0.0
dclm,1M,3.228,word,word-reverse,seed-0,0.0
dclm,1M,6.449,raw,reverse,seed-0,0.01172
dclm,1M,6.449,raw,reverse,seed-1,0.00586
dclm,1M,6.449,raw,stack,seed-0,0.00781
dclm,1M,6.449,raw,stack,seed-1,0.00781
dclm,1M,6.449,raw,assoc,seed-0,0.15625
dclm,1M,6.449,raw,assoc,seed-1,0.17188
dclm,1M,6.449,raw,sum,seed-0,0.0
dclm,1M,6.449,raw,sum,seed-1,0.0
dclm,1M,6.449,raw,max,seed-0,0.01562
dclm,1M,6.449,raw,max,seed-1,0.0
dclm,1M,6.449,raw,min,seed-0,0.01562
dclm,1M,6.449,raw,min,seed-1,0.04688
dclm,1M,6.449,raw,first,seed-0,0.03125
dclm,1M,6.449,raw,first,seed-1,0.03125
dclm,1M,6.449,raw,last,seed-0,0.04688
dclm,1M,6.449,raw,last,seed-1,0.03125
dclm,1M,6.449,text,first,seed-0,0.17969
dclm,1M,6.449,text,first,seed-1,0.13281
dclm,1M,6.449,text,last,seed-0,0.22656
dclm,1M,6.449,text,last,seed-1,0.14844
dclm,1M,6.449,text,max,seed-0,0.17969
dclm,1M,6.449,text,max,seed-1,0.10156
dclm,1M,6.449,text,min,seed-0,0.17969
dclm,1M,6.449,text,min,seed-1,0.1875
dclm,1M,6.449,text,stack,seed-0,0.21094
dclm,1M,6.449,text,stack,seed-1,0.28125
dclm,1M,6.449,text,assoc,seed-0,0.5625
dclm,1M,6.449,text,assoc,seed-1,0.28125
dclm,1M,6.449,text,sum,seed-0,0.0
dclm,1M,6.449,text,sum,seed-1,0.00781
dclm,1M,6.449,text,reverse,seed-0,0.0
dclm,1M,6.449,text,reverse,seed-1,0.0
dclm,1M,6.449,text,cipher,seed-0,0.0
dclm,1M,6.449,text,cipher,seed-1,0.0
dclm,1M,6.449,word,classify-2,seed-1,0.57812
dclm,1M,6.449,word,classify-2,seed-0,0.54688
dclm,1M,6.449,word,classify-4,seed-1,0.3125
dclm,1M,6.449,word,classify-4,seed-0,0.33594
dclm,1M,6.449,word,lookup-4,seed-1,0.57031
dclm,1M,6.449,word,lookup-4,seed-0,0.58594
dclm,1M,6.449,word,word-reverse,seed-1,0.0
dclm,1M,6.449,word,word-reverse,seed-0,0.0
dclm,1M,12.891,raw,reverse,seed-0,0.00977
dclm,1M,12.891,raw,reverse,seed-1,0.00586
dclm,1M,12.891,raw,stack,seed-0,0.01562
dclm,1M,12.891,raw,stack,seed-1,0.03125
dclm,1M,12.891,raw,assoc,seed-0,0.125
dclm,1M,12.891,raw,assoc,seed-1,0.32031
dclm,1M,12.891,raw,sum,seed-0,0.0
dclm,1M,12.891,raw,sum,seed-1,0.0
dclm,1M,12.891,raw,max,seed-0,0.04688
dclm,1M,12.891,raw,max,seed-1,0.01562
dclm,1M,12.891,raw,min,seed-0,0.01562
dclm,1M,12.891,raw,min,seed-1,0.01562
dclm,1M,12.891,raw,first,seed-0,0.01562
dclm,1M,12.891,raw,first,seed-1,0.03125
dclm,1M,12.891,raw,last,seed-0,0.01562
dclm,1M,12.891,raw,last,seed-1,0.0625
dclm,1M,12.891,text,first,seed-0,0.10156
dclm,1M,12.891,text,first,seed-1,0.11719
dclm,1M,12.891,text,last,seed-0,0.14844
dclm,1M,12.891,text,last,seed-1,0.11719
dclm,1M,12.891,text,max,seed-0,0.11719
dclm,1M,12.891,text,max,seed-1,0.10156
dclm,1M,12.891,text,min,seed-0,0.17188
dclm,1M,12.891,text,min,seed-1,0.20312
dclm,1M,12.891,text,stack,seed-0,0.25
dclm,1M,12.891,text,stack,seed-1,0.33594
dclm,1M,12.891,text,assoc,seed-0,0.26562
dclm,1M,12.891,text,assoc,seed-1,0.39844
dclm,1M,12.891,text,sum,seed-0,0.00781
dclm,1M,12.891,text,sum,seed-1,0.00781
dclm,1M,12.891,text,reverse,seed-0,0.0
dclm,1M,12.891,text,reverse,seed-1,0.0
dclm,1M,12.891,text,cipher,seed-0,0.0
dclm,1M,12.891,text,cipher,seed-1,0.0
dclm,1M,12.891,word,classify-2,seed-1,0.5625
dclm,1M,12.891,word,classify-2,seed-0,0.53125
dclm,1M,12.891,word,classify-4,seed-1,0.32031
dclm,1M,12.891,word,classify-4,seed-0,0.35156
dclm,1M,12.891,word,lookup-4,seed-1,0.69531
dclm,1M,12.891,word,lookup-4,seed-0,0.6875
dclm,1M,12.891,word,word-reverse,seed-1,0.0
dclm,1M,12.891,word,word-reverse,seed-0,0.0
dclm,1M,17.723,raw,reverse,seed-0,0.00684
dclm,1M,17.723,raw,reverse,seed-1,0.00293
dclm,1M,17.723,raw,stack,seed-0,0.01562
dclm,1M,17.723,raw,stack,seed-1,0.00781
dclm,1M,17.723,raw,assoc,seed-0,0.13281
dclm,1M,17.723,raw,assoc,seed-1,0.33594
dclm,1M,17.723,raw,sum,seed-0,0.0
dclm,1M,17.723,raw,sum,seed-1,0.03125
dclm,1M,17.723,raw,max,seed-0,0.0
dclm,1M,17.723,raw,max,seed-1,0.0
dclm,1M,17.723,raw,min,seed-0,0.01562
dclm,1M,17.723,raw,min,seed-1,0.03125
dclm,1M,17.723,raw,first,seed-0,0.0
dclm,1M,17.723,raw,first,seed-1,0.03125
dclm,1M,17.723,raw,last,seed-0,0.01562
dclm,1M,17.723,raw,last,seed-1,0.03125
dclm,1M,17.723,text,first,seed-0,0.15625
dclm,1M,17.723,text,first,seed-1,0.05469
dclm,1M,17.723,text,last,seed-0,0.21094
dclm,1M,17.723,text,last,seed-1,0.14844
dclm,1M,17.723,text,max,seed-0,0.15625
dclm,1M,17.723,text,max,seed-1,0.08594
dclm,1M,17.723,text,min,seed-0,0.20312
dclm,1M,17.723,text,min,seed-1,0.14062
dclm,1M,17.723,text,stack,seed-0,0.29688
dclm,1M,17.723,text,stack,seed-1,0.27344
dclm,1M,17.723,text,assoc,seed-0,0.51562
dclm,1M,17.723,text,assoc,seed-1,0.44531
dclm,1M,17.723,text,sum,seed-0,0.0
dclm,1M,17.723,text,sum,seed-1,0.01562
dclm,1M,17.723,text,reverse,seed-0,0.0
dclm,1M,17.723,text,reverse,seed-1,0.0
dclm,1M,17.723,text,cipher,seed-0,0.0
dclm,1M,17.723,text,cipher,seed-1,0.0
dclm,1M,17.723,word,classify-2,seed-1,0.57812
dclm,1M,17.723,word,classify-2,seed-0,0.51562
dclm,1M,17.723,word,classify-4,seed-1,0.30469
dclm,1M,17.723,word,classify-4,seed-0,0.33594
dclm,1M,17.723,word,lookup-4,seed-1,0.6875
dclm,1M,17.723,word,lookup-4,seed-0,0.67188
dclm,1M,17.723,word,word-reverse,seed-1,0.0
dclm,1M,17.723,word,word-reverse,seed-0,0.0
dclm,24M,0.1,raw,reverse,seed-0,0.00488
dclm,24M,0.1,raw,stack,seed-0,0.01562
dclm,24M,0.1,raw,assoc,seed-0,0.0
dclm,24M,0.1,raw,sum,seed-0,0.0
dclm,24M,0.1,raw,max,seed-0,0.0
dclm,24M,0.1,raw,min,seed-0,0.01562
dclm,24M,0.1,raw,first,seed-0,0.01562
dclm,24M,0.1,raw,last,seed-0,0.03125
dclm,24M,0.1,text,first,seed-0,0.0
dclm,24M,0.1,text,last,seed-0,0.0
dclm,24M,0.1,text,max,seed-0,0.0
dclm,24M,0.1,text,min,seed-0,0.0
dclm,24M,0.1,text,stack,seed-0,0.0
dclm,24M,0.1,text,assoc,seed-0,0.0
dclm,24M,0.1,text,sum,seed-0,0.0
dclm,24M,0.1,text,reverse,seed-0,0.0
dclm,24M,0.1,text,cipher,seed-0,0.0
dclm,24M,0.1,word,classify-2,seed-0,0.0
dclm,24M,0.1,word,classify-4,seed-0,0.0
dclm,24M,0.1,word,lookup-4,seed-0,0.0
dclm,24M,0.1,word,word-reverse,seed-0,0.0
dclm,24M,0.25,raw,reverse,seed-0,0.00879
dclm,24M,0.25,raw,stack,seed-0,0.00781
dclm,24M,0.25,raw,assoc,seed-0,0.0
dclm,24M,0.25,raw,sum,seed-0,0.0
dclm,24M,0.25,raw,max,seed-0,0.01562
dclm,24M,0.25,raw,min,seed-0,0.03125
dclm,24M,0.25,raw,first,seed-0,0.0
dclm,24M,0.25,raw,last,seed-0,0.03125
dclm,24M,0.25,text,first,seed-0,0.0
dclm,24M,0.25,text,last,seed-0,0.0
dclm,24M,0.25,text,max,seed-0,0.0
dclm,24M,0.25,text,min,seed-0,0.0
dclm,24M,0.25,text,stack,seed-0,0.0
dclm,24M,0.25,text,assoc,seed-0,0.0
dclm,24M,0.25,text,sum,seed-0,0.0
dclm,24M,0.25,text,reverse,seed-0,0.0
dclm,24M,0.25,text,cipher,seed-0,0.0
dclm,24M,0.25,word,classify-2,seed-0,0.00781
dclm,24M,0.25,word,classify-4,seed-0,0.0
dclm,24M,0.25,word,lookup-4,seed-0,0.0
dclm,24M,0.25,word,word-reverse,seed-0,0.0
dclm,24M,0.5,raw,reverse,seed-0,0.00586
dclm,24M,0.5,raw,stack,seed-0,0.00781
dclm,24M,0.5,raw,assoc,seed-0,0.04688
dclm,24M,0.5,raw,sum,seed-0,0.0
dclm,24M,0.5,raw,max,seed-0,0.01562
dclm,24M,0.5,raw,min,seed-0,0.03125
dclm,24M,0.5,raw,first,seed-0,0.03125
dclm,24M,0.5,raw,last,seed-0,0.03125
dclm,24M,0.5,text,first,seed-0,0.17969
dclm,24M,0.5,text,last,seed-0,0.21094
dclm,24M,0.5,text,max,seed-0,0.17188
dclm,24M,0.5,text,min,seed-0,0.21875
dclm,24M,0.5,text,stack,seed-0,0.17188
dclm,24M,0.5,text,assoc,seed-0,0.78125
dclm,24M,0.5,text,sum,seed-0,0.0
dclm,24M,0.5,text,reverse,seed-0,0.0
dclm,24M,0.5,text,cipher,seed-0,0.0
dclm,24M,0.5,word,classify-2,seed-0,0.57812
dclm,24M,0.5,word,classify-4,seed-0,0.36719
dclm,24M,0.5,word,lookup-4,seed-0,0.75781
dclm,24M,0.5,word,word-reverse,seed-0,0.0
dclm,24M,1.0,raw,reverse,seed-0,0.00488
dclm,24M,1.0,raw,stack,seed-0,0.01562
dclm,24M,1.0,raw,assoc,seed-0,0.26562
dclm,24M,1.0,raw,sum,seed-0,0.0
dclm,24M,1.0,raw,max,seed-0,0.01562
dclm,24M,1.0,raw,min,seed-0,0.0625
dclm,24M,1.0,raw,first,seed-0,0.01562
dclm,24M,1.0,raw,last,seed-0,0.03125
dclm,24M,1.0,text,first,seed-0,0.20312
dclm,24M,1.0,text,last,seed-0,0.1875
dclm,24M,1.0,text,max,seed-0,0.21094
dclm,24M,1.0,text,min,seed-0,0.27344
dclm,24M,1.0,text,stack,seed-0,0.26562
dclm,24M,1.0,text,assoc,seed-0,0.78906
dclm,24M,1.0,text,sum,seed-0,0.01562
dclm,24M,1.0,text,reverse,seed-0,0.0
dclm,24M,1.0,text,cipher,seed-0,0.0
dclm,24M,1.0,word,classify-2,seed-0,0.69531
dclm,24M,1.0,word,classify-4,seed-0,0.42969
dclm,24M,1.0,word,lookup-4,seed-0,0.8125
dclm,24M,1.0,word,word-reverse,seed-0,0.0
dclm,24M,1.617,raw,reverse,seed-0,0.00879
dclm,24M,1.617,raw,stack,seed-0,0.01562
dclm,24M,1.617,raw,assoc,seed-0,0.42188
dclm,24M,1.617,raw,sum,seed-0,0.0
dclm,24M,1.617,raw,max,seed-0,0.01562
dclm,24M,1.617,raw,min,seed-0,0.03125
dclm,24M,1.617,raw,first,seed-0,0.01562
dclm,24M,1.617,raw,last,seed-0,0.04688
dclm,24M,1.617,text,first,seed-0,0.19531
dclm,24M,1.617,text,last,seed-0,0.21094
dclm,24M,1.617,text,max,seed-0,0.20312
dclm,24M,1.617,text,min,seed-0,0.26562
dclm,24M,1.617,text,stack,seed-0,0.32812
dclm,24M,1.617,text,assoc,seed-0,0.72656
dclm,24M,1.617,text,sum,seed-0,0.01562
dclm,24M,1.617,text,reverse,seed-0,0.0
dclm,24M,1.617,text,cipher,seed-0,0.0
dclm,24M,1.617,word,classify-2,seed-0,0.61719
dclm,24M,1.617,word,classify-4,seed-0,0.34375
dclm,24M,1.617,word,lookup-4,seed-0,0.77344
dclm,24M,1.617,word,word-reverse,seed-0,0.0
dclm,24M,3.228,raw,reverse,seed-0,0.00977
dclm,24M,3.228,raw,stack,seed-0,0.0
dclm,24M,3.228,raw,assoc,seed-0,0.32031
dclm,24M,3.228,raw,sum,seed-0,0.0
dclm,24M,3.228,raw,max,seed-0,0.0
dclm,24M,3.228,raw,min,seed-0,0.01562
dclm,24M,3.228,raw,first,seed-0,0.01562
dclm,24M,3.228,raw,last,seed-0,0.0625
dclm,24M,3.228,text,first,seed-0,0.17969
dclm,24M,3.228,text,last,seed-0,0.1875
dclm,24M,3.228,text,max,seed-0,0.14844
dclm,24M,3.228,text,min,seed-0,0.25781
dclm,24M,3.228,text,stack,seed-0,0.21875
dclm,24M,3.228,text,assoc,seed-0,0.67969
dclm,24M,3.228,text,sum,seed-0,0.0
dclm,24M,3.228,text,reverse,seed-0,0.0
dclm,24M,3.228,text,cipher,seed-0,0.0
dclm,24M,3.228,word,classify-2,seed-0,0.64062
dclm,24M,3.228,word,classify-4,seed-0,0.47656
dclm,24M,3.228,word,lookup-4,seed-0,0.79688
dclm,24M,3.228,word,word-reverse,seed-0,0.0
dclm,24M,6.449,raw,reverse,seed-0,0.00391
dclm,24M,6.449,raw,stack,seed-0,0.01562
dclm,24M,6.449,raw,assoc,seed-0,0.32031
dclm,24M,6.449,raw,sum,seed-0,0.0
dclm,24M,6.449,raw,max,seed-0,0.0
dclm,24M,6.449,raw,min,seed-0,0.01562
dclm,24M,6.449,raw,first,seed-0,0.04688
dclm,24M,6.449,raw,last,seed-0,0.04688
dclm,24M,6.449,text,first,seed-0,0.23438
dclm,24M,6.449,text,last,seed-0,0.1875
dclm,24M,6.449,text,max,seed-0,0.14844
dclm,24M,6.449,text,min,seed-0,0.23438
dclm,24M,6.449,text,stack,seed-0,0.125
dclm,24M,6.449,text,assoc,seed-0,0.53906
dclm,24M,6.449,text,sum,seed-0,0.01562
dclm,24M,6.449,text,reverse,seed-0,0.0
dclm,24M,6.449,text,cipher,seed-0,0.0
dclm,24M,6.449,word,classify-2,seed-0,0.73438
dclm,24M,6.449,word,classify-4,seed-0,0.49219
dclm,24M,6.449,word,lookup-4,seed-0,0.77344
dclm,24M,6.449,word,word-reverse,seed-0,0.0
dclm,24M,12.891,raw,reverse,seed-0,0.00879
dclm,24M,12.891,raw,stack,seed-0,0.03906
dclm,24M,12.891,raw,assoc,seed-0,0.42969
dclm,24M,12.891,raw,sum,seed-0,0.01562
dclm,24M,12.891,raw,max,seed-0,0.01562
dclm,24M,12.891,raw,min,seed-0,0.0625
dclm,24M,12.891,raw,first,seed-0,0.01562
dclm,24M,12.891,raw,last,seed-0,0.04688
dclm,24M,12.891,text,first,seed-0,0.16406
dclm,24M,12.891,text,last,seed-0,0.14062
dclm,24M,12.891,text,max,seed-0,0.19531
dclm,24M,12.891,text,min,seed-0,0.25
dclm,24M,12.891,text,stack,seed-0,0.27344
dclm,24M,12.891,text,assoc,seed-0,0.67188
dclm,24M,12.891,text,sum,seed-0,0.0
dclm,24M,12.891,text,reverse,seed-0,0.0
dclm,24M,12.891,text,cipher,seed-0,0.0
dclm,24M,12.891,word,classify-2,seed-0,0.75
dclm,24M,12.891,word,classify-4,seed-0,0.51562
dclm,24M,12.891,word,lookup-4,seed-0,0.74219
dclm,24M,12.891,word,word-reverse,seed-0,0.0
dclm,24M,17.723,raw,reverse,seed-0,0.00391
dclm,24M,17.723,raw,stack,seed-0,0.0
dclm,24M,17.723,raw,assoc,seed-0,0.38281
dclm,24M,17.723,raw,sum,seed-0,0.0
dclm,24M,17.723,raw,max,seed-0,0.01562
dclm,24M,17.723,raw,min,seed-0,0.03125
dclm,24M,17.723,raw,first,seed-0,0.03125
dclm,24M,17.723,raw,last,seed-0,0.04688
dclm,24M,17.723,text,first,seed-0,0.1875
dclm,24M,17.723,text,last,seed-0,0.17969
dclm,24M,17.723,text,max,seed-0,0.16406
dclm,24M,17.723,text,min,seed-0,0.17969
dclm,24M,17.723,text,stack,seed-0,0.11719
dclm,24M,17.723,text,assoc,seed-0,0.53125
dclm,24M,17.723,text,sum,seed-0,0.00781
dclm,24M,17.723,text,reverse,seed-0,0.0
dclm,24M,17.723,text,cipher,seed-0,0.0
dclm,24M,17.723,word,classify-2,seed-0,0.75
dclm,24M,17.723,word,classify-4,seed-0,0.52344
dclm,24M,17.723,word,lookup-4,seed-0,0.78125
dclm,24M,17.723,word,word-reverse,seed-0,0.0
dclm,3M,0.1,raw,reverse,seed-0,0.00781
dclm,3M,0.1,raw,reverse,seed-1,0.00586
dclm,3M,0.1,raw,stack,seed-0,0.01562
dclm,3M,0.1,raw,stack,seed-1,0.00781
dclm,3M,0.1,raw,assoc,seed-0,0.00781
dclm,3M,0.1,raw,assoc,seed-1,0.00781
dclm,3M,0.1,raw,sum,seed-0,0.0
dclm,3M,0.1,raw,sum,seed-1,0.01562
dclm,3M,0.1,raw,max,seed-0,0.0
dclm,3M,0.1,raw,max,seed-1,0.0
dclm,3M,0.1,raw,min,seed-0,0.01562
dclm,3M,0.1,raw,min,seed-1,0.03125
dclm,3M,0.1,raw,first,seed-0,0.03125
dclm,3M,0.1,raw,first,seed-1,0.0
dclm,3M,0.1,raw,last,seed-0,0.01562
dclm,3M,0.1,raw,last,seed-1,0.01562
dclm,3M,0.1,text,first,seed-0,0.03906
dclm,3M,0.1,text,first,seed-1,0.0
dclm,3M,0.1,text,last,seed-0,0.0
dclm,3M,0.1,text,last,seed-1,0.0
dclm,3M,0.1,text,max,seed-0,0.0
dclm,3M,0.1,text,max,seed-1,0.0
dclm,3M,0.1,text,min,seed-0,0.00781
dclm,3M,0.1,text,min,seed-1,0.0
dclm,3M,0.1,text,stack,seed-0,0.0
dclm,3M,0.1,text,stack,seed-1,0.00781
dclm,3M,0.1,text,assoc,seed-0,0.00781
dclm,3M,0.1,text,assoc,seed-1,0.0
dclm,3M,0.1,text,sum,seed-0,0.0
dclm,3M,0.1,text,sum,seed-1,0.0
dclm,3M,0.1,text,reverse,seed-0,0.0
dclm,3M,0.1,text,reverse,seed-1,0.0
dclm,3M,0.1,text,cipher,seed-0,0.0
dclm,3M,0.1,text,cipher,seed-1,0.0
dclm,3M,0.1,word,classify-2,seed-1,0.0
dclm,3M,0.1,word,classify-2,seed-0,0.01562
dclm,3M,0.1,word,classify-4,seed-1,0.0
dclm,3M,0.1,word,classify-4,seed-0,0.01562
dclm,3M,0.1,word,lookup-4,seed-1,0.0
dclm,3M,0.1,word,lookup-4,seed-0,0.0
dclm,3M,0.1,word,word-reverse,seed-1,0.0
dclm,3M,0.1,word,word-reverse,seed-0,0.0
dclm,3M,0.25,raw,reverse,seed-0,0.00391
dclm,3M,0.25,raw,reverse,seed-1,0.01074
dclm,3M,0.25,raw,stack,seed-0,0.00781
dclm,3M,0.25,raw,stack,seed-1,0.00781
dclm,3M,0.25,raw,assoc,seed-0,0.0
dclm,3M,0.25,raw,assoc,seed-1,0.0
dclm,3M,0.25,raw,sum,seed-0,0.0
dclm,3M,0.25,raw,sum,seed-1,0.0
dclm,3M,0.25,raw,max,seed-0,0.01562
dclm,3M,0.25,raw,max,seed-1,0.01562
dclm,3M,0.25,raw,min,seed-0,0.01562
dclm,3M,0.25,raw,min,seed-1,0.01562
dclm,3M,0.25,raw,first,seed-0,0.03125
dclm,3M,0.25,raw,first,seed-1,0.01562
dclm,3M,0.25,raw,last,seed-0,0.03125
dclm,3M,0.25,raw,last,seed-1,0.03125
dclm,3M,0.25,text,first,seed-0,0.00781
dclm,3M,0.25,text,first,seed-1,0.0
dclm,3M,0.25,text,last,seed-0,0.0
dclm,3M,0.25,text,last,seed-1,0.0
dclm,3M,0.25,text,max,seed-0,0.0
dclm,3M,0.25,text,max,seed-1,0.0
dclm,3M,0.25,text,min,seed-0,0.0
dclm,3M,0.25,text,min,seed-1,0.0
dclm,3M,0.25,text,stack,seed-0,0.0
dclm,3M,0.25,text,stack,seed-1,0.0
dclm,3M,0.25,text,assoc,seed-0,0.00781
dclm,3M,0.25,text,assoc,seed-1,0.0
dclm,3M,0.25,text,sum,seed-0,0.0
dclm,3M,0.25,text,sum,seed-1,0.0
dclm,3M,0.25,text,reverse,seed-0,0.0
dclm,3M,0.25,text,reverse,seed-1,0.0
dclm,3M,0.25,text,cipher,seed-0,0.0
dclm,3M,0.25,text,cipher,seed-1,0.0
dclm,3M,0.25,word,classify-2,seed-1,0.0
dclm,3M,0.25,word,classify-2,seed-0,0.01562
dclm,3M,0.25,word,classify-4,seed-1,0.0
dclm,3M,0.25,word,classify-4,seed-0,0.00781
dclm,3M,0.25,word,lookup-4,seed-1,0.0
dclm,3M,0.25,word,lookup-4,seed-0,0.0
dclm,3M,0.25,word,word-reverse,seed-1,0.0
dclm,3M,0.25,word,word-reverse,seed-0,0.0
dclm,3M,0.5,raw,reverse,seed-0,0.01562
dclm,3M,0.5,raw,reverse,seed-1,0.00977
dclm,3M,0.5,raw,stack,seed-0,0.0
dclm,3M,0.5,raw,stack,seed-1,0.0
dclm,3M,0.5,raw,assoc,seed-0,0.0
dclm,3M,0.5,raw,assoc,seed-1,0.0
dclm,3M,0.5,raw,sum,seed-0,0.0
dclm,3M,0.5,raw,sum,seed-1,0.0
dclm,3M,0.5,raw,max,seed-0,0.03125
dclm,3M,0.5,raw,max,seed-1,0.0
dclm,3M,0.5,raw,min,seed-0,0.03125
dclm,3M,0.5,raw,min,seed-1,0.01562
dclm,3M,0.5,raw,first,seed-0,0.01562
dclm,3M,0.5,raw,first,seed-1,0.01562
dclm,3M,0.5,raw,last,seed-0,0.03125
dclm,3M,0.5,raw,last,seed-1,0.03125
dclm,3M,0.5,text,first,seed-0,0.00781
dclm,3M,0.5,text,first,seed-1,0.0
dclm,3M,0.5,text,last,seed-0,0.01562
dclm,3M,0.5,text,last,seed-1,0.0
dclm,3M,0.5,text,max,seed-0,0.00781
dclm,3M,0.5,text,max,seed-1,0.0
dclm,3M,0.5,text,min,seed-0,0.0
dclm,3M,0.5,text,min,seed-1,0.0
dclm,3M,0.5,text,stack,seed-0,0.02344
dclm,3M,0.5,text,stack,seed-1,0.00781
dclm,3M,0.5,text,assoc,seed-0,0.0
dclm,3M,0.5,text,assoc,seed-1,0.0
dclm,3M,0.5,text,sum,seed-0,0.0
dclm,3M,0.5,text,sum,seed-1,0.0
dclm,3M,0.5,text,reverse,seed-0,0.0
dclm,3M,0.5,text,reverse,seed-1,0.0
dclm,3M,0.5,text,cipher,seed-0,0.0
dclm,3M,0.5,text,cipher,seed-1,0.0
dclm,3M,0.5,word,classify-2,seed-1,0.0
dclm,3M,0.5,word,classify-2,seed-0,0.0
dclm,3M,0.5,word,classify-4,seed-1,0.00781
dclm,3M,0.5,word,classify-4,seed-0,0.0
dclm,3M,0.5,word,lookup-4,seed-1,0.00781
dclm,3M,0.5,word,lookup-4,seed-0,0.00781
dclm,3M,0.5,word,word-reverse,seed-1,0.0
dclm,3M,0.5,word,word-reverse,seed-0,0.0
dclm,3M,1.0,raw,reverse,seed-0,0.00586
dclm,3M,1.0,raw,reverse,seed-1,0.00879
dclm,3M,1.0,raw,stack,seed-0,0.00781
dclm,3M,1.0,raw,stack,seed-1,0.01562
dclm,3M,1.0,raw,assoc,seed-0,0.0625
dclm,3M,1.0,raw,assoc,seed-1,0.13281
dclm,3M,1.0,raw,sum,seed-0,0.0
dclm,3M,1.0,raw,sum,seed-1,0.0
dclm,3M,1.0,raw,max,seed-0,0.0
dclm,3M,1.0,raw,max,seed-1,0.0
dclm,3M,1.0,raw,min,seed-0,0.0625
dclm,3M,1.0,raw,min,seed-1,0.01562
dclm,3M,1.0,raw,first,seed-0,0.01562
dclm,3M,1.0,raw,first,seed-1,0.03125
dclm,3M,1.0,raw,last,seed-0,0.03125
dclm,3M,1.0,raw,last,seed-1,0.04688
dclm,3M,1.0,text,first,seed-0,0.00781
dclm,3M,1.0,text,first,seed-1,0.07812
dclm,3M,1.0,text,last,seed-0,0.01562
dclm,3M,1.0,text,last,seed-1,0.03906
dclm,3M,1.0,text,max,seed-0,0.0
dclm,3M,1.0,text,max,seed-1,0.01562
dclm,3M,1.0,text,min,seed-0,0.01562
dclm,3M,1.0,text,min,seed-1,0.08594
dclm,3M,1.0,text,stack,seed-0,0.15625
dclm,3M,1.0,text,stack,seed-1,0.15625
dclm,3M,1.0,text,assoc,seed-0,0.10938
dclm,3M,1.0,text,assoc,seed-1,0.14844
dclm,3M,1.0,text,sum,seed-0,0.00781
dclm,3M,1.0,text,sum,seed-1,0.0
dclm,3M,1.0,text,reverse,seed-0,0.0
dclm,3M,1.0,text,reverse,seed-1,0.0
dclm,3M,1.0,text,cipher,seed-0,0.0
dclm,3M,1.0,text,cipher,seed-1,0.0
dclm,3M,1.0,word,classify-2,seed-1,0.5
dclm,3M,1.0,word,classify-2,seed-0,0.32031
dclm,3M,1.0,word,classify-4,seed-1,0.20312
dclm,3M,1.0,word,classify-4,seed-0,0.13281
dclm,3M,1.0,word,lookup-4,seed-1,0.25781
dclm,3M,1.0,word,lookup-4,seed-0,0.3125
dclm,3M,1.0,word,word-reverse,seed-1,0.0
dclm,3M,1.0,word,word-reverse,seed-0,0.0
dclm,3M,1.617,raw,reverse,seed-0,0.00586
dclm,3M,1.617,raw,reverse,seed-1,0.01074
dclm,3M,1.617,raw,stack,seed-0,0.00781
dclm,3M,1.617,raw,stack,seed-1,0.00781
dclm,3M,1.617,raw,assoc,seed-0,0.21094
dclm,3M,1.617,raw,assoc,seed-1,0.25
dclm,3M,1.617,raw,sum,seed-0,0.0
dclm,3M,1.617,raw,sum,seed-1,0.0
dclm,3M,1.617,raw,max,seed-0,0.03125
dclm,3M,1.617,raw,max,seed-1,0.01562
dclm,3M,1.617,raw,min,seed-0,0.04688
dclm,3M,1.617,raw,min,seed-1,0.0
dclm,3M,1.617,raw,first,seed-0,0.03125
dclm,3M,1.617,raw,first,seed-1,0.0
dclm,3M,1.617,raw,last,seed-0,0.01562
dclm,3M,1.617,raw,last,seed-1,0.04688
dclm,3M,1.617,text,first,seed-0,0.09375
dclm,3M,1.617,text,first,seed-1,0.09375
dclm,3M,1.617,text,last,seed-0,0.28125
dclm,3M,1.617,text,last,seed-1,0.07031
dclm,3M,1.617,text,max,seed-0,0.17188
dclm,3M,1.617,text,max,seed-1,0.03125
dclm,3M,1.617,text,min,seed-0,0.23438
dclm,3M,1.617,text,min,seed-1,0.13281
dclm,3M,1.617,text,stack,seed-0,0.25781
dclm,3M,1.617,text,stack,seed-1,0.15625
dclm,3M,1.617,text,assoc,seed-0,0.57031
dclm,3M,1.617,text,assoc,seed-1,0.46875
dclm,3M,1.617,text,sum,seed-0,0.00781
dclm,3M,1.617,text,sum,seed-1,0.0
dclm,3M,1.617,text,reverse,seed-0,0.0
dclm,3M,1.617,text,reverse,seed-1,0.0
dclm,3M,1.617,text,cipher,seed-0,0.0
dclm,3M,1.617,text,cipher,seed-1,0.0
dclm,3M,1.617,word,classify-2,seed-1,0.61719
dclm,3M,1.617,word,classify-2,seed-0,0.51562
dclm,3M,1.617,word,classify-4,seed-1,0.21094
dclm,3M,1.617,word,classify-4,seed-0,0.3125
dclm,3M,1.617,word,lookup-4,seed-1,0.45312
dclm,3M,1.617,word,lookup-4,seed-0,0.71875
dclm,3M,1.617,word,word-reverse,seed-1,0.0
dclm,3M,1.617,word,word-reverse,seed-0,0.0
dclm,3M,3.228,raw,reverse,seed-0,0.00488
dclm,3M,3.228,raw,reverse,seed-1,0.01172
dclm,3M,3.228,raw,stack,seed-0,0.01562
dclm,3M,3.228,raw,stack,seed-1,0.00781
dclm,3M,3.228,raw,assoc,seed-0,0.24219
dclm,3M,3.228,raw,assoc,seed-1,0.26562
dclm,3M,3.228,raw,sum,seed-0,0.0
dclm,3M,3.228,raw,sum,seed-1,0.0
dclm,3M,3.228,raw,max,seed-0,0.0
dclm,3M,3.228,raw,max,seed-1,0.01562
dclm,3M,3.228,raw,min,seed-0,0.0625
dclm,3M,3.228,raw,min,seed-1,0.01562
dclm,3M,3.228,raw,first,seed-0,0.03125
dclm,3M,3.228,raw,first,seed-1,0.03125
dclm,3M,3.228,raw,last,seed-0,0.01562
dclm,3M,3.228,raw,last,seed-1,0.04688
dclm,3M,3.228,text,first,seed-0,0.10156
dclm,3M,3.228,text,first,seed-1,0.11719
dclm,3M,3.228,text,last,seed-0,0.20312
dclm,3M,3.228,text,last,seed-1,0.11719
dclm,3M,3.228,text,max,seed-0,0.17969
dclm,3M,3.228,text,max,seed-1,0.07031
dclm,3M,3.228,text,min,seed-0,0.29688
dclm,3M,3.228,text,min,seed-1,0.1875
dclm,3M,3.228,text,stack,seed-0,0.32031
dclm,3M,3.228,text,stack,seed-1,0.25781
dclm,3M,3.228,text,assoc,seed-0,0.5
dclm,3M,3.228,text,assoc,seed-1,0.50781
dclm,3M,3.228,text,sum,seed-0,0.01562
dclm,3M,3.228,text,sum,seed-1,0.00781
dclm,3M,3.228,text,reverse,seed-0,0.0
dclm,3M,3.228,text,reverse,seed-1,0.0
dclm,3M,3.228,text,cipher,seed-0,0.0
dclm,3M,3.228,text,cipher,seed-1,0.0
dclm,3M,3.228,word,classify-2,seed-1,0.53906
dclm,3M,3.228,word,classify-2,seed-0,0.57812
dclm,3M,3.228,word,classify-4,seed-1,0.3125
dclm,3M,3.228,word,classify-4,seed-0,0.35938
dclm,3M,3.228,word,lookup-4,seed-1,0.54688
dclm,3M,3.228,word,lookup-4,seed-0,0.79688
dclm,3M,3.228,word,word-reverse,seed-1,0.0
dclm,3M,3.228,word,word-reverse,seed-0,0.0
dclm,3M,6.449,raw,reverse,seed-0,0.00879
dclm,3M,6.449,raw,reverse,seed-1,0.01172
dclm,3M,6.449,raw,stack,seed-0,0.02344
dclm,3M,6.449,raw,stack,seed-1,0.00781
dclm,3M,6.449,raw,assoc,seed-0,0.28906
dclm,3M,6.449,raw,assoc,seed-1,0.26562
dclm,3M,6.449,raw,sum,seed-0,0.0
dclm,3M,6.449,raw,sum,seed-1,0.0
dclm,3M,6.449,raw,max,seed-0,0.01562
dclm,3M,6.449,raw,max,seed-1,0.0
dclm,3M,6.449,raw,min,seed-0,0.04688
dclm,3M,6.449,raw,min,seed-1,0.03125
dclm,3M,6.449,raw,first,seed-0,0.01562
dclm,3M,6.449,raw,first,seed-1,0.0
dclm,3M,6.449,raw,last,seed-0,0.01562
dclm,3M,6.449,raw,last,seed-1,0.01562
dclm,3M,6.449,text,first,seed-0,0.13281
dclm,3M,6.449,text,first,seed-1,0.125
dclm,3M,6.449,text,last,seed-0,0.21094
dclm,3M,6.449,text,last,seed-1,0.11719
dclm,3M,6.449,text,max,seed-0,0.15625
dclm,3M,6.449,text,max,seed-1,0.07812
dclm,3M,6.449,text,min,seed-0,0.22656
dclm,3M,6.449,text,min,seed-1,0.10156
dclm,3M,6.449,text,stack,seed-0,0.22656
dclm,3M,6.449,text,stack,seed-1,0.21094
dclm,3M,6.449,text,assoc,seed-0,0.63281
dclm,3M,6.449,text,assoc,seed-1,0.375
dclm,3M,6.449,text,sum,seed-0,0.0
dclm,3M,6.449,text,sum,seed-1,0.00781
dclm,3M,6.449,text,reverse,seed-0,0.0
dclm,3M,6.449,text,reverse,seed-1,0.0
dclm,3M,6.449,text,cipher,seed-0,0.0
dclm,3M,6.449,text,cipher,seed-1,0.0
dclm,3M,6.449,word,classify-2,seed-1,0.5625
dclm,3M,6.449,word,classify-2,seed-0,0.67969
dclm,3M,6.449,word,classify-4,seed-1,0.26562
dclm,3M,6.449,word,classify-4,seed-0,0.40625
dclm,3M,6.449,word,lookup-4,seed-1,0.49219
dclm,3M,6.449,word,lookup-4,seed-0,0.82031
dclm,3M,6.449,word,word-reverse,seed-1,0.0
dclm,3M,6.449,word,word-reverse,seed-0,0.0
dclm,3M,12.891,raw,reverse,seed-0,0.00781
dclm,3M,12.891,raw,reverse,seed-1,0.0127
dclm,3M,12.891,raw,stack,seed-0,0.00781
dclm,3M,12.891,raw,stack,seed-1,0.00781
dclm,3M,12.891,raw,assoc,seed-0,0.33594
dclm,3M,12.891,raw,assoc,seed-1,0.28125
dclm,3M,12.891,raw,sum,seed-0,0.0
dclm,3M,12.891,raw,sum,seed-1,0.0
dclm,3M,12.891,raw,max,seed-0,0.0
dclm,3M,12.891,raw,max,seed-1,0.0
dclm,3M,12.891,raw,min,seed-0,0.0
dclm,3M,12.891,raw,min,seed-1,0.01562
dclm,3M,12.891,raw,first,seed-0,0.01562
dclm,3M,12.891,raw,first,seed-1,0.01562
dclm,3M,12.891,raw,last,seed-0,0.03125
dclm,3M,12.891,raw,last,seed-1,0.03125
dclm,3M,12.891,text,first,seed-0,0.125
dclm,3M,12.891,text,first,seed-1,0.11719
dclm,3M,12.891,text,last,seed-0,0.17969
dclm,3M,12.891,text,last,seed-1,0.23438
dclm,3M,12.891,text,max,seed-0,0.15625
dclm,3M,12.891,text,max,seed-1,0.16406
dclm,3M,12.891,text,min,seed-0,0.22656
dclm,3M,12.891,text,min,seed-1,0.24219
dclm,3M,12.891,text,stack,seed-0,0.20312
dclm,3M,12.891,text,stack,seed-1,0.27344
dclm,3M,12.891,text,assoc,seed-0,0.6875
dclm,3M,12.891,text,assoc,seed-1,0.78906
dclm,3M,12.891,text,sum,seed-0,0.01562
dclm,3M,12.891,text,sum,seed-1,0.01562
dclm,3M,12.891,text,reverse,seed-0,0.0
dclm,3M,12.891,text,reverse,seed-1,0.0
dclm,3M,12.891,text,cipher,seed-0,0.0
dclm,3M,12.891,text,cipher,seed-1,0.0
dclm,3M,12.891,word,classify-2,seed-1,0.59375
dclm,3M,12.891,word,classify-2,seed-0,0.64844
dclm,3M,12.891,word,classify-4,seed-1,0.33594
dclm,3M,12.891,word,classify-4,seed-0,0.4375
dclm,3M,12.891,word,lookup-4,seed-1,0.69531
dclm,3M,12.891,word,lookup-4,seed-0,0.86719
dclm,3M,12.891,word,word-reverse,seed-1,0.0
dclm,3M,12.891,word,word-reverse,seed-0,0.0
dclm,3M,17.723,raw,reverse,seed-0,0.00879
dclm,3M,17.723,raw,reverse,seed-1,0.00977
dclm,3M,17.723,raw,stack,seed-0,0.0
dclm,3M,17.723,raw,stack,seed-1,0.0
dclm,3M,17.723,raw,assoc,seed-0,0.29688
dclm,3M,17.723,raw,assoc,seed-1,0.25
dclm,3M,17.723,raw,sum,seed-0,0.0
dclm,3M,17.723,raw,sum,seed-1,0.0
dclm,3M,17.723,raw,max,seed-0,0.03125
dclm,3M,17.723,raw,max,seed-1,0.0
dclm,3M,17.723,raw,min,seed-0,0.04688
dclm,3M,17.723,raw,min,seed-1,0.01562
dclm,3M,17.723,raw,first,seed-0,0.04688
dclm,3M,17.723,raw,first,seed-1,0.0
dclm,3M,17.723,raw,last,seed-0,0.03125
dclm,3M,17.723,raw,last,seed-1,0.03125
dclm,3M,17.723,text,first,seed-0,0.09375
dclm,3M,17.723,text,first,seed-1,0.125
dclm,3M,17.723,text,last,seed-0,0.11719
dclm,3M,17.723,text,last,seed-1,0.14844
dclm,3M,17.723,text,max,seed-0,0.16406
dclm,3M,17.723,text,max,seed-1,0.08594
dclm,3M,17.723,text,min,seed-0,0.16406
dclm,3M,17.723,text,min,seed-1,0.20312
dclm,3M,17.723,text,stack,seed-0,0.30469
dclm,3M,17.723,text,stack,seed-1,0.14844
dclm,3M,17.723,text,assoc,seed-0,0.52344
dclm,3M,17.723,text,assoc,seed-1,0.60156
dclm,3M,17.723,text,sum,seed-0,0.01562
dclm,3M,17.723,text,sum,seed-1,0.01562
dclm,3M,17.723,text,reverse,seed-0,0.0
dclm,3M,17.723,text,reverse,seed-1,0.0
dclm,3M,17.723,text,cipher,seed-0,0.0
dclm,3M,17.723,text,cipher,seed-1,0.0
dclm,3M,17.723,word,classify-2,seed-1,0.5625
dclm,3M,17.723,word,classify-2,seed-0,0.70312
dclm,3M,17.723,word,classify-4,seed-1,0.32812
dclm,3M,17.723,word,classify-4,seed-0,0.4375
dclm,3M,17.723,word,lookup-4,seed-1,0.63281
dclm,3M,17.723,word,lookup-4,seed-0,0.75
dclm,3M,17.723,word,word-reverse,seed-1,0.0
dclm,3M,17.723,word,word-reverse,seed-0,0.0
dclm,500k,0.1,raw,reverse,seed-0,0.00684
dclm,500k,0.1,raw,stack,seed-0,0.0
dclm,500k,0.1,raw,assoc,seed-0,0.0
dclm,500k,0.1,raw,sum,seed-0,0.0
dclm,500k,0.1,raw,max,seed-0,0.01562
dclm,500k,0.1,raw,min,seed-0,0.01562
dclm,500k,0.1,raw,first,seed-0,0.01562
dclm,500k,0.1,raw,last,seed-0,0.0
dclm,500k,0.1,text,first,seed-0,0.0
dclm,500k,0.1,text,last,seed-0,0.0
dclm,500k,0.1,text,max,seed-0,0.0
dclm,500k,0.1,text,min,seed-0,0.0
dclm,500k,0.1,text,stack,seed-0,0.0
dclm,500k,0.1,text,assoc,seed-0,0.0
dclm,500k,0.1,text,sum,seed-0,0.0
dclm,500k,0.1,text,reverse,seed-0,0.0
dclm,500k,0.1,text,cipher,seed-0,0.0
dclm,500k,0.1,word,classify-2,seed-0,0.0
dclm,500k,0.1,word,classify-4,seed-0,0.0
dclm,500k,0.1,word,lookup-4,seed-0,0.0
dclm,500k,0.1,word,word-reverse,seed-0,0.0
dclm,500k,0.25,raw,reverse,seed-0,0.00781
dclm,500k,0.25,raw,stack,seed-0,0.00781
dclm,500k,0.25,raw,assoc,seed-0,0.0
dclm,500k,0.25,raw,sum,seed-0,0.0
dclm,500k,0.25,raw,max,seed-0,0.0
dclm,500k,0.25,raw,min,seed-0,0.01562
dclm,500k,0.25,raw,first,seed-0,0.01562
dclm,500k,0.25,raw,last,seed-0,0.01562
dclm,500k,0.25,text,first,seed-0,0.0
dclm,500k,0.25,text,last,seed-0,0.0
dclm,500k,0.25,text,max,seed-0,0.0
dclm,500k,0.25,text,min,seed-0,0.0
dclm,500k,0.25,text,stack,seed-0,0.0
dclm,500k,0.25,text,assoc,seed-0,0.0
dclm,500k,0.25,text,sum,seed-0,0.0
dclm,500k,0.25,text,reverse,seed-0,0.0
dclm,500k,0.25,text,cipher,seed-0,0.0
dclm,500k,0.25,word,classify-2,seed-0,0.0
dclm,500k,0.25,word,classify-4,seed-0,0.0
dclm,500k,0.25,word,lookup-4,seed-0,0.0
dclm,500k,0.25,word,word-reverse,seed-0,0.0
dclm,500k,0.5,raw,reverse,seed-0,0.00488
dclm,500k,0.5,raw,stack,seed-0,0.02344
dclm,500k,0.5,raw,assoc,seed-0,0.00781
dclm,500k,0.5,raw,sum,seed-0,0.0
dclm,500k,0.5,raw,max,seed-0,0.0
dclm,500k,0.5,raw,min,seed-0,0.01562
dclm,500k,0.5,raw,first,seed-0,0.03125
dclm,500k,0.5,raw,last,seed-0,0.03125
dclm,500k,0.5,text,first,seed-0,0.02344
dclm,500k,0.5,text,last,seed-0,0.03125
dclm,500k,0.5,text,max,seed-0,0.03125
dclm,500k,0.5,text,min,seed-0,0.02344
dclm,500k,0.5,text,stack,seed-0,0.01562
dclm,500k,0.5,text,assoc,seed-0,0.00781
dclm,500k,0.5,text,sum,seed-0,0.0
dclm,500k,0.5,text,reverse,seed-0,0.0
dclm,500k,0.5,text,cipher,seed-0,0.0
dclm,500k,0.5,word,classify-2,seed-0,0.0
dclm,500k,0.5,word,classify-4,seed-0,0.0
dclm,500k,0.5,word,lookup-4,seed-0,0.0
dclm,500k,0.5,word,word-reverse,seed-0,0.0
dclm,500k,1.0,raw,reverse,seed-0,0.00586
dclm,500k,1.0,raw,stack,seed-0,0.0
dclm,500k,1.0,raw,assoc,seed-0,0.0
dclm,500k,1.0,raw,sum,seed-0,0.0
dclm,500k,1.0,raw,max,seed-0,0.0
dclm,500k,1.0,raw,min,seed-0,0.01562
dclm,500k,1.0,raw,first,seed-0,0.01562
dclm,500k,1.0,raw,last,seed-0,0.03125
dclm,500k,1.0,text,first,seed-0,0.0
dclm,500k,1.0,text,last,seed-0,0.0
dclm,500k,1.0,text,max,seed-0,0.0
dclm,500k,1.0,text,min,seed-0,0.00781
dclm,500k,1.0,text,stack,seed-0,0.0
dclm,500k,1.0,text,assoc,seed-0,0.0
dclm,500k,1.0,text,sum,seed-0,0.0
dclm,500k,1.0,text,reverse,seed-0,0.0
dclm,500k,1.0,text,cipher,seed-0,0.0
dclm,500k,1.0,word,classify-2,seed-0,0.0
dclm,500k,1.0,word,classify-4,seed-0,0.0
dclm,500k,1.0,word,lookup-4,seed-0,0.0
dclm,500k,1.0,word,word-reverse,seed-0,0.0
dclm,500k,1.617,raw,reverse,seed-0,0.00781
dclm,500k,1.617,raw,stack,seed-0,0.00781
dclm,500k,1.617,raw,assoc,seed-0,0.0
dclm,500k,1.617,raw,sum,seed-0,0.0
dclm,500k,1.617,raw,max,seed-0,0.01562
dclm,500k,1.617,raw,min,seed-0,0.01562
dclm,500k,1.617,raw,first,seed-0,0.04688
dclm,500k,1.617,raw,last,seed-0,0.01562
dclm,500k,1.617,text,first,seed-0,0.0
dclm,500k,1.617,text,last,seed-0,0.0
dclm,500k,1.617,text,max,seed-0,0.0
dclm,500k,1.617,text,min,seed-0,0.0
dclm,500k,1.617,text,stack,seed-0,0.0
dclm,500k,1.617,text,assoc,seed-0,0.0
dclm,500k,1.617,text,sum,seed-0,0.0
dclm,500k,1.617,text,reverse,seed-0,0.0
dclm,500k,1.617,text,cipher,seed-0,0.0
dclm,500k,1.617,word,classify-2,seed-0,0.0
dclm,500k,1.617,word,classify-4,seed-0,0.0
dclm,500k,1.617,word,lookup-4,seed-0,0.0
dclm,500k,1.617,word,word-reverse,seed-0,0.0
dclm,500k,3.228,raw,reverse,seed-0,0.00684
dclm,500k,3.228,raw,stack,seed-0,0.00781
dclm,500k,3.228,raw,assoc,seed-0,0.0
dclm,500k,3.228,raw,sum,seed-0,0.0
dclm,500k,3.228,raw,max,seed-0,0.0
dclm,500k,3.228,raw,min,seed-0,0.01562
dclm,500k,3.228,raw,first,seed-0,0.03125
dclm,500k,3.228,raw,last,seed-0,0.01562
dclm,500k,3.228,text,first,seed-0,0.0
dclm,500k,3.228,text,last,seed-0,0.0
dclm,500k,3.228,text,max,seed-0,0.0
dclm,500k,3.228,text,min,seed-0,0.0
dclm,500k,3.228,text,stack,seed-0,0.0
dclm,500k,3.228,text,assoc,seed-0,0.0
dclm,500k,3.228,text,sum,seed-0,0.0
dclm,500k,3.228,text,reverse,seed-0,0.0
dclm,500k,3.228,text,cipher,seed-0,0.0
dclm,500k,3.228,word,classify-2,seed-0,0.0
dclm,500k,3.228,word,classify-4,seed-0,0.0
dclm,500k,3.228,word,lookup-4,seed-0,0.0
dclm,500k,3.228,word,word-reverse,seed-0,0.0
dclm,500k,6.449,raw,reverse,seed-0,0.00488
dclm,500k,6.449,raw,stack,seed-0,0.0
dclm,500k,6.449,raw,assoc,seed-0,0.01562
dclm,500k,6.449,raw,sum,seed-0,0.0
dclm,500k,6.449,raw,max,seed-0,0.0
dclm,500k,6.449,raw,min,seed-0,0.01562
dclm,500k,6.449,raw,first,seed-0,0.01562
dclm,500k,6.449,raw,last,seed-0,0.03125
dclm,500k,6.449,text,first,seed-0,0.03125
dclm,500k,6.449,text,last,seed-0,0.07031
dclm,500k,6.449,text,max,seed-0,0.00781
dclm,500k,6.449,text,min,seed-0,0.05469
dclm,500k,6.449,text,stack,seed-0,0.02344
dclm,500k,6.449,text,assoc,seed-0,0.0625
dclm,500k,6.449,text,sum,seed-0,0.0
dclm,500k,6.449,text,reverse,seed-0,0.0
dclm,500k,6.449,text,cipher,seed-0,0.0
dclm,500k,6.449,word,classify-2,seed-0,0.30469
dclm,500k,6.449,word,classify-4,seed-0,0.11719
dclm,500k,6.449,word,lookup-4,seed-0,0.13281
dclm,500k,6.449,word,word-reverse,seed-0,0.0
dclm,500k,12.891,raw,reverse,seed-0,0.00488
dclm,500k,12.891,raw,stack,seed-0,0.0
dclm,500k,12.891,raw,assoc,seed-0,0.07812
dclm,500k,12.891,raw,sum,seed-0,0.0
dclm,500k,12.891,raw,max,seed-0,0.01562
dclm,500k,12.891,raw,min,seed-0,0.01562
dclm,500k,12.891,raw,first,seed-0,0.03125
dclm,500k,12.891,raw,last,seed-0,0.03125
dclm,500k,12.891,text,first,seed-0,0.0
dclm,500k,12.891,text,last,seed-0,0.0
dclm,500k,12.891,text,max,seed-0,0.0
dclm,500k,12.891,text,min,seed-0,0.01562
dclm,500k,12.891,text,stack,seed-0,0.0
dclm,500k,12.891,text,assoc,seed-0,0.0625
dclm,500k,12.891,text,sum,seed-0,0.01562
dclm,500k,12.891,text,reverse,seed-0,0.0
dclm,500k,12.891,text,cipher,seed-0,0.0
dclm,500k,12.891,word,classify-2,seed-0,0.32031
dclm,500k,12.891,word,classify-4,seed-0,0.07031
dclm,500k,12.891,word,lookup-4,seed-0,0.25
dclm,500k,12.891,word,word-reverse,seed-0,0.0
dclm,500k,17.723,raw,reverse,seed-0,0.00293
dclm,500k,17.723,raw,stack,seed-0,0.0
dclm,500k,17.723,raw,assoc,seed-0,0.03125
dclm,500k,17.723,raw,sum,seed-0,0.0
dclm,500k,17.723,raw,max,seed-0,0.0
dclm,500k,17.723,raw,min,seed-0,0.01562
dclm,500k,17.723,raw,first,seed-0,0.0
dclm,500k,17.723,raw,last,seed-0,0.03125
dclm,500k,17.723,text,first,seed-0,0.00781
dclm,500k,17.723,text,last,seed-0,0.00781
dclm,500k,17.723,text,max,seed-0,0.01562
dclm,500k,17.723,text,min,seed-0,0.03906
dclm,500k,17.723,text,stack,seed-0,0.03906
dclm,500k,17.723,text,assoc,seed-0,0.17969
dclm,500k,17.723,text,sum,seed-0,0.0
dclm,500k,17.723,text,reverse,seed-0,0.0
dclm,500k,17.723,text,cipher,seed-0,0.0
dclm,500k,17.723,word,classify-2,seed-0,0.38281
dclm,500k,17.723,word,classify-4,seed-0,0.11719
dclm,500k,17.723,word,lookup-4,seed-0,0.375
dclm,500k,17.723,word,word-reverse,seed-0,0.0
dclm,6M,0.1,raw,reverse,seed-0,0.00977
dclm,6M,0.1,raw,reverse,seed-1,0.00488
dclm,6M,0.1,raw,stack,seed-0,0.00781
dclm,6M,0.1,raw,stack,seed-1,0.0
dclm,6M,0.1,raw,assoc,seed-0,0.01562
dclm,6M,0.1,raw,assoc,seed-1,0.0
dclm,6M,0.1,raw,sum,seed-0,0.0
dclm,6M,0.1,raw,sum,seed-1,0.0
dclm,6M,0.1,raw,max,seed-0,0.0
dclm,6M,0.1,raw,max,seed-1,0.0
dclm,6M,0.1,raw,min,seed-0,0.0
dclm,6M,0.1,raw,min,seed-1,0.01562
dclm,6M,0.1,raw,first,seed-0,0.01562
dclm,6M,0.1,raw,first,seed-1,0.0
dclm,6M,0.1,raw,last,seed-0,0.01562
dclm,6M,0.1,raw,last,seed-1,0.0
dclm,6M,0.1,text,first,seed-0,0.03906
dclm,6M,0.1,text,first,seed-1,0.0
dclm,6M,0.1,text,last,seed-0,0.00781
dclm,6M,0.1,text,last,seed-1,0.0
dclm,6M,0.1,text,max,seed-0,0.00781
dclm,6M,0.1,text,max,seed-1,0.0
dclm,6M,0.1,text,min,seed-0,0.00781
dclm,6M,0.1,text,min,seed-1,0.0
dclm,6M,0.1,text,stack,seed-0,0.0
dclm,6M,0.1,text,stack,seed-1,0.0
dclm,6M,0.1,text,assoc,seed-0,0.07031
dclm,6M,0.1,text,assoc,seed-1,0.0
dclm,6M,0.1,text,sum,seed-0,0.0
dclm,6M,0.1,text,sum,seed-1,0.0
dclm,6M,0.1,text,reverse,seed-0,0.0
dclm,6M,0.1,text,reverse,seed-1,0.0
dclm,6M,0.1,text,cipher,seed-0,0.0
dclm,6M,0.1,text,cipher,seed-1,0.0
dclm,6M,0.1,word,classify-2,seed-1,0.0
dclm,6M,0.1,word,classify-2,seed-0,0.07031
dclm,6M,0.1,word,classify-4,seed-1,0.0
dclm,6M,0.1,word,classify-4,seed-0,0.0625
dclm,6M,0.1,word,lookup-4,seed-1,0.0
dclm,6M,0.1,word,lookup-4,seed-0,0.04688
dclm,6M,0.1,word,word-reverse,seed-1,0.0
dclm,6M,0.1,word,word-reverse,seed-0,0.0
dclm,6M,0.25,raw,reverse,seed-0,0.01172
dclm,6M,0.25,raw,reverse,seed-1,0.00488
dclm,6M,0.25,raw,stack,seed-0,0.00781
dclm,6M,0.25,raw,stack,seed-1,0.01562
dclm,6M,0.25,raw,assoc,seed-0,0.0
dclm,6M,0.25,raw,assoc,seed-1,0.00781
dclm,6M,0.25,raw,sum,seed-0,0.0
dclm,6M,0.25,raw,sum,seed-1,0.0
dclm,6M,0.25,raw,max,seed-0,0.0
dclm,6M,0.25,raw,max,seed-1,0.0
dclm,6M,0.25,raw,min,seed-0,0.0
dclm,6M,0.25,raw,min,seed-1,0.01562
dclm,6M,0.25,raw,first,seed-0,0.03125
dclm,6M,0.25,raw,first,seed-1,0.0
dclm,6M,0.25,raw,last,seed-0,0.03125
dclm,6M,0.25,raw,last,seed-1,0.01562
dclm,6M,0.25,text,first,seed-0,0.0
dclm,6M,0.25,text,first,seed-1,0.0
dclm,6M,0.25,text,last,seed-0,0.0
dclm,6M,0.25,text,last,seed-1,0.0
dclm,6M,0.25,text,max,seed-0,0.0
dclm,6M,0.25,text,max,seed-1,0.0
dclm,6M,0.25,text,min,seed-0,0.0
dclm,6M,0.25,text,min,seed-1,0.0
dclm,6M,0.25,text,stack,seed-0,0.0
dclm,6M,0.25,text,stack,seed-1,0.0
dclm,6M,0.25,text,assoc,seed-0,0.0
dclm,6M,0.25,text,assoc,seed-1,0.0
dclm,6M,0.25,text,sum,seed-0,0.0
dclm,6M,0.25,text,sum,seed-1,0.0
dclm,6M,0.25,text,reverse,seed-0,0.0
dclm,6M,0.25,text,reverse,seed-1,0.0
dclm,6M,0.25,text,cipher,seed-0,0.0
dclm,6M,0.25,text,cipher,seed-1,0.0
dclm,6M,0.25,word,classify-2,seed-1,0.0
dclm,6M,0.25,word,classify-2,seed-0,0.03906
dclm,6M,0.25,word,classify-4,seed-1,0.0
dclm,6M,0.25,word,classify-4,seed-0,0.04688
dclm,6M,0.25,word,lookup-4,seed-1,0.0
dclm,6M,0.25,word,lookup-4,seed-0,0.03125
dclm,6M,0.25,word,word-reverse,seed-1,0.0
dclm,6M,0.25,word,word-reverse,seed-0,0.0
dclm,6M,0.5,raw,reverse,seed-0,0.00684
dclm,6M,0.5,raw,reverse,seed-1,0.00781
dclm,6M,0.5,raw,stack,seed-0,0.00781
dclm,6M,0.5,raw,stack,seed-1,0.00781
dclm,6M,0.5,raw,assoc,seed-0,0.07812
dclm,6M,0.5,raw,assoc,seed-1,0.08594
dclm,6M,0.5,raw,sum,seed-0,0.0
dclm,6M,0.5,raw,sum,seed-1,0.0
dclm,6M,0.5,raw,max,seed-0,0.01562
dclm,6M,0.5,raw,max,seed-1,0.0
dclm,6M,0.5,raw,min,seed-0,0.03125
dclm,6M,0.5,raw,min,seed-1,0.03125
dclm,6M,0.5,raw,first,seed-0,0.01562
dclm,6M,0.5,raw,first,seed-1,0.01562
dclm,6M,0.5,raw,last,seed-0,0.01562
dclm,6M,0.5,raw,last,seed-1,0.0
dclm,6M,0.5,text,first,seed-0,0.10938
dclm,6M,0.5,text,first,seed-1,0.17969
dclm,6M,0.5,text,last,seed-0,0.09375
dclm,6M,0.5,text,last,seed-1,0.15625
dclm,6M,0.5,text,max,seed-0,0.10938
dclm,6M,0.5,text,max,seed-1,0.10938
dclm,6M,0.5,text,min,seed-0,0.14062
dclm,6M,0.5,text,min,seed-1,0.1875
dclm,6M,0.5,text,stack,seed-0,0.20312
dclm,6M,0.5,text,stack,seed-1,0.29688
dclm,6M,0.5,text,assoc,seed-0,0.38281
dclm,6M,0.5,text,assoc,seed-1,0.61719
dclm,6M,0.5,text,sum,seed-0,0.0
dclm,6M,0.5,text,sum,seed-1,0.0
dclm,6M,0.5,text,reverse,seed-0,0.0
dclm,6M,0.5,text,reverse,seed-1,0.0
dclm,6M,0.5,text,cipher,seed-0,0.0
dclm,6M,0.5,text,cipher,seed-1,0.0
dclm,6M,0.5,word,classify-2,seed-1,0.51562
dclm,6M,0.5,word,classify-2,seed-0,0.53906
dclm,6M,0.5,word,classify-4,seed-1,0.25781
dclm,6M,0.5,word,classify-4,seed-0,0.28906
dclm,6M,0.5,word,lookup-4,seed-1,0.71875
dclm,6M,0.5,word,lookup-4,seed-0,0.66406
dclm,6M,0.5,word,word-reverse,seed-1,0.0
dclm,6M,0.5,word,word-reverse,seed-0,0.0
dclm,6M,1.0,raw,reverse,seed-0,0.00879
dclm,6M,1.0,raw,reverse,seed-1,0.00488
dclm,6M,1.0,raw,stack,seed-0,0.00781
dclm,6M,1.0,raw,stack,seed-1,0.00781
dclm,6M,1.0,raw,assoc,seed-0,0.20312
dclm,6M,1.0,raw,assoc,seed-1,0.17188
dclm,6M,1.0,raw,sum,seed-0,0.0
dclm,6M,1.0,raw,sum,seed-1,0.0
dclm,6M,1.0,raw,max,seed-0,0.0
dclm,6M,1.0,raw,max,seed-1,0.04688
dclm,6M,1.0,raw,min,seed-0,0.0625
dclm,6M,1.0,raw,min,seed-1,0.0
dclm,6M,1.0,raw,first,seed-0,0.01562
dclm,6M,1.0,raw,first,seed-1,0.01562
dclm,6M,1.0,raw,last,seed-0,0.03125
dclm,6M,1.0,raw,last,seed-1,0.03125
dclm,6M,1.0,text,first,seed-0,0.10938
dclm,6M,1.0,text,first,seed-1,0.08594
dclm,6M,1.0,text,last,seed-0,0.17969
dclm,6M,1.0,text,last,seed-1,0.08594
dclm,6M,1.0,text,max,seed-0,0.17969
dclm,6M,1.0,text,max,seed-1,0.09375
dclm,6M,1.0,text,min,seed-0,0.19531
dclm,6M,1.0,text,min,seed-1,0.11719
dclm,6M,1.0,text,stack,seed-0,0.5
dclm,6M,1.0,text,stack,seed-1,0.19531
dclm,6M,1.0,text,assoc,seed-0,0.53906
dclm,6M,1.0,text,assoc,seed-1,0.46875
dclm,6M,1.0,text,sum,seed-0,0.00781
dclm,6M,1.0,text,sum,seed-1,0.01562
dclm,6M,1.0,text,reverse,seed-0,0.0
dclm,6M,1.0,text,reverse,seed-1,0.0
dclm,6M,1.0,text,cipher,seed-0,0.0
dclm,6M,1.0,text,cipher,seed-1,0.0
dclm,6M,1.0,word,classify-2,seed-1,0.51562
dclm,6M,1.0,word,classify-2,seed-0,0.5
dclm,6M,1.0,word,classify-4,seed-1,0.39062
dclm,6M,1.0,word,classify-4,seed-0,0.30469
dclm,6M,1.0,word,lookup-4,seed-1,0.63281
dclm,6M,1.0,word,lookup-4,seed-0,0.80469
dclm,6M,1.0,word,word-reverse,seed-1,0.0
dclm,6M,1.0,word,word-reverse,seed-0,0.0
dclm,6M,1.617,raw,reverse,seed-0,0.00684
dclm,6M,1.617,raw,reverse,seed-1,0.00684
dclm,6M,1.617,raw,stack,seed-0,0.00781
dclm,6M,1.617,raw,stack,seed-1,0.00781
dclm,6M,1.617,raw,assoc,seed-0,0.23438
dclm,6M,1.617,raw,assoc,seed-1,0.20312
dclm,6M,1.617,raw,sum,seed-0,0.0
dclm,6M,1.617,raw,sum,seed-1,0.0
dclm,6M,1.617,raw,max,seed-0,0.0
dclm,6M,1.617,raw,max,seed-1,0.0
dclm,6M,1.617,raw,min,seed-0,0.04688
dclm,6M,1.617,raw,min,seed-1,0.01562
dclm,6M,1.617,raw,first,seed-0,0.01562
dclm,6M,1.617,raw,first,seed-1,0.01562
dclm,6M,1.617,raw,last,seed-0,0.03125
dclm,6M,1.617,raw,last,seed-1,0.04688
dclm,6M,1.617,text,first,seed-0,0.20312
dclm,6M,1.617,text,first,seed-1,0.16406
dclm,6M,1.617,text,last,seed-0,0.30469
dclm,6M,1.617,text,last,seed-1,0.30469
dclm,6M,1.617,text,max,seed-0,0.17188
dclm,6M,1.617,text,max,seed-1,0.19531
dclm,6M,1.617,text,min,seed-0,0.32812
dclm,6M,1.617,text,min,seed-1,0.27344
dclm,6M,1.617,text,stack,seed-0,0.36719
dclm,6M,1.617,text,stack,seed-1,0.20312
dclm,6M,1.617,text,assoc,seed-0,0.92969
dclm,6M,1.617,text,assoc,seed-1,0.75781
dclm,6M,1.617,text,sum,seed-0,0.03906
dclm,6M,1.617,text,sum,seed-1,0.0
dclm,6M,1.617,text,reverse,seed-0,0.0
dclm,6M,1.617,text,reverse,seed-1,0.0
dclm,6M,1.617,text,cipher,seed-0,0.0
dclm,6M,1.617,text,cipher,seed-1,0.0
dclm,6M,1.617,word,classify-2,seed-1,0.54688
dclm,6M,1.617,word,classify-2,seed-0,0.59375
dclm,6M,1.617,word,classify-4,seed-1,0.44531
dclm,6M,1.617,word,classify-4,seed-0,0.36719
dclm,6M,1.617,word,lookup-4,seed-1,0.82812
dclm,6M,1.617,word,lookup-4,seed-0,0.82031
dclm,6M,1.617,word,word-reverse,seed-1,0.0
dclm,6M,1.617,word,word-reverse,seed-0,0.0
dclm,6M,3.228,raw,reverse,seed-0,0.00586
dclm,6M,3.228,raw,reverse,seed-1,0.00879
dclm,6M,3.228,raw,stack,seed-0,0.00781
dclm,6M,3.228,raw,stack,seed-1,0.02344
dclm,6M,3.228,raw,assoc,seed-0,0.25781
dclm,6M,3.228,raw,assoc,seed-1,0.25781
dclm,6M,3.228,raw,sum,seed-0,0.0
dclm,6M,3.228,raw,sum,seed-1,0.0
dclm,6M,3.228,raw,max,seed-0,0.03125
dclm,6M,3.228,raw,max,seed-1,0.01562
dclm,6M,3.228,raw,min,seed-0,0.04688
dclm,6M,3.228,raw,min,seed-1,0.01562
dclm,6M,3.228,raw,first,seed-0,0.01562
dclm,6M,3.228,raw,first,seed-1,0.01562
dclm,6M,3.228,raw,last,seed-0,0.04688
dclm,6M,3.228,raw,last,seed-1,0.04688
dclm,6M,3.228,text,first,seed-0,0.11719
dclm,6M,3.228,text,first,seed-1,0.23438
dclm,6M,3.228,text,last,seed-0,0.22656
dclm,6M,3.228,text,last,seed-1,0.25
dclm,6M,3.228,text,max,seed-0,0.16406
dclm,6M,3.228,text,max,seed-1,0.29688
dclm,6M,3.228,text,min,seed-0,0.21094
dclm,6M,3.228,text,min,seed-1,0.21875
dclm,6M,3.228,text,stack,seed-0,0.30469
dclm,6M,3.228,text,stack,seed-1,0.28906
dclm,6M,3.228,text,assoc,seed-0,0.8125
dclm,6M,3.228,text,assoc,seed-1,0.8125
dclm,6M,3.228,text,sum,seed-0,0.00781
dclm,6M,3.228,text,sum,seed-1,0.00781
dclm,6M,3.228,text,reverse,seed-0,0.0
dclm,6M,3.228,text,reverse,seed-1,0.0
dclm,6M,3.228,text,cipher,seed-0,0.0
dclm,6M,3.228,text,cipher,seed-1,0.0
dclm,6M,3.228,word,classify-2,seed-1,0.53125
dclm,6M,3.228,word,classify-2,seed-0,0.58594
dclm,6M,3.228,word,classify-4,seed-1,0.40625
dclm,6M,3.228,word,classify-4,seed-0,0.25781
dclm,6M,3.228,word,lookup-4,seed-1,0.78125
dclm,6M,3.228,word,lookup-4,seed-0,0.60156
dclm,6M,3.228,word,word-reverse,seed-1,0.0
dclm,6M,3.228,word,word-reverse,seed-0,0.0
dclm,6M,6.449,raw,reverse,seed-0,0.00781
dclm,6M,6.449,raw,reverse,seed-1,0.00488
dclm,6M,6.449,raw,stack,seed-0,0.01562
dclm,6M,6.449,raw,stack,seed-1,0.01562
dclm,6M,6.449,raw,assoc,seed-0,0.26562
dclm,6M,6.449,raw,assoc,seed-1,0.17969
dclm,6M,6.449,raw,sum,seed-0,0.0
dclm,6M,6.449,raw,sum,seed-1,0.0
dclm,6M,6.449,raw,max,seed-0,0.01562
dclm,6M,6.449,raw,max,seed-1,0.0
dclm,6M,6.449,raw,min,seed-0,0.04688
dclm,6M,6.449,raw,min,seed-1,0.01562
dclm,6M,6.449,raw,first,seed-0,0.01562
dclm,6M,6.449,raw,first,seed-1,0.01562
dclm,6M,6.449,raw,last,seed-0,0.04688
dclm,6M,6.449,raw,last,seed-1,0.04688
dclm,6M,6.449,text,first,seed-0,0.11719
dclm,6M,6.449,text,first,seed-1,0.14844
dclm,6M,6.449,text,last,seed-0,0.16406
dclm,6M,6.449,text,last,seed-1,0.21094
dclm,6M,6.449,text,max,seed-0,0.14062
dclm,6M,6.449,text,max,seed-1,0.1875
dclm,6M,6.449,text,min,seed-0,0.21875
dclm,6M,6.449,text,min,seed-1,0.21875
dclm,6M,6.449,text,stack,seed-0,0.3125
dclm,6M,6.449,text,stack,seed-1,0.07031
dclm,6M,6.449,text,assoc,seed-0,0.8125
dclm,6M,6.449,text,assoc,seed-1,0.74219
dclm,6M,6.449,text,sum,seed-0,0.01562
dclm,6M,6.449,text,sum,seed-1,0.0
dclm,6M,6.449,text,reverse,seed-0,0.0
dclm,6M,6.449,text,reverse,seed-1,0.0
dclm,6M,6.449,text,cipher,seed-0,0.0
dclm,6M,6.449,text,cipher,seed-1,0.0
dclm,6M,6.449,word,classify-2,seed-1,0.59375
dclm,6M,6.449,word,classify-2,seed-0,0.60156
dclm,6M,6.449,word,classify-4,seed-1,0.38281
dclm,6M,6.449,word,classify-4,seed-0,0.32812
dclm,6M,6.449,word,lookup-4,seed-1,0.71875
dclm,6M,6.449,word,lookup-4,seed-0,0.67188
dclm,6M,6.449,word,word-reverse,seed-1,0.0
dclm,6M,6.449,word,word-reverse,seed-0,0.0
dclm,6M,12.891,raw,reverse,seed-0,0.00391
dclm,6M,12.891,raw,reverse,seed-1,0.00781
dclm,6M,12.891,raw,stack,seed-0,0.02344
dclm,6M,12.891,raw,stack,seed-1,0.00781
dclm,6M,12.891,raw,assoc,seed-0,0.3125
dclm,6M,12.891,raw,assoc,seed-1,0.35156
dclm,6M,12.891,raw,sum,seed-0,0.0
dclm,6M,12.891,raw,sum,seed-1,0.0
dclm,6M,12.891,raw,max,seed-0,0.03125
dclm,6M,12.891,raw,max,seed-1,0.03125
dclm,6M,12.891,raw,min,seed-0,0.0625
dclm,6M,12.891,raw,min,seed-1,0.01562
dclm,6M,12.891,raw,first,seed-0,0.03125
dclm,6M,12.891,raw,first,seed-1,0.04688
dclm,6M,12.891,raw,last,seed-0,0.04688
dclm,6M,12.891,raw,last,seed-1,0.04688
dclm,6M,12.891,text,first,seed-0,0.11719
dclm,6M,12.891,text,first,seed-1,0.14844
dclm,6M,12.891,text,last,seed-0,0.17969
dclm,6M,12.891,text,last,seed-1,0.20312
dclm,6M,12.891,text,max,seed-0,0.21094
dclm,6M,12.891,text,max,seed-1,0.26562
dclm,6M,12.891,text,min,seed-0,0.20312
dclm,6M,12.891,text,min,seed-1,0.20312
dclm,6M,12.891,text,stack,seed-0,0.39844
dclm,6M,12.891,text,stack,seed-1,0.24219
dclm,6M,12.891,text,assoc,seed-0,0.875
dclm,6M,12.891,text,assoc,seed-1,0.79688
dclm,6M,12.891,text,sum,seed-0,0.00781
dclm,6M,12.891,text,sum,seed-1,0.02344
dclm,6M,12.891,text,reverse,seed-0,0.0
dclm,6M,12.891,text,reverse,seed-1,0.0
dclm,6M,12.891,text,cipher,seed-0,0.0
dclm,6M,12.891,text,cipher,seed-1,0.0
dclm,6M,12.891,word,classify-2,seed-1,0.64062
dclm,6M,12.891,word,classify-2,seed-0,0.63281
dclm,6M,12.891,word,classify-4,seed-1,0.46875
dclm,6M,12.891,word,classify-4,seed-0,0.39062
dclm,6M,12.891,word,lookup-4,seed-1,0.83594
dclm,6M,12.891,word,lookup-4,seed-0,0.75
dclm,6M,12.891,word,word-reverse,seed-1,0.0
dclm,6M,12.891,word,word-reverse,seed-0,0.0
dclm,6M,17.723,raw,reverse,seed-0,0.00586
dclm,6M,17.723,raw,reverse,seed-1,0.01074
dclm,6M,17.723,raw,stack,seed-0,0.02344
dclm,6M,17.723,raw,stack,seed-1,0.01562
dclm,6M,17.723,raw,assoc,seed-0,0.34375
dclm,6M,17.723,raw,assoc,seed-1,0.38281
dclm,6M,17.723,raw,sum,seed-0,0.0
dclm,6M,17.723,raw,sum,seed-1,0.0
dclm,6M,17.723,raw,max,seed-0,0.01562
dclm,6M,17.723,raw,max,seed-1,0.03125
dclm,6M,17.723,raw,min,seed-0,0.04688
dclm,6M,17.723,raw,min,seed-1,0.04688
dclm,6M,17.723,raw,first,seed-0,0.01562
dclm,6M,17.723,raw,first,seed-1,0.03125
dclm,6M,17.723,raw,last,seed-0,0.03125
dclm,6M,17.723,raw,last,seed-1,0.03125
dclm,6M,17.723,text,first,seed-0,0.13281
dclm,6M,17.723,text,first,seed-1,0.14062
dclm,6M,17.723,text,last,seed-0,0.22656
dclm,6M,17.723,text,last,seed-1,0.14844
dclm,6M,17.723,text,max,seed-0,0.22656
dclm,6M,17.723,text,max,seed-1,0.10938
dclm,6M,17.723,text,min,seed-0,0.25
dclm,6M,17.723,text,min,seed-1,0.22656
dclm,6M,17.723,text,stack,seed-0,0.42188
dclm,6M,17.723,text,stack,seed-1,0.11719
dclm,6M,17.723,text,assoc,seed-0,0.89844
dclm,6M,17.723,text,assoc,seed-1,0.51562
dclm,6M,17.723,text,sum,seed-0,0.02344
dclm,6M,17.723,text,sum,seed-1,0.0
dclm,6M,17.723,text,reverse,seed-0,0.0
dclm,6M,17.723,text,reverse,seed-1,0.0
dclm,6M,17.723,text,cipher,seed-0,0.0
dclm,6M,17.723,text,cipher,seed-1,0.0
dclm,6M,17.723,word,classify-2,seed-1,0.69531
dclm,6M,17.723,word,classify-2,seed-0,0.5625
dclm,6M,17.723,word,classify-4,seed-1,0.35938
dclm,6M,17.723,word,classify-4,seed-0,0.4375
dclm,6M,17.723,word,lookup-4,seed-1,0.74219
dclm,6M,17.723,word,lookup-4,seed-0,0.76562
dclm,6M,17.723,word,word-reverse,seed-1,0.0
dclm,6M,17.723,word,word-reverse,seed-0,0.0
sp,100k,0.006,raw,reverse,seed-40354564,0.00195
sp,100k,0.006,raw,reverse,seed-40354565,0.00391
sp,100k,0.006,raw,reverse,seed-40354566,0.0
sp,100k,0.006,raw,reverse,seed-40354567,0.00488
sp,100k,0.006,raw,stack,seed-40354564,0.0
sp,100k,0.006,raw,stack,seed-40354565,0.0
sp,100k,0.006,raw,stack,seed-40354566,0.00781
sp,100k,0.006,raw,stack,seed-40354567,0.00781
sp,100k,0.006,raw,assoc,seed-40354564,0.0
sp,100k,0.006,raw,assoc,seed-40354565,0.0
sp,100k,0.006,raw,assoc,seed-40354566,0.00781
sp,100k,0.006,raw,assoc,seed-40354567,0.0
sp,100k,0.006,raw,sum,seed-40354564,0.0
sp,100k,0.006,raw,sum,seed-40354565,0.03125
sp,100k,0.006,raw,sum,seed-40354566,0.01562
sp,100k,0.006,raw,sum,seed-40354567,0.0
sp,100k,0.006,raw,max,seed-40354564,0.0
sp,100k,0.006,raw,max,seed-40354565,0.0
sp,100k,0.006,raw,max,seed-40354566,0.0
sp,100k,0.006,raw,max,seed-40354567,0.0
sp,100k,0.006,raw,min,seed-40354564,0.0
sp,100k,0.006,raw,min,seed-40354565,0.0
sp,100k,0.006,raw,min,seed-40354566,0.0
sp,100k,0.006,raw,min,seed-40354567,0.0
sp,100k,0.006,raw,first,seed-40354564,0.0
sp,100k,0.006,raw,first,seed-40354565,0.0
sp,100k,0.006,raw,first,seed-40354566,0.0
sp,100k,0.006,raw,first,seed-40354567,0.01562
sp,100k,0.006,raw,last,seed-40354564,0.01562
sp,100k,0.006,raw,last,seed-40354565,0.0
sp,100k,0.006,raw,last,seed-40354566,0.0
sp,100k,0.006,raw,last,seed-40354567,0.01562
sp,100k,0.006,text,first,seed-40354564,0.0
sp,100k,0.006,text,first,seed-40354565,0.00781
sp,100k,0.006,text,first,seed-40354566,0.05469
sp,100k,0.006,text,first,seed-40354567,0.0
sp,100k,0.006,text,last,seed-40354564,0.0
sp,100k,0.006,text,last,seed-40354565,0.0
sp,100k,0.006,text,last,seed-40354566,0.00781
sp,100k,0.006,text,last,seed-40354567,0.0
sp,100k,0.006,text,max,seed-40354564,0.0
sp,100k,0.006,text,max,seed-40354565,0.0
sp,100k,0.006,text,max,seed-40354566,0.00781
sp,100k,0.006,text,max,seed-40354567,0.0
sp,100k,0.006,text,min,seed-40354564,0.0
sp,100k,0.006,text,min,seed-40354565,0.0
sp,100k,0.006,text,min,seed-40354566,0.01562
sp,100k,0.006,text,min,seed-40354567,0.0
sp,100k,0.006,text,stack,seed-40354564,0.0
sp,100k,0.006,text,stack,seed-40354565,0.0
sp,100k,0.006,text,stack,seed-40354566,0.0
sp,100k,0.006,text,stack,seed-40354567,0.0
sp,100k,0.006,text,assoc,seed-40354564,0.0
sp,100k,0.006,text,assoc,seed-40354565,0.0
sp,100k,0.006,text,assoc,seed-40354566,0.05469
sp,100k,0.006,text,assoc,seed-40354567,0.0
sp,100k,0.006,text,sum,seed-40354564,0.0
sp,100k,0.006,text,sum,seed-40354565,0.00781
sp,100k,0.006,text,sum,seed-40354566,0.0
sp,100k,0.006,text,sum,seed-40354567,0.0
sp,100k,0.006,text,reverse,seed-40354564,0.0
sp,100k,0.006,text,reverse,seed-40354565,0.0
sp,100k,0.006,text,reverse,seed-40354566,0.0
sp,100k,0.006,text,reverse,seed-40354567,0.0
sp,100k,0.006,text,cipher,seed-40354564,0.0
sp,100k,0.006,text,cipher,seed-40354565,0.0
sp,100k,0.006,text,cipher,seed-40354566,0.0
sp,100k,0.006,text,cipher,seed-40354567,0.0
sp,100k,0.006,word,classify-2,seed-40354564,0.0
sp,100k,0.006,word,classify-2,seed-40354565,0.0
sp,100k,0.006,word,classify-2,seed-40354566,0.00781
sp,100k,0.006,word,classify-2,seed-40354567,0.0
sp,100k,0.006,word,classify-4,seed-40354564,0.0
sp,100k,0.006,word,classify-4,seed-40354565,0.0
sp,100k,0.006,word,classify-4,seed-40354566,0.0
sp,100k,0.006,word,classify-4,seed-40354567,0.0
sp,100k,0.006,word,lookup-4,seed-40354564,0.0
sp,100k,0.006,word,lookup-4,seed-40354565,0.0
sp,100k,0.006,word,lookup-4,seed-40354566,0.0
sp,100k,0.006,word,lookup-4,seed-40354567,0.0
sp,100k,0.006,word,word-reverse,seed-40354564,0.0
sp,100k,0.006,word,word-reverse,seed-40354565,0.0
sp,100k,0.006,word,word-reverse,seed-40354566,0.0
sp,100k,0.006,word,word-reverse,seed-40354567,0.0
sp,100k,1.617,raw,reverse,seed-40354564,0.00977
sp,100k,1.617,raw,reverse,seed-40354565,0.00391
sp,100k,1.617,raw,reverse,seed-40354566,0.00293
sp,100k,1.617,raw,reverse,seed-40354567,0.00391
sp,100k,1.617,raw,stack,seed-40354564,0.0
sp,100k,1.617,raw,stack,seed-40354565,0.0
sp,100k,1.617,raw,stack,seed-40354566,0.0
sp,100k,1.617,raw,stack,seed-40354567,0.0
sp,100k,1.617,raw,assoc,seed-40354564,0.03906
sp,100k,1.617,raw,assoc,seed-40354565,0.03125
sp,100k,1.617,raw,assoc,seed-40354566,0.02344
sp,100k,1.617,raw,assoc,seed-40354567,0.01562
sp,100k,1.617,raw,sum,seed-40354564,0.0
sp,100k,1.617,raw,sum,seed-40354565,0.01562
sp,100k,1.617,raw,sum,seed-40354566,0.01562
sp,100k,1.617,raw,sum,seed-40354567,0.01562
sp,100k,1.617,raw,max,seed-40354564,0.0
sp,100k,1.617,raw,max,seed-40354565,0.0
sp,100k,1.617,raw,max,seed-40354566,0.0
sp,100k,1.617,raw,max,seed-40354567,0.0
sp,100k,1.617,raw,min,seed-40354564,0.0
sp,100k,1.617,raw,min,seed-40354565,0.0
sp,100k,1.617,raw,min,seed-40354566,0.0
sp,100k,1.617,raw,min,seed-40354567,0.01562
sp,100k,1.617,raw,first,seed-40354564,0.0
sp,100k,1.617,raw,first,seed-40354565,0.0
sp,100k,1.617,raw,first,seed-40354566,0.0
sp,100k,1.617,raw,first,seed-40354567,0.0
sp,100k,1.617,raw,last,seed-40354564,0.0
sp,100k,1.617,raw,last,seed-40354565,0.0
sp,100k,1.617,raw,last,seed-40354566,0.0
sp,100k,1.617,raw,last,seed-40354567,0.0
sp,100k,1.617,text,first,seed-40354564,0.01562
sp,100k,1.617,text,first,seed-40354565,0.03906
sp,100k,1.617,text,first,seed-40354566,0.00781
sp,100k,1.617,text,first,seed-40354567,0.0
sp,100k,1.617,text,last,seed-40354564,0.0
sp,100k,1.617,text,last,seed-40354565,0.03125
sp,100k,1.617,text,last,seed-40354566,0.0
sp,100k,1.617,text,last,seed-40354567,0.0
sp,100k,1.617,text,max,seed-40354564,0.0
sp,100k,1.617,text,max,seed-40354565,0.0625
sp,100k,1.617,text,max,seed-40354566,0.01562
sp,100k,1.617,text,max,seed-40354567,0.0
sp,100k,1.617,text,min,seed-40354564,0.03906
sp,100k,1.617,text,min,seed-40354565,0.0625
sp,100k,1.617,text,min,seed-40354566,0.01562
sp,100k,1.617,text,min,seed-40354567,0.0
sp,100k,1.617,text,stack,seed-40354564,0.00781
sp,100k,1.617,text,stack,seed-40354565,0.0
sp,100k,1.617,text,stack,seed-40354566,0.0
sp,100k,1.617,text,stack,seed-40354567,0.0
sp,100k,1.617,text,assoc,seed-40354564,0.03125
sp,100k,1.617,text,assoc,seed-40354565,0.07031
sp,100k,1.617,text,assoc,seed-40354566,0.02344
sp,100k,1.617,text,assoc,seed-40354567,0.00781
sp,100k,1.617,text,sum,seed-40354564,0.0
sp,100k,1.617,text,sum,seed-40354565,0.0
sp,100k,1.617,text,sum,seed-40354566,0.0
sp,100k,1.617,text,sum,seed-40354567,0.0
sp,100k,1.617,text,reverse,seed-40354564,0.0
sp,100k,1.617,text,reverse,seed-40354565,0.0
sp,100k,1.617,text,reverse,seed-40354566,0.0
sp,100k,1.617,text,reverse,seed-40354567,0.0
sp,100k,1.617,text,cipher,seed-40354564,0.0
sp,100k,1.617,text,cipher,seed-40354565,0.0
sp,100k,1.617,text,cipher,seed-40354566,0.0
sp,100k,1.617,text,cipher,seed-40354567,0.0
sp,100k,1.617,word,classify-2,seed-40354564,0.125
sp,100k,1.617,word,classify-2,seed-40354565,0.09375
sp,100k,1.617,word,classify-2,seed-40354566,0.0625
sp,100k,1.617,word,classify-2,seed-40354567,0.03906
sp,100k,1.617,word,classify-4,seed-40354564,0.03125
sp,100k,1.617,word,classify-4,seed-40354565,0.0625
sp,100k,1.617,word,classify-4,seed-40354566,0.00781
sp,100k,1.617,word,classify-4,seed-40354567,0.00781
sp,100k,1.617,word,lookup-4,seed-40354564,0.07031
sp,100k,1.617,word,lookup-4,seed-40354565,0.05469
sp,100k,1.617,word,lookup-4,seed-40354566,0.03906
sp,100k,1.617,word,lookup-4,seed-40354567,0.00781
sp,100k,1.617,word,word-reverse,seed-40354564,0.0
sp,100k,1.617,word,word-reverse,seed-40354565,0.0
sp,100k,1.617,word,word-reverse,seed-40354566,0.0
sp,100k,1.617,word,word-reverse,seed-40354567,0.0
sp,100k,3.228,raw,reverse,seed-40354564,0.00391
sp,100k,3.228,raw,reverse,seed-40354565,0.00195
sp,100k,3.228,raw,reverse,seed-40354566,0.00488
sp,100k,3.228,raw,reverse,seed-40354567,0.13184
sp,100k,3.228,raw,stack,seed-40354564,0.0
sp,100k,3.228,raw,stack,seed-40354565,0.0
sp,100k,3.228,raw,stack,seed-40354566,0.0
sp,100k,3.228,raw,stack,seed-40354567,0.0
sp,100k,3.228,raw,assoc,seed-40354564,0.00781
sp,100k,3.228,raw,assoc,seed-40354565,0.04688
sp,100k,3.228,raw,assoc,seed-40354566,0.08594
sp,100k,3.228,raw,assoc,seed-40354567,0.00781
sp,100k,3.228,raw,sum,seed-40354564,0.0
sp,100k,3.228,raw,sum,seed-40354565,0.0
sp,100k,3.228,raw,sum,seed-40354566,0.0
sp,100k,3.228,raw,sum,seed-40354567,0.0
sp,100k,3.228,raw,max,seed-40354564,0.0
sp,100k,3.228,raw,max,seed-40354565,0.0
sp,100k,3.228,raw,max,seed-40354566,0.0
sp,100k,3.228,raw,max,seed-40354567,0.4375
sp,100k,3.228,raw,min,seed-40354564,0.0
sp,100k,3.228,raw,min,seed-40354565,0.0
sp,100k,3.228,raw,min,seed-40354566,0.0
sp,100k,3.228,raw,min,seed-40354567,0.53125
sp,100k,3.228,raw,first,seed-40354564,0.0
sp,100k,3.228,raw,first,seed-40354565,0.0
sp,100k,3.228,raw,first,seed-40354566,0.0
sp,100k,3.228,raw,first,seed-40354567,0.01562
sp,100k,3.228,raw,last,seed-40354564,0.0
sp,100k,3.228,raw,last,seed-40354565,0.0
sp,100k,3.228,raw,last,seed-40354566,0.0
sp,100k,3.228,raw,last,seed-40354567,1.0
sp,100k,3.228,text,first,seed-40354564,0.02344
sp,100k,3.228,text,first,seed-40354565,0.05469
sp,100k,3.228,text,first,seed-40354566,0.05469
sp,100k,3.228,text,first,seed-40354567,0.0
sp,100k,3.228,text,last,seed-40354564,0.02344
sp,100k,3.228,text,last,seed-40354565,0.02344
sp,100k,3.228,text,last,seed-40354566,0.02344
sp,100k,3.228,text,last,seed-40354567,0.0
sp,100k,3.228,text,max,seed-40354564,0.01562
sp,100k,3.228,text,max,seed-40354565,0.05469
sp,100k,3.228,text,max,seed-40354566,0.05469
sp,100k,3.228,text,max,seed-40354567,0.0
sp,100k,3.228,text,min,seed-40354564,0.03906
sp,100k,3.228,text,min,seed-40354565,0.03906
sp,100k,3.228,text,min,seed-40354566,0.09375
sp,100k,3.228,text,min,seed-40354567,0.0
sp,100k,3.228,text,stack,seed-40354564,0.0
sp,100k,3.228,text,stack,seed-40354565,0.01562
sp,100k,3.228,text,stack,seed-40354566,0.05469
sp,100k,3.228,text,stack,seed-40354567,0.0
sp,100k,3.228,text,assoc,seed-40354564,0.03125
sp,100k,3.228,text,assoc,seed-40354565,0.11719
sp,100k,3.228,text,assoc,seed-40354566,0.05469
sp,100k,3.228,text,assoc,seed-40354567,0.0
sp,100k,3.228,text,sum,seed-40354564,0.0
sp,100k,3.228,text,sum,seed-40354565,0.0
sp,100k,3.228,text,sum,seed-40354566,0.0
sp,100k,3.228,text,sum,seed-40354567,0.0
sp,100k,3.228,text,reverse,seed-40354564,0.0
sp,100k,3.228,text,reverse,seed-40354565,0.0
sp,100k,3.228,text,reverse,seed-40354566,0.0
sp,100k,3.228,text,reverse,seed-40354567,0.0
sp,100k,3.228,text,cipher,seed-40354564,0.0
sp,100k,3.228,text,cipher,seed-40354565,0.0
sp,100k,3.228,text,cipher,seed-40354566,0.0
sp,100k,3.228,text,cipher,seed-40354567,0.0
sp,100k,3.228,word,classify-2,seed-40354564,0.11719
sp,100k,3.228,word,classify-2,seed-40354565,0.08594
sp,100k,3.228,word,classify-2,seed-40354566,0.08594
sp,100k,3.228,word,classify-2,seed-40354567,0.00781
sp,100k,3.228,word,classify-4,seed-40354564,0.04688
sp,100k,3.228,word,classify-4,seed-40354565,0.0625
sp,100k,3.228,word,classify-4,seed-40354566,0.09375
sp,100k,3.228,word,classify-4,seed-40354567,0.0
sp,100k,3.228,word,lookup-4,seed-40354564,0.03906
sp,100k,3.228,word,lookup-4,seed-40354565,0.07812
sp,100k,3.228,word,lookup-4,seed-40354566,0.05469
sp,100k,3.228,word,lookup-4,seed-40354567,0.0
sp,100k,3.228,word,word-reverse,seed-40354564,0.0
sp,100k,3.228,word,word-reverse,seed-40354565,0.0
sp,100k,3.228,word,word-reverse,seed-40354566,0.0
sp,100k,3.228,word,word-reverse,seed-40354567,0.0
sp,100k,6.449,raw,reverse,seed-40354564,0.00977
sp,100k,6.449,raw,reverse,seed-40354565,0.01074
sp,100k,6.449,raw,reverse,seed-40354566,0.00879
sp,100k,6.449,raw,reverse,seed-40354567,0.11621
sp,100k,6.449,raw,stack,seed-40354564,0.0
sp,100k,6.449,raw,stack,seed-40354565,0.00781
sp,100k,6.449,raw,stack,seed-40354566,0.0
sp,100k,6.449,raw,stack,seed-40354567,0.00781
sp,100k,6.449,raw,assoc,seed-40354564,0.03906
sp,100k,6.449,raw,assoc,seed-40354565,0.00781
sp,100k,6.449,raw,assoc,seed-40354566,0.00781
sp,100k,6.449,raw,assoc,seed-40354567,0.01562
sp,100k,6.449,raw,sum,seed-40354564,0.0
sp,100k,6.449,raw,sum,seed-40354565,0.0
sp,100k,6.449,raw,sum,seed-40354566,0.0
sp,100k,6.449,raw,sum,seed-40354567,0.0
sp,100k,6.449,raw,max,seed-40354564,0.01562
sp,100k,6.449,raw,max,seed-40354565,0.03125
sp,100k,6.449,raw,max,seed-40354566,0.0
sp,100k,6.449,raw,max,seed-40354567,0.375
sp,100k,6.449,raw,min,seed-40354564,0.03125
sp,100k,6.449,raw,min,seed-40354565,0.03125
sp,100k,6.449,raw,min,seed-40354566,0.01562
sp,100k,6.449,raw,min,seed-40354567,0.48438
sp,100k,6.449,raw,first,seed-40354564,0.0
sp,100k,6.449,raw,first,seed-40354565,0.0
sp,100k,6.449,raw,first,seed-40354566,0.0
sp,100k,6.449,raw,first,seed-40354567,0.01562
sp,100k,6.449,raw,last,seed-40354564,0.03125
sp,100k,6.449,raw,last,seed-40354565,0.03125
sp,100k,6.449,raw,last,seed-40354566,0.01562
sp,100k,6.449,raw,last,seed-40354567,0.8125
sp,100k,6.449,text,first,seed-40354564,0.0
sp,100k,6.449,text,first,seed-40354565,0.17969
sp,100k,6.449,text,first,seed-40354566,0.02344
sp,100k,6.449,text,first,seed-40354567,0.0
sp,100k,6.449,text,last,seed-40354564,0.0
sp,100k,6.449,text,last,seed-40354565,0.01562
sp,100k,6.449,text,last,seed-40354566,0.00781
sp,100k,6.449,text,last,seed-40354567,0.01562
sp,100k,6.449,text,max,seed-40354564,0.0
sp,100k,6.449,text,max,seed-40354565,0.07812
sp,100k,6.449,text,max,seed-40354566,0.04688
sp,100k,6.449,text,max,seed-40354567,0.01562
sp,100k,6.449,text,min,seed-40354564,0.0
sp,100k,6.449,text,min,seed-40354565,0.19531
sp,100k,6.449,text,min,seed-40354566,0.00781
sp,100k,6.449,text,min,seed-40354567,0.00781
sp,100k,6.449,text,stack,seed-40354564,0.00781
sp,100k,6.449,text,stack,seed-40354565,0.0
sp,100k,6.449,text,stack,seed-40354566,0.0
sp,100k,6.449,text,stack,seed-40354567,0.00781
sp,100k,6.449,text,assoc,seed-40354564,0.08594
sp,100k,6.449,text,assoc,seed-40354565,0.05469
sp,100k,6.449,text,assoc,seed-40354566,0.01562
sp,100k,6.449,text,assoc,seed-40354567,0.03125
sp,100k,6.449,text,sum,seed-40354564,0.0
sp,100k,6.449,text,sum,seed-40354565,0.0
sp,100k,6.449,text,sum,seed-40354566,0.0
sp,100k,6.449,text,sum,seed-40354567,0.0
sp,100k,6.449,text,reverse,seed-40354564,0.0
sp,100k,6.449,text,reverse,seed-40354565,0.0
sp,100k,6.449,text,reverse,seed-40354566,0.0
sp,100k,6.449,text,reverse,seed-40354567,0.0
sp,100k,6.449,text,cipher,seed-40354564,0.0
sp,100k,6.449,text,cipher,seed-40354565,0.0
sp,100k,6.449,text,cipher,seed-40354566,0.0
sp,100k,6.449,text,cipher,seed-40354567,0.0
sp,100k,6.449,word,classify-2,seed-40354564,0.07812
sp,100k,6.449,word,classify-2,seed-40354565,0.09375
sp,100k,6.449,word,classify-2,seed-40354566,0.0625
sp,100k,6.449,word,classify-2,seed-40354567,0.02344
sp,100k,6.449,word,classify-4,seed-40354564,0.01562
sp,100k,6.449,word,classify-4,seed-40354565,0.07812
sp,100k,6.449,word,classify-4,seed-40354566,0.04688
sp,100k,6.449,word,classify-4,seed-40354567,0.0
sp,100k,6.449,word,lookup-4,seed-40354564,0.03906
sp,100k,6.449,word,lookup-4,seed-40354565,0.09375
sp,100k,6.449,word,lookup-4,seed-40354566,0.05469
sp,100k,6.449,word,lookup-4,seed-40354567,0.02344
sp,100k,6.449,word,word-reverse,seed-40354564,0.0
sp,100k,6.449,word,word-reverse,seed-40354565,0.0
sp,100k,6.449,word,word-reverse,seed-40354566,0.0
sp,100k,6.449,word,word-reverse,seed-40354567,0.0
sp,100k,12.891,raw,reverse,seed-40354564,0.01758
sp,100k,12.891,raw,reverse,seed-40354565,0.02539
sp,100k,12.891,raw,reverse,seed-40354566,0.00781
sp,100k,12.891,raw,reverse,seed-40354567,0.0332
sp,100k,12.891,raw,stack,seed-40354564,0.0
sp,100k,12.891,raw,stack,seed-40354565,0.0
sp,100k,12.891,raw,stack,seed-40354566,0.0
sp,100k,12.891,raw,stack,seed-40354567,0.0
sp,100k,12.891,raw,assoc,seed-40354564,0.05469
sp,100k,12.891,raw,assoc,seed-40354565,0.03125
sp,100k,12.891,raw,assoc,seed-40354566,0.03125
sp,100k,12.891,raw,assoc,seed-40354567,0.00781
sp,100k,12.891,raw,sum,seed-40354564,0.0
sp,100k,12.891,raw,sum,seed-40354565,0.0
sp,100k,12.891,raw,sum,seed-40354566,0.0
sp,100k,12.891,raw,sum,seed-40354567,0.0
sp,100k,12.891,raw,max,seed-40354564,0.03125
sp,100k,12.891,raw,max,seed-40354565,0.04688
sp,100k,12.891,raw,max,seed-40354566,0.01562
sp,100k,12.891,raw,max,seed-40354567,0.14062
sp,100k,12.891,raw,min,seed-40354564,0.04688
sp,100k,12.891,raw,min,seed-40354565,0.04688
sp,100k,12.891,raw,min,seed-40354566,0.0
sp,100k,12.891,raw,min,seed-40354567,0.20312
sp,100k,12.891,raw,first,seed-40354564,0.01562
sp,100k,12.891,raw,first,seed-40354565,0.03125
sp,100k,12.891,raw,first,seed-40354566,0.0
sp,100k,12.891,raw,first,seed-40354567,0.0625
sp,100k,12.891,raw,last,seed-40354564,0.125
sp,100k,12.891,raw,last,seed-40354565,0.1875
sp,100k,12.891,raw,last,seed-40354566,0.03125
sp,100k,12.891,raw,last,seed-40354567,0.29688
sp,100k,12.891,text,first,seed-40354564,0.02344
sp,100k,12.891,text,first,seed-40354565,0.05469
sp,100k,12.891,text,first,seed-40354566,0.04688
sp,100k,12.891,text,first,seed-40354567,0.05469
sp,100k,12.891,text,last,seed-40354564,0.0
sp,100k,12.891,text,last,seed-40354565,0.0
sp,100k,12.891,text,last,seed-40354566,0.05469
sp,100k,12.891,text,last,seed-40354567,0.11719
sp,100k,12.891,text,max,seed-40354564,0.0
sp,100k,12.891,text,max,seed-40354565,0.02344
sp,100k,12.891,text,max,seed-40354566,0.07812
sp,100k,12.891,text,max,seed-40354567,0.11719
sp,100k,12.891,text,min,seed-40354564,0.03125
sp,100k,12.891,text,min,seed-40354565,0.0625
sp,100k,12.891,text,min,seed-40354566,0.00781
sp,100k,12.891,text,min,seed-40354567,0.09375
sp,100k,12.891,text,stack,seed-40354564,0.0
sp,100k,12.891,text,stack,seed-40354565,0.01562
sp,100k,12.891,text,stack,seed-40354566,0.00781
sp,100k,12.891,text,stack,seed-40354567,0.00781
sp,100k,12.891,text,assoc,seed-40354564,0.09375
sp,100k,12.891,text,assoc,seed-40354565,0.10156
sp,100k,12.891,text,assoc,seed-40354566,0.05469
sp,100k,12.891,text,assoc,seed-40354567,0.03125
sp,100k,12.891,text,sum,seed-40354564,0.0
sp,100k,12.891,text,sum,seed-40354565,0.0
sp,100k,12.891,text,sum,seed-40354566,0.0
sp,100k,12.891,text,sum,seed-40354567,0.0
sp,100k,12.891,text,reverse,seed-40354564,0.0
sp,100k,12.891,text,reverse,seed-40354565,0.0
sp,100k,12.891,text,reverse,seed-40354566,0.0
sp,100k,12.891,text,reverse,seed-40354567,0.0
sp,100k,12.891,text,cipher,seed-40354564,0.0
sp,100k,12.891,text,cipher,seed-40354565,0.0
sp,100k,12.891,text,cipher,seed-40354566,0.0
sp,100k,12.891,text,cipher,seed-40354567,0.0
sp,100k,12.891,word,classify-2,seed-40354564,0.07812
sp,100k,12.891,word,classify-2,seed-40354565,0.14844
sp,100k,12.891,word,classify-2,seed-40354566,0.11719
sp,100k,12.891,word,classify-2,seed-40354567,0.09375
sp,100k,12.891,word,classify-4,seed-40354564,0.02344
sp,100k,12.891,word,classify-4,seed-40354565,0.10156
sp,100k,12.891,word,classify-4,seed-40354566,0.10156
sp,100k,12.891,word,classify-4,seed-40354567,0.03125
sp,100k,12.891,word,lookup-4,seed-40354564,0.04688
sp,100k,12.891,word,lookup-4,seed-40354565,0.10156
sp,100k,12.891,word,lookup-4,seed-40354566,0.0625
sp,100k,12.891,word,lookup-4,seed-40354567,0.05469
sp,100k,12.891,word,word-reverse,seed-40354564,0.0
sp,100k,12.891,word,word-reverse,seed-40354565,0.0
sp,100k,12.891,word,word-reverse,seed-40354566,0.0
sp,100k,12.891,word,word-reverse,seed-40354567,0.0
sp,100k,17.723,raw,reverse,seed-40354564,0.00586
sp,100k,17.723,raw,reverse,seed-40354565,0.02344
sp,100k,17.723,raw,reverse,seed-40354566,0.00586
sp,100k,17.723,raw,reverse,seed-40354567,0.02637
sp,100k,17.723,raw,stack,seed-40354564,0.0
sp,100k,17.723,raw,stack,seed-40354565,0.0
sp,100k,17.723,raw,stack,seed-40354566,0.0
sp,100k,17.723,raw,stack,seed-40354567,0.0
sp,100k,17.723,raw,assoc,seed-40354564,0.0
sp,100k,17.723,raw,assoc,seed-40354565,0.02344
sp,100k,17.723,raw,assoc,seed-40354566,0.00781
sp,100k,17.723,raw,assoc,seed-40354567,0.00781
sp,100k,17.723,raw,sum,seed-40354564,0.0
sp,100k,17.723,raw,sum,seed-40354565,0.0
sp,100k,17.723,raw,sum,seed-40354566,0.0
sp,100k,17.723,raw,sum,seed-40354567,0.0
sp,100k,17.723,raw,max,seed-40354564,0.0
sp,100k,17.723,raw,max,seed-40354565,0.0
sp,100k,17.723,raw,max,seed-40354566,0.0
sp,100k,17.723,raw,max,seed-40354567,0.07812
sp,100k,17.723,raw,min,seed-40354564,0.01562
sp,100k,17.723,raw,min,seed-40354565,0.07812
sp,100k,17.723,raw,min,seed-40354566,0.0
sp,100k,17.723,raw,min,seed-40354567,0.15625
sp,100k,17.723,raw,first,seed-40354564,0.01562
sp,100k,17.723,raw,first,seed-40354565,0.0
sp,100k,17.723,raw,first,seed-40354566,0.0
sp,100k,17.723,raw,first,seed-40354567,0.125
sp,100k,17.723,raw,last,seed-40354564,0.04688
sp,100k,17.723,raw,last,seed-40354565,0.09375
sp,100k,17.723,raw,last,seed-40354566,0.01562
sp,100k,17.723,raw,last,seed-40354567,0.15625
sp,100k,17.723,text,first,seed-40354564,0.10938
sp,100k,17.723,text,first,seed-40354565,0.03906
sp,100k,17.723,text,first,seed-40354566,0.0625
sp,100k,17.723,text,first,seed-40354567,0.11719
sp,100k,17.723,text,last,seed-40354564,0.02344
sp,100k,17.723,text,last,seed-40354565,0.02344
sp,100k,17.723,text,last,seed-40354566,0.00781
sp,100k,17.723,text,last,seed-40354567,0.19531
sp,100k,17.723,text,max,seed-40354564,0.07812
sp,100k,17.723,text,max,seed-40354565,0.03906
sp,100k,17.723,text,max,seed-40354566,0.04688
sp,100k,17.723,text,max,seed-40354567,0.14844
sp,100k,17.723,text,min,seed-40354564,0.07812
sp,100k,17.723,text,min,seed-40354565,0.03125
sp,100k,17.723,text,min,seed-40354566,0.0625
sp,100k,17.723,text,min,seed-40354567,0.16406
sp,100k,17.723,text,stack,seed-40354564,0.00781
sp,100k,17.723,text,stack,seed-40354565,0.00781
sp,100k,17.723,text,stack,seed-40354566,0.00781
sp,100k,17.723,text,stack,seed-40354567,0.01562
sp,100k,17.723,text,assoc,seed-40354564,0.10938
sp,100k,17.723,text,assoc,seed-40354565,0.10938
sp,100k,17.723,text,assoc,seed-40354566,0.07031
sp,100k,17.723,text,assoc,seed-40354567,0.02344
sp,100k,17.723,text,sum,seed-40354564,0.0
sp,100k,17.723,text,sum,seed-40354565,0.0
sp,100k,17.723,text,sum,seed-40354566,0.00781
sp,100k,17.723,text,sum,seed-40354567,0.00781
sp,100k,17.723,text,reverse,seed-40354564,0.0
sp,100k,17.723,text,reverse,seed-40354565,0.0
sp,100k,17.723,text,reverse,seed-40354566,0.0
sp,100k,17.723,text,reverse,seed-40354567,0.0
sp,100k,17.723,text,cipher,seed-40354564,0.0
sp,100k,17.723,text,cipher,seed-40354565,0.0
sp,100k,17.723,text,cipher,seed-40354566,0.0
sp,100k,17.723,text,cipher,seed-40354567,0.0
sp,100k,17.723,word,classify-2,seed-40354564,0.13281
sp,100k,17.723,word,classify-2,seed-40354565,0.11719
sp,100k,17.723,word,classify-2,seed-40354566,0.14844
sp,100k,17.723,word,classify-2,seed-40354567,0.11719
sp,100k,17.723,word,classify-4,seed-40354564,0.05469
sp,100k,17.723,word,classify-4,seed-40354565,0.07812
sp,100k,17.723,word,classify-4,seed-40354566,0.05469
sp,100k,17.723,word,classify-4,seed-40354567,0.0625
sp,100k,17.723,word,lookup-4,seed-40354564,0.10938
sp,100k,17.723,word,lookup-4,seed-40354565,0.10156
sp,100k,17.723,word,lookup-4,seed-40354566,0.04688
sp,100k,17.723,word,lookup-4,seed-40354567,0.02344
sp,100k,17.723,word,word-reverse,seed-40354564,0.0
sp,100k,17.723,word,word-reverse,seed-40354565,0.0
sp,100k,17.723,word,word-reverse,seed-40354566,0.0
sp,100k,17.723,word,word-reverse,seed-40354567,0.0
sp,100k,51.54,raw,reverse,seed-40354564,0.01855
sp,100k,51.54,raw,reverse,seed-40354565,0.04492
sp,100k,51.54,raw,reverse,seed-40354566,0.02148
sp,100k,51.54,raw,reverse,seed-40354567,0.01562
sp,100k,51.54,raw,stack,seed-40354564,0.0
sp,100k,51.54,raw,stack,seed-40354565,0.0
sp,100k,51.54,raw,stack,seed-40354566,0.0
sp,100k,51.54,raw,stack,seed-40354567,0.125
sp,100k,51.54,raw,assoc,seed-40354564,0.00781
sp,100k,51.54,raw,assoc,seed-40354565,0.03125
sp,100k,51.54,raw,assoc,seed-40354566,0.03125
sp,100k,51.54,raw,assoc,seed-40354567,0.03125
sp,100k,51.54,raw,sum,seed-40354564,0.01562
sp,100k,51.54,raw,sum,seed-40354565,0.0
sp,100k,51.54,raw,sum,seed-40354566,0.0
sp,100k,51.54,raw,sum,seed-40354567,0.0
sp,100k,51.54,raw,max,seed-40354564,0.07812
sp,100k,51.54,raw,max,seed-40354565,0.07812
sp,100k,51.54,raw,max,seed-40354566,0.01562
sp,100k,51.54,raw,max,seed-40354567,0.26562
sp,100k,51.54,raw,min,seed-40354564,0.03125
sp,100k,51.54,raw,min,seed-40354565,0.10938
sp,100k,51.54,raw,min,seed-40354566,0.04688
sp,100k,51.54,raw,min,seed-40354567,0.17188
sp,100k,51.54,raw,first,seed-40354564,0.04688
sp,100k,51.54,raw,first,seed-40354565,0.01562
sp,100k,51.54,raw,first,seed-40354566,0.0
sp,100k,51.54,raw,first,seed-40354567,0.34375
sp,100k,51.54,raw,last,seed-40354564,0.0
sp,100k,51.54,raw,last,seed-40354565,0.21875
sp,100k,51.54,raw,last,seed-40354566,0.07812
sp,100k,51.54,raw,last,seed-40354567,0.03125
sp,100k,51.54,text,first,seed-40354564,0.07031
sp,100k,51.54,text,first,seed-40354565,0.21875
sp,100k,51.54,text,first,seed-40354566,0.13281
sp,100k,51.54,text,first,seed-40354567,0.03906
sp,100k,51.54,text,last,seed-40354564,0.00781
sp,100k,51.54,text,last,seed-40354565,0.0
sp,100k,51.54,text,last,seed-40354566,0.01562
sp,100k,51.54,text,last,seed-40354567,0.24219
sp,100k,51.54,text,max,seed-40354564,0.09375
sp,100k,51.54,text,max,seed-40354565,0.10156
sp,100k,51.54,text,max,seed-40354566,0.13281
sp,100k,51.54,text,max,seed-40354567,0.10156
sp,100k,51.54,text,min,seed-40354564,0.08594
sp,100k,51.54,text,min,seed-40354565,0.20312
sp,100k,51.54,text,min,seed-40354566,0.14844
sp,100k,51.54,text,min,seed-40354567,0.1875
sp,100k,51.54,text,stack,seed-40354564,0.03125
sp,100k,51.54,text,stack,seed-40354565,0.0
sp,100k,51.54,text,stack,seed-40354566,0.0
sp,100k,51.54,text,stack,seed-40354567,0.0
sp,100k,51.54,text,assoc,seed-40354564,0.07812
sp,100k,51.54,text,assoc,seed-40354565,0.08594
sp,100k,51.54,text,assoc,seed-40354566,0.07031
sp,100k,51.54,text,assoc,seed-40354567,0.03125
sp,100k,51.54,text,sum,seed-40354564,0.0
sp,100k,51.54,text,sum,seed-40354565,0.00781
sp,100k,51.54,text,sum,seed-40354566,0.00781
sp,100k,51.54,text,sum,seed-40354567,0.0
sp,100k,51.54,text,reverse,seed-40354564,0.0
sp,100k,51.54,text,reverse,seed-40354565,0.0
sp,100k,51.54,text,reverse,seed-40354566,0.0
sp,100k,51.54,text,reverse,seed-40354567,0.0
sp,100k,51.54,text,cipher,seed-40354564,0.0
sp,100k,51.54,text,cipher,seed-40354565,0.0
sp,100k,51.54,text,cipher,seed-40354566,0.0
sp,100k,51.54,text,cipher,seed-40354567,0.0
sp,100k,51.54,word,classify-2,seed-40354564,0.09375
sp,100k,51.54,word,classify-2,seed-40354565,0.14844
sp,100k,51.54,word,classify-2,seed-40354566,0.09375
sp,100k,51.54,word,classify-2,seed-40354567,0.07031
sp,100k,51.54,word,classify-4,seed-40354564,0.07031
sp,100k,51.54,word,classify-4,seed-40354565,0.05469
sp,100k,51.54,word,classify-4,seed-40354566,0.04688
sp,100k,51.54,word,classify-4,seed-40354567,0.03906
sp,100k,51.54,word,lookup-4,seed-40354564,0.07812
sp,100k,51.54,word,lookup-4,seed-40354565,0.13281
sp,100k,51.54,word,lookup-4,seed-40354566,0.0625
sp,100k,51.54,word,lookup-4,seed-40354567,0.03125
sp,100k,51.54,word,word-reverse,seed-40354564,0.0
sp,100k,51.54,word,word-reverse,seed-40354565,0.0
sp,100k,51.54,word,word-reverse,seed-40354566,0.0
sp,100k,51.54,word,word-reverse,seed-40354567,0.0
sp,1M,0.006,raw,reverse,seed-40354564,0.00195
sp,1M,0.006,raw,reverse,seed-40354565,0.00293
sp,1M,0.006,raw,reverse,seed-40354566,0.00391
sp,1M,0.006,raw,reverse,seed-40354567,0.00391
sp,1M,0.006,raw,stack,seed-40354564,0.0
sp,1M,0.006,raw,stack,seed-40354565,0.00781
sp,1M,0.006,raw,stack,seed-40354566,0.0
sp,1M,0.006,raw,stack,seed-40354567,0.0
sp,1M,0.006,raw,assoc,seed-40354564,0.0
sp,1M,0.006,raw,assoc,seed-40354565,0.0
sp,1M,0.006,raw,assoc,seed-40354566,0.00781
sp,1M,0.006,raw,assoc,seed-40354567,0.0
sp,1M,0.006,raw,sum,seed-40354564,0.0
sp,1M,0.006,raw,sum,seed-40354565,0.01562
sp,1M,0.006,raw,sum,seed-40354566,0.01562
sp,1M,0.006,raw,sum,seed-40354567,0.0
sp,1M,0.006,raw,max,seed-40354564,0.0
sp,1M,0.006,raw,max,seed-40354565,0.0
sp,1M,0.006,raw,max,seed-40354566,0.0
sp,1M,0.006,raw,max,seed-40354567,0.0
sp,1M,0.006,raw,min,seed-40354564,0.03125
sp,1M,0.006,raw,min,seed-40354565,0.0
sp,1M,0.006,raw,min,seed-40354566,0.0
sp,1M,0.006,raw,min,seed-40354567,0.01562
sp,1M,0.006,raw,first,seed-40354564,0.0
sp,1M,0.006,raw,first,seed-40354565,0.0
sp,1M,0.006,raw,first,seed-40354566,0.01562
sp,1M,0.006,raw,first,seed-40354567,0.0
sp,1M,0.006,raw,last,seed-40354564,0.01562
sp,1M,0.006,raw,last,seed-40354565,0.0
sp,1M,0.006,raw,last,seed-40354566,0.01562
sp,1M,0.006,raw,last,seed-40354567,0.0
sp,1M,0.006,text,first,seed-40354564,0.0
sp,1M,0.006,text,first,seed-40354565,0.0
sp,1M,0.006,text,first,seed-40354566,0.0
sp,1M,0.006,text,first,seed-40354567,0.0
sp,1M,0.006,text,last,seed-40354564,0.00781
sp,1M,0.006,text,last,seed-40354565,0.0
sp,1M,0.006,text,last,seed-40354566,0.0
sp,1M,0.006,text,last,seed-40354567,0.0
sp,1M,0.006,text,max,seed-40354564,0.0
sp,1M,0.006,text,max,seed-40354565,0.0
sp,1M,0.006,text,max,seed-40354566,0.0
sp,1M,0.006,text,max,seed-40354567,0.0
sp,1M,0.006,text,min,seed-40354564,0.0
sp,1M,0.006,text,min,seed-40354565,0.0
sp,1M,0.006,text,min,seed-40354566,0.0
sp,1M,0.006,text,min,seed-40354567,0.0
sp,1M,0.006,text,stack,seed-40354564,0.0
sp,1M,0.006,text,stack,seed-40354565,0.0
sp,1M,0.006,text,stack,seed-40354566,0.0
sp,1M,0.006,text,stack,seed-40354567,0.0
sp,1M,0.006,text,assoc,seed-40354564,0.0
sp,1M,0.006,text,assoc,seed-40354565,0.0
sp,1M,0.006,text,assoc,seed-40354566,0.01562
sp,1M,0.006,text,assoc,seed-40354567,0.0
sp,1M,0.006,text,sum,seed-40354564,0.0
sp,1M,0.006,text,sum,seed-40354565,0.0
sp,1M,0.006,text,sum,seed-40354566,0.0
sp,1M,0.006,text,sum,seed-40354567,0.0
sp,1M,0.006,text,reverse,seed-40354564,0.0
sp,1M,0.006,text,reverse,seed-40354565,0.0
sp,1M,0.006,text,reverse,seed-40354566,0.0
sp,1M,0.006,text,reverse,seed-40354567,0.0
sp,1M,0.006,text,cipher,seed-40354564,0.0
sp,1M,0.006,text,cipher,seed-40354565,0.0
sp,1M,0.006,text,cipher,seed-40354566,0.0
sp,1M,0.006,text,cipher,seed-40354567,0.0
sp,1M,0.006,word,classify-2,seed-40354564,0.0
sp,1M,0.006,word,classify-2,seed-40354565,0.0
sp,1M,0.006,word,classify-2,seed-40354566,0.0
sp,1M,0.006,word,classify-2,seed-40354567,0.0
sp,1M,0.006,word,classify-4,seed-40354564,0.01562
sp,1M,0.006,word,classify-4,seed-40354565,0.0
sp,1M,0.006,word,classify-4,seed-40354566,0.0
sp,1M,0.006,word,classify-4,seed-40354567,0.0
sp,1M,0.006,word,lookup-4,seed-40354564,0.0
sp,1M,0.006,word,lookup-4,seed-40354565,0.0
sp,1M,0.006,word,lookup-4,seed-40354566,0.0
sp,1M,0.006,word,lookup-4,seed-40354567,0.0
sp,1M,0.006,word,word-reverse,seed-40354564,0.0
sp,1M,0.006,word,word-reverse,seed-40354565,0.0
sp,1M,0.006,word,word-reverse,seed-40354566,0.0
sp,1M,0.006,word,word-reverse,seed-40354567,0.0
sp,1M,1.617,raw,reverse,seed-40354564,0.00488
sp,1M,1.617,raw,reverse,seed-40354565,0.00977
sp,1M,1.617,raw,reverse,seed-40354566,0.05566
sp,1M,1.617,raw,reverse,seed-40354567,0.00684
sp,1M,1.617,raw,stack,seed-40354564,0.0
sp,1M,1.617,raw,stack,seed-40354565,0.0
sp,1M,1.617,raw,stack,seed-40354566,0.0
sp,1M,1.617,raw,stack,seed-40354567,0.0
sp,1M,1.617,raw,assoc,seed-40354564,0.00781
sp,1M,1.617,raw,assoc,seed-40354565,0.01562
sp,1M,1.617,raw,assoc,seed-40354566,0.0
sp,1M,1.617,raw,assoc,seed-40354567,0.00781
sp,1M,1.617,raw,sum,seed-40354564,0.0
sp,1M,1.617,raw,sum,seed-40354565,0.01562
sp,1M,1.617,raw,sum,seed-40354566,0.01562
sp,1M,1.617,raw,sum,seed-40354567,0.0
sp,1M,1.617,raw,max,seed-40354564,0.0
sp,1M,1.617,raw,max,seed-40354565,0.0
sp,1M,1.617,raw,max,seed-40354566,0.14062
sp,1M,1.617,raw,max,seed-40354567,0.17188
sp,1M,1.617,raw,min,seed-40354564,0.0
sp,1M,1.617,raw,min,seed-40354565,0.0
sp,1M,1.617,raw,min,seed-40354566,0.23438
sp,1M,1.617,raw,min,seed-40354567,0.23438
sp,1M,1.617,raw,first,seed-40354564,0.0
sp,1M,1.617,raw,first,seed-40354565,0.0
sp,1M,1.617,raw,first,seed-40354566,0.0
sp,1M,1.617,raw,first,seed-40354567,0.0
sp,1M,1.617,raw,last,seed-40354564,0.0
sp,1M,1.617,raw,last,seed-40354565,0.0
sp,1M,1.617,raw,last,seed-40354566,0.3125
sp,1M,1.617,raw,last,seed-40354567,0.40625
sp,1M,1.617,text,first,seed-40354564,0.00781
sp,1M,1.617,text,first,seed-40354565,0.0
sp,1M,1.617,text,first,seed-40354566,0.0
sp,1M,1.617,text,first,seed-40354567,0.0
sp,1M,1.617,text,last,seed-40354564,0.00781
sp,1M,1.617,text,last,seed-40354565,0.0
sp,1M,1.617,text,last,seed-40354566,0.0
sp,1M,1.617,text,last,seed-40354567,0.0
sp,1M,1.617,text,max,seed-40354564,0.00781
sp,1M,1.617,text,max,seed-40354565,0.0
sp,1M,1.617,text,max,seed-40354566,0.0
sp,1M,1.617,text,max,seed-40354567,0.0
sp,1M,1.617,text,min,seed-40354564,0.01562
sp,1M,1.617,text,min,seed-40354565,0.0
sp,1M,1.617,text,min,seed-40354566,0.0
sp,1M,1.617,text,min,seed-40354567,0.0
sp,1M,1.617,text,stack,seed-40354564,0.0
sp,1M,1.617,text,stack,seed-40354565,0.0
sp,1M,1.617,text,stack,seed-40354566,0.0
sp,1M,1.617,text,stack,seed-40354567,0.01562
sp,1M,1.617,text,assoc,seed-40354564,0.01562
sp,1M,1.617,text,assoc,seed-40354565,0.0
sp,1M,1.617,text,assoc,seed-40354566,0.0
sp,1M,1.617,text,assoc,seed-40354567,0.0
sp,1M,1.617,text,sum,seed-40354564,0.00781
sp,1M,1.617,text,sum,seed-40354565,0.0
sp,1M,1.617,text,sum,seed-40354566,0.0
sp,1M,1.617,text,sum,seed-40354567,0.0
sp,1M,1.617,text,reverse,seed-40354564,0.0
sp,1M,1.617,text,reverse,seed-40354565,0.0
sp,1M,1.617,text,reverse,seed-40354566,0.0
sp,1M,1.617,text,reverse,seed-40354567,0.0
sp,1M,1.617,text,cipher,seed-40354564,0.0
sp,1M,1.617,text,cipher,seed-40354565,0.0
sp,1M,1.617,text,cipher,seed-40354566,0.0
sp,1M,1.617,text,cipher,seed-40354567,0.0
sp,1M,1.617,word,classify-2,seed-40354564,0.05469
sp,1M,1.617,word,classify-2,seed-40354565,0.01562
sp,1M,1.617,word,classify-2,seed-40354566,0.03906
sp,1M,1.617,word,classify-2,seed-40354567,0.0
sp,1M,1.617,word,classify-4,seed-40354564,0.04688
sp,1M,1.617,word,classify-4,seed-40354565,0.00781
sp,1M,1.617,word,classify-4,seed-40354566,0.01562
sp,1M,1.617,word,classify-4,seed-40354567,0.0
sp,1M,1.617,word,lookup-4,seed-40354564,0.02344
sp,1M,1.617,word,lookup-4,seed-40354565,0.00781
sp,1M,1.617,word,lookup-4,seed-40354566,0.00781
sp,1M,1.617,word,lookup-4,seed-40354567,0.0
sp,1M,1.617,word,word-reverse,seed-40354564,0.0
sp,1M,1.617,word,word-reverse,seed-40354565,0.0
sp,1M,1.617,word,word-reverse,seed-40354566,0.0
sp,1M,1.617,word,word-reverse,seed-40354567,0.0
sp,1M,3.228,raw,reverse,seed-40354564,0.01855
sp,1M,3.228,raw,reverse,seed-40354565,0.02246
sp,1M,3.228,raw,reverse,seed-40354566,0.0791
sp,1M,3.228,raw,reverse,seed-40354567,0.02734
sp,1M,3.228,raw,stack,seed-40354564,0.0
sp,1M,3.228,raw,stack,seed-40354565,0.0
sp,1M,3.228,raw,stack,seed-40354566,0.72656
sp,1M,3.228,raw,stack,seed-40354567,0.0
sp,1M,3.228,raw,assoc,seed-40354564,0.03125
sp,1M,3.228,raw,assoc,seed-40354565,0.0
sp,1M,3.228,raw,assoc,seed-40354566,0.07031
sp,1M,3.228,raw,assoc,seed-40354567,0.00781
sp,1M,3.228,raw,sum,seed-40354564,0.0
sp,1M,3.228,raw,sum,seed-40354565,0.0
sp,1M,3.228,raw,sum,seed-40354566,0.0
sp,1M,3.228,raw,sum,seed-40354567,0.01562
sp,1M,3.228,raw,max,seed-40354564,0.01562
sp,1M,3.228,raw,max,seed-40354565,0.10938
sp,1M,3.228,raw,max,seed-40354566,0.375
sp,1M,3.228,raw,max,seed-40354567,0.09375
sp,1M,3.228,raw,min,seed-40354564,0.0625
sp,1M,3.228,raw,min,seed-40354565,0.03125
sp,1M,3.228,raw,min,seed-40354566,0.42188
sp,1M,3.228,raw,min,seed-40354567,0.125
sp,1M,3.228,raw,first,seed-40354564,0.0
sp,1M,3.228,raw,first,seed-40354565,0.0
sp,1M,3.228,raw,first,seed-40354566,0.65625
sp,1M,3.228,raw,first,seed-40354567,0.03125
sp,1M,3.228,raw,last,seed-40354564,0.0625
sp,1M,3.228,raw,last,seed-40354565,0.25
sp,1M,3.228,raw,last,seed-40354566,1.0
sp,1M,3.228,raw,last,seed-40354567,0.1875
sp,1M,3.228,text,first,seed-40354564,0.00781
sp,1M,3.228,text,first,seed-40354565,0.0
sp,1M,3.228,text,first,seed-40354566,0.35156
sp,1M,3.228,text,first,seed-40354567,0.03125
sp,1M,3.228,text,last,seed-40354564,0.00781
sp,1M,3.228,text,last,seed-40354565,0.00781
sp,1M,3.228,text,last,seed-40354566,0.53125
sp,1M,3.228,text,last,seed-40354567,0.07812
sp,1M,3.228,text,max,seed-40354564,0.0
sp,1M,3.228,text,max,seed-40354565,0.0
sp,1M,3.228,text,max,seed-40354566,0.49219
sp,1M,3.228,text,max,seed-40354567,0.09375
sp,1M,3.228,text,min,seed-40354564,0.0
sp,1M,3.228,text,min,seed-40354565,0.01562
sp,1M,3.228,text,min,seed-40354566,0.39062
sp,1M,3.228,text,min,seed-40354567,0.01562
sp,1M,3.228,text,stack,seed-40354564,0.0
sp,1M,3.228,text,stack,seed-40354565,0.0
sp,1M,3.228,text,stack,seed-40354566,0.71094
sp,1M,3.228,text,stack,seed-40354567,0.0
sp,1M,3.228,text,assoc,seed-40354564,0.00781
sp,1M,3.228,text,assoc,seed-40354565,0.00781
sp,1M,3.228,text,assoc,seed-40354566,0.03906
sp,1M,3.228,text,assoc,seed-40354567,0.05469
sp,1M,3.228,text,sum,seed-40354564,0.00781
sp,1M,3.228,text,sum,seed-40354565,0.0
sp,1M,3.228,text,sum,seed-40354566,0.0
sp,1M,3.228,text,sum,seed-40354567,0.0
sp,1M,3.228,text,reverse,seed-40354564,0.0
sp,1M,3.228,text,reverse,seed-40354565,0.0
sp,1M,3.228,text,reverse,seed-40354566,0.0
sp,1M,3.228,text,reverse,seed-40354567,0.0
sp,1M,3.228,text,cipher,seed-40354564,0.0
sp,1M,3.228,text,cipher,seed-40354565,0.0
sp,1M,3.228,text,cipher,seed-40354566,0.0
sp,1M,3.228,text,cipher,seed-40354567,0.0
sp,1M,3.228,word,classify-2,seed-40354564,0.03906
sp,1M,3.228,word,classify-2,seed-40354565,0.03125
sp,1M,3.228,word,classify-2,seed-40354566,0.19531
sp,1M,3.228,word,classify-2,seed-40354567,0.04688
sp,1M,3.228,word,classify-4,seed-40354564,0.01562
sp,1M,3.228,word,classify-4,seed-40354565,0.0
sp,1M,3.228,word,classify-4,seed-40354566,0.11719
sp,1M,3.228,word,classify-4,seed-40354567,0.04688
sp,1M,3.228,word,lookup-4,seed-40354564,0.00781
sp,1M,3.228,word,lookup-4,seed-40354565,0.0
sp,1M,3.228,word,lookup-4,seed-40354566,0.10156
sp,1M,3.228,word,lookup-4,seed-40354567,0.03906
sp,1M,3.228,word,word-reverse,seed-40354564,0.0
sp,1M,3.228,word,word-reverse,seed-40354565,0.0
sp,1M,3.228,word,word-reverse,seed-40354566,0.0
sp,1M,3.228,word,word-reverse,seed-40354567,0.0
sp,1M,6.449,raw,reverse,seed-40354564,0.00879
sp,1M,6.449,raw,reverse,seed-40354565,0.1709
sp,1M,6.449,raw,reverse,seed-40354566,0.09277
sp,1M,6.449,raw,reverse,seed-40354567,0.06152
sp,1M,6.449,raw,stack,seed-40354564,0.0
sp,1M,6.449,raw,stack,seed-40354565,0.72656
sp,1M,6.449,raw,stack,seed-40354566,0.71094
sp,1M,6.449,raw,stack,seed-40354567,0.03906
sp,1M,6.449,raw,assoc,seed-40354564,0.01562
sp,1M,6.449,raw,assoc,seed-40354565,0.58594
sp,1M,6.449,raw,assoc,seed-40354566,0.92188
sp,1M,6.449,raw,assoc,seed-40354567,0.27344
sp,1M,6.449,raw,sum,seed-40354564,0.0
sp,1M,6.449,raw,sum,seed-40354565,0.0
sp,1M,6.449,raw,sum,seed-40354566,0.0
sp,1M,6.449,raw,sum,seed-40354567,0.0
sp,1M,6.449,raw,max,seed-40354564,0.01562
sp,1M,6.449,raw,max,seed-40354565,0.5625
sp,1M,6.449,raw,max,seed-40354566,0.40625
sp,1M,6.449,raw,max,seed-40354567,0.29688
sp,1M,6.449,raw,min,seed-40354564,0.04688
sp,1M,6.449,raw,min,seed-40354565,0.5
sp,1M,6.449,raw,min,seed-40354566,0.40625
sp,1M,6.449,raw,min,seed-40354567,0.42188
sp,1M,6.449,raw,first,seed-40354564,0.0
sp,1M,6.449,raw,first,seed-40354565,0.98438
sp,1M,6.449,raw,first,seed-40354566,0.85938
sp,1M,6.449,raw,first,seed-40354567,0.04688
sp,1M,6.449,raw,last,seed-40354564,0.07812
sp,1M,6.449,raw,last,seed-40354565,0.98438
sp,1M,6.449,raw,last,seed-40354566,0.98438
sp,1M,6.449,raw,last,seed-40354567,0.89062
sp,1M,6.449,text,first,seed-40354564,0.03906
sp,1M,6.449,text,first,seed-40354565,0.08594
sp,1M,6.449,text,first,seed-40354566,0.28906
sp,1M,6.449,text,first,seed-40354567,0.05469
sp,1M,6.449,text,last,seed-40354564,0.04688
sp,1M,6.449,text,last,seed-40354565,1.0
sp,1M,6.449,text,last,seed-40354566,0.49219
sp,1M,6.449,text,last,seed-40354567,0.05469
sp,1M,6.449,text,max,seed-40354564,0.03125
sp,1M,6.449,text,max,seed-40354565,0.55469
sp,1M,6.449,text,max,seed-40354566,0.50781
sp,1M,6.449,text,max,seed-40354567,0.05469
sp,1M,6.449,text,min,seed-40354564,0.03125
sp,1M,6.449,text,min,seed-40354565,0.42969
sp,1M,6.449,text,min,seed-40354566,0.49219
sp,1M,6.449,text,min,seed-40354567,0.0625
sp,1M,6.449,text,stack,seed-40354564,0.00781
sp,1M,6.449,text,stack,seed-40354565,0.69531
sp,1M,6.449,text,stack,seed-40354566,0.64062
sp,1M,6.449,text,stack,seed-40354567,0.10156
sp,1M,6.449,text,assoc,seed-40354564,0.04688
sp,1M,6.449,text,assoc,seed-40354565,0.24219
sp,1M,6.449,text,assoc,seed-40354566,0.10938
sp,1M,6.449,text,assoc,seed-40354567,0.05469
sp,1M,6.449,text,sum,seed-40354564,0.0
sp,1M,6.449,text,sum,seed-40354565,0.0
sp,1M,6.449,text,sum,seed-40354566,0.0
sp,1M,6.449,text,sum,seed-40354567,0.00781
sp,1M,6.449,text,reverse,seed-40354564,0.0
sp,1M,6.449,text,reverse,seed-40354565,0.0
sp,1M,6.449,text,reverse,seed-40354566,0.0
sp,1M,6.449,text,reverse,seed-40354567,0.0
sp,1M,6.449,text,cipher,seed-40354564,0.0
sp,1M,6.449,text,cipher,seed-40354565,0.0
sp,1M,6.449,text,cipher,seed-40354566,0.0
sp,1M,6.449,text,cipher,seed-40354567,0.0
sp,1M,6.449,word,classify-2,seed-40354564,0.03906
sp,1M,6.449,word,classify-2,seed-40354565,0.44531
sp,1M,6.449,word,classify-2,seed-40354566,0.52344
sp,1M,6.449,word,classify-2,seed-40354567,0.32812
sp,1M,6.449,word,classify-4,seed-40354564,0.0625
sp,1M,6.449,word,classify-4,seed-40354565,0.24219
sp,1M,6.449,word,classify-4,seed-40354566,0.09375
sp,1M,6.449,word,classify-4,seed-40354567,0.19531
sp,1M,6.449,word,lookup-4,seed-40354564,0.02344
sp,1M,6.449,word,lookup-4,seed-40354565,0.36719
sp,1M,6.449,word,lookup-4,seed-40354566,0.25
sp,1M,6.449,word,lookup-4,seed-40354567,0.19531
sp,1M,6.449,word,word-reverse,seed-40354564,0.0
sp,1M,6.449,word,word-reverse,seed-40354565,0.0
sp,1M,6.449,word,word-reverse,seed-40354566,0.0
sp,1M,6.449,word,word-reverse,seed-40354567,0.0
sp,1M,12.891,raw,reverse,seed-40354564,0.00977
sp,1M,12.891,raw,reverse,seed-40354565,0.08984
sp,1M,12.891,raw,reverse,seed-40354566,0.06934
sp,1M,12.891,raw,reverse,seed-40354567,0.0918
sp,1M,12.891,raw,stack,seed-40354564,0.04688
sp,1M,12.891,raw,stack,seed-40354565,0.77344
sp,1M,12.891,raw,stack,seed-40354566,0.64062
sp,1M,12.891,raw,stack,seed-40354567,0.77344
sp,1M,12.891,raw,assoc,seed-40354564,0.85938
sp,1M,12.891,raw,assoc,seed-40354565,0.1875
sp,1M,12.891,raw,assoc,seed-40354566,0.92969
sp,1M,12.891,raw,assoc,seed-40354567,0.59375
sp,1M,12.891,raw,sum,seed-40354564,0.0
sp,1M,12.891,raw,sum,seed-40354565,0.0
sp,1M,12.891,raw,sum,seed-40354566,0.0
sp,1M,12.891,raw,sum,seed-40354567,0.0
sp,1M,12.891,raw,max,seed-40354564,0.46875
sp,1M,12.891,raw,max,seed-40354565,0.40625
sp,1M,12.891,raw,max,seed-40354566,0.5
sp,1M,12.891,raw,max,seed-40354567,0.5
sp,1M,12.891,raw,min,seed-40354564,0.53125
sp,1M,12.891,raw,min,seed-40354565,0.51562
sp,1M,12.891,raw,min,seed-40354566,0.54688
sp,1M,12.891,raw,min,seed-40354567,0.4375
sp,1M,12.891,raw,first,seed-40354564,0.85938
sp,1M,12.891,raw,first,seed-40354565,1.0
sp,1M,12.891,raw,first,seed-40354566,0.90625
sp,1M,12.891,raw,first,seed-40354567,1.0
sp,1M,12.891,raw,last,seed-40354564,1.0
sp,1M,12.891,raw,last,seed-40354565,0.98438
sp,1M,12.891,raw,last,seed-40354566,1.0
sp,1M,12.891,raw,last,seed-40354567,1.0
sp,1M,12.891,text,first,seed-40354564,0.07812
sp,1M,12.891,text,first,seed-40354565,0.51562
sp,1M,12.891,text,first,seed-40354566,0.0625
sp,1M,12.891,text,first,seed-40354567,0.96875
sp,1M,12.891,text,last,seed-40354564,0.5
sp,1M,12.891,text,last,seed-40354565,0.96094
sp,1M,12.891,text,last,seed-40354566,0.66406
sp,1M,12.891,text,last,seed-40354567,0.95312
sp,1M,12.891,text,max,seed-40354564,0.39844
sp,1M,12.891,text,max,seed-40354565,0.60156
sp,1M,12.891,text,max,seed-40354566,0.34375
sp,1M,12.891,text,max,seed-40354567,0.54688
sp,1M,12.891,text,min,seed-40354564,0.26562
sp,1M,12.891,text,min,seed-40354565,0.46875
sp,1M,12.891,text,min,seed-40354566,0.25
sp,1M,12.891,text,min,seed-40354567,0.60156
sp,1M,12.891,text,stack,seed-40354564,0.1875
sp,1M,12.891,text,stack,seed-40354565,0.78906
sp,1M,12.891,text,stack,seed-40354566,0.5
sp,1M,12.891,text,stack,seed-40354567,0.6875
sp,1M,12.891,text,assoc,seed-40354564,0.16406
sp,1M,12.891,text,assoc,seed-40354565,0.4375
sp,1M,12.891,text,assoc,seed-40354566,0.03906
sp,1M,12.891,text,assoc,seed-40354567,0.36719
sp,1M,12.891,text,sum,seed-40354564,0.0
sp,1M,12.891,text,sum,seed-40354565,0.0
sp,1M,12.891,text,sum,seed-40354566,0.00781
sp,1M,12.891,text,sum,seed-40354567,0.02344
sp,1M,12.891,text,reverse,seed-40354564,0.0
sp,1M,12.891,text,reverse,seed-40354565,0.0
sp,1M,12.891,text,reverse,seed-40354566,0.0
sp,1M,12.891,text,reverse,seed-40354567,0.0
sp,1M,12.891,text,cipher,seed-40354564,0.0
sp,1M,12.891,text,cipher,seed-40354565,0.0
sp,1M,12.891,text,cipher,seed-40354566,0.0
sp,1M,12.891,text,cipher,seed-40354567,0.0
sp,1M,12.891,word,classify-2,seed-40354564,0.52344
sp,1M,12.891,word,classify-2,seed-40354565,0.44531
sp,1M,12.891,word,classify-2,seed-40354566,0.49219
sp,1M,12.891,word,classify-2,seed-40354567,0.48438
sp,1M,12.891,word,classify-4,seed-40354564,0.17969
sp,1M,12.891,word,classify-4,seed-40354565,0.22656
sp,1M,12.891,word,classify-4,seed-40354566,0.17969
sp,1M,12.891,word,classify-4,seed-40354567,0.27344
sp,1M,12.891,word,lookup-4,seed-40354564,0.25
sp,1M,12.891,word,lookup-4,seed-40354565,0.69531
sp,1M,12.891,word,lookup-4,seed-40354566,0.26562
sp,1M,12.891,word,lookup-4,seed-40354567,0.875
sp,1M,12.891,word,word-reverse,seed-40354564,0.0
sp,1M,12.891,word,word-reverse,seed-40354565,0.0
sp,1M,12.891,word,word-reverse,seed-40354566,0.0
sp,1M,12.891,word,word-reverse,seed-40354567,0.0
sp,1M,17.723,raw,reverse,seed-40354564,0.02344
sp,1M,17.723,raw,reverse,seed-40354565,0.03125
sp,1M,17.723,raw,reverse,seed-40354566,0.04688
sp,1M,17.723,raw,reverse,seed-40354567,0.0752
sp,1M,17.723,raw,stack,seed-40354564,0.375
sp,1M,17.723,raw,stack,seed-40354565,0.66406
sp,1M,17.723,raw,stack,seed-40354566,0.54688
sp,1M,17.723,raw,stack,seed-40354567,0.73438
sp,1M,17.723,raw,assoc,seed-40354564,0.88281
sp,1M,17.723,raw,assoc,seed-40354565,0.19531
sp,1M,17.723,raw,assoc,seed-40354566,0.92969
sp,1M,17.723,raw,assoc,seed-40354567,0.28125
sp,1M,17.723,raw,sum,seed-40354564,0.0
sp,1M,17.723,raw,sum,seed-40354565,0.01562
sp,1M,17.723,raw,sum,seed-40354566,0.0
sp,1M,17.723,raw,sum,seed-40354567,0.01562
sp,1M,17.723,raw,max,seed-40354564,0.51562
sp,1M,17.723,raw,max,seed-40354565,0.46875
sp,1M,17.723,raw,max,seed-40354566,0.53125
sp,1M,17.723,raw,max,seed-40354567,0.4375
sp,1M,17.723,raw,min,seed-40354564,0.54688
sp,1M,17.723,raw,min,seed-40354565,0.48438
sp,1M,17.723,raw,min,seed-40354566,0.5
sp,1M,17.723,raw,min,seed-40354567,0.46875
sp,1M,17.723,raw,first,seed-40354564,1.0
sp,1M,17.723,raw,first,seed-40354565,1.0
sp,1M,17.723,raw,first,seed-40354566,1.0
sp,1M,17.723,raw,first,seed-40354567,1.0
sp,1M,17.723,raw,last,seed-40354564,1.0
sp,1M,17.723,raw,last,seed-40354565,1.0
sp,1M,17.723,raw,last,seed-40354566,1.0
sp,1M,17.723,raw,last,seed-40354567,1.0
sp,1M,17.723,text,first,seed-40354564,0.08594
sp,1M,17.723,text,first,seed-40354565,0.53125
sp,1M,17.723,text,first,seed-40354566,0.07031
sp,1M,17.723,text,first,seed-40354567,0.52344
sp,1M,17.723,text,last,seed-40354564,0.72656
sp,1M,17.723,text,last,seed-40354565,0.95312
sp,1M,17.723,text,last,seed-40354566,0.84375
sp,1M,17.723,text,last,seed-40354567,0.99219
sp,1M,17.723,text,max,seed-40354564,0.34375
sp,1M,17.723,text,max,seed-40354565,0.61719
sp,1M,17.723,text,max,seed-40354566,0.30469
sp,1M,17.723,text,max,seed-40354567,0.51562
sp,1M,17.723,text,min,seed-40354564,0.39062
sp,1M,17.723,text,min,seed-40354565,0.39844
sp,1M,17.723,text,min,seed-40354566,0.14844
sp,1M,17.723,text,min,seed-40354567,0.42969
sp,1M,17.723,text,stack,seed-40354564,0.34375
sp,1M,17.723,text,stack,seed-40354565,0.72656
sp,1M,17.723,text,stack,seed-40354566,0.16406
sp,1M,17.723,text,stack,seed-40354567,0.72656
sp,1M,17.723,text,assoc,seed-40354564,0.28125
sp,1M,17.723,text,assoc,seed-40354565,0.15625
sp,1M,17.723,text,assoc,seed-40354566,0.14844
sp,1M,17.723,text,assoc,seed-40354567,0.17969
sp,1M,17.723,text,sum,seed-40354564,0.00781
sp,1M,17.723,text,sum,seed-40354565,0.00781
sp,1M,17.723,text,sum,seed-40354566,0.0
sp,1M,17.723,text,sum,seed-40354567,0.0
sp,1M,17.723,text,reverse,seed-40354564,0.0
sp,1M,17.723,text,reverse,seed-40354565,0.0
sp,1M,17.723,text,reverse,seed-40354566,0.0
sp,1M,17.723,text,reverse,seed-40354567,0.0
sp,1M,17.723,text,cipher,seed-40354564,0.0
sp,1M,17.723,text,cipher,seed-40354565,0.0
sp,1M,17.723,text,cipher,seed-40354566,0.0
sp,1M,17.723,text,cipher,seed-40354567,0.0
sp,1M,17.723,word,classify-2,seed-40354564,0.40625
sp,1M,17.723,word,classify-2,seed-40354565,0.28125
sp,1M,17.723,word,classify-2,seed-40354566,0.5
sp,1M,17.723,word,classify-2,seed-40354567,0.39062
sp,1M,17.723,word,classify-4,seed-40354564,0.22656
sp,1M,17.723,word,classify-4,seed-40354565,0.14062
sp,1M,17.723,word,classify-4,seed-40354566,0.1875
sp,1M,17.723,word,classify-4,seed-40354567,0.20312
sp,1M,17.723,word,lookup-4,seed-40354564,0.30469
sp,1M,17.723,word,lookup-4,seed-40354565,0.34375
sp,1M,17.723,word,lookup-4,seed-40354566,0.32812
sp,1M,17.723,word,lookup-4,seed-40354567,0.41406
sp,1M,17.723,word,word-reverse,seed-40354564,0.0
sp,1M,17.723,word,word-reverse,seed-40354565,0.0
sp,1M,17.723,word,word-reverse,seed-40354566,0.0
sp,1M,17.723,word,word-reverse,seed-40354567,0.0
sp,1M,51.54,raw,reverse,seed-40354564,0.30957
sp,1M,51.54,raw,reverse,seed-40354565,0.02246
sp,1M,51.54,raw,reverse,seed-40354566,0.10156
sp,1M,51.54,raw,reverse,seed-40354567,0.07031
sp,1M,51.54,raw,stack,seed-40354564,0.78906
sp,1M,51.54,raw,stack,seed-40354565,0.76562
sp,1M,51.54,raw,stack,seed-40354566,0.82031
sp,1M,51.54,raw,stack,seed-40354567,0.77344
sp,1M,51.54,raw,assoc,seed-40354564,0.76562
sp,1M,51.54,raw,assoc,seed-40354565,0.09375
sp,1M,51.54,raw,assoc,seed-40354566,0.45312
sp,1M,51.54,raw,assoc,seed-40354567,0.20312
sp,1M,51.54,raw,sum,seed-40354564,0.0
sp,1M,51.54,raw,sum,seed-40354565,0.0
sp,1M,51.54,raw,sum,seed-40354566,0.0
sp,1M,51.54,raw,sum,seed-40354567,0.01562
sp,1M,51.54,raw,max,seed-40354564,0.54688
sp,1M,51.54,raw,max,seed-40354565,0.5
sp,1M,51.54,raw,max,seed-40354566,0.5
sp,1M,51.54,raw,max,seed-40354567,0.54688
sp,1M,51.54,raw,min,seed-40354564,0.54688
sp,1M,51.54,raw,min,seed-40354565,0.46875
sp,1M,51.54,raw,min,seed-40354566,0.42188
sp,1M,51.54,raw,min,seed-40354567,0.54688
sp,1M,51.54,raw,first,seed-40354564,1.0
sp,1M,51.54,raw,first,seed-40354565,1.0
sp,1M,51.54,raw,first,seed-40354566,1.0
sp,1M,51.54,raw,first,seed-40354567,1.0
sp,1M,51.54,raw,last,seed-40354564,1.0
sp,1M,51.54,raw,last,seed-40354565,1.0
sp,1M,51.54,raw,last,seed-40354566,1.0
sp,1M,51.54,raw,last,seed-40354567,1.0
sp,1M,51.54,text,first,seed-40354564,0.39844
sp,1M,51.54,text,first,seed-40354565,0.04688
sp,1M,51.54,text,first,seed-40354566,0.17969
sp,1M,51.54,text,first,seed-40354567,0.03125
sp,1M,51.54,text,last,seed-40354564,0.875
sp,1M,51.54,text,last,seed-40354565,0.96875
sp,1M,51.54,text,last,seed-40354566,0.625
sp,1M,51.54,text,last,seed-40354567,0.9375
sp,1M,51.54,text,max,seed-40354564,0.39844
sp,1M,51.54,text,max,seed-40354565,0.39844
sp,1M,51.54,text,max,seed-40354566,0.28906
sp,1M,51.54,text,max,seed-40354567,0.27344
sp,1M,51.54,text,min,seed-40354564,0.42188
sp,1M,51.54,text,min,seed-40354565,0.34375
sp,1M,51.54,text,min,seed-40354566,0.22656
sp,1M,51.54,text,min,seed-40354567,0.20312
sp,1M,51.54,text,stack,seed-40354564,0.64844
sp,1M,51.54,text,stack,seed-40354565,0.70312
sp,1M,51.54,text,stack,seed-40354566,0.1875
sp,1M,51.54,text,stack,seed-40354567,0.53125
sp,1M,51.54,text,assoc,seed-40354564,0.14062
sp,1M,51.54,text,assoc,seed-40354565,0.1875
sp,1M,51.54,text,assoc,seed-40354566,0.07031
sp,1M,51.54,text,assoc,seed-40354567,0.04688
sp,1M,51.54,text,sum,seed-40354564,0.00781
sp,1M,51.54,text,sum,seed-40354565,0.0
sp,1M,51.54,text,sum,seed-40354566,0.0
sp,1M,51.54,text,sum,seed-40354567,0.0
sp,1M,51.54,text,reverse,seed-40354564,0.0
sp,1M,51.54,text,reverse,seed-40354565,0.0
sp,1M,51.54,text,reverse,seed-40354566,0.0
sp,1M,51.54,text,reverse,seed-40354567,0.0
sp,1M,51.54,text,cipher,seed-40354564,0.0
sp,1M,51.54,text,cipher,seed-40354565,0.0
sp,1M,51.54,text,cipher,seed-40354566,0.0
sp,1M,51.54,text,cipher,seed-40354567,0.0
sp,1M,51.54,word,classify-2,seed-40354564,0.5
sp,1M,51.54,word,classify-2,seed-40354565,0.42188
sp,1M,51.54,word,classify-2,seed-40354566,0.21094
sp,1M,51.54,word,classify-2,seed-40354567,0.42188
sp,1M,51.54,word,classify-4,seed-40354564,0.15625
sp,1M,51.54,word,classify-4,seed-40354565,0.1875
sp,1M,51.54,word,classify-4,seed-40354566,0.09375
sp,1M,51.54,word,classify-4,seed-40354567,0.14062
sp,1M,51.54,word,lookup-4,seed-40354564,0.3125
sp,1M,51.54,word,lookup-4,seed-40354565,0.46875
sp,1M,51.54,word,lookup-4,seed-40354566,0.125
sp,1M,51.54,word,lookup-4,seed-40354567,0.22656
sp,1M,51.54,word,word-reverse,seed-40354564,0.0
sp,1M,51.54,word,word-reverse,seed-40354565,0.0
sp,1M,51.54,word,word-reverse,seed-40354566,0.0
sp,1M,51.54,word,word-reverse,seed-40354567,0.0
sp,24M,0.006,raw,reverse,seed-40354564,0.00195
sp,24M,0.006,raw,reverse,seed-40354565,0.00391
sp,24M,0.006,raw,reverse,seed-40354566,0.00195
sp,24M,0.006,raw,reverse,seed-40354567,0.00586
sp,24M,0.006,raw,stack,seed-40354564,0.0
sp,24M,0.006,raw,stack,seed-40354565,0.0
sp,24M,0.006,raw,stack,seed-40354566,0.0
sp,24M,0.006,raw,stack,seed-40354567,0.00781
sp,24M,0.006,raw,assoc,seed-40354564,0.0
sp,24M,0.006,raw,assoc,seed-40354565,0.0
sp,24M,0.006,raw,assoc,seed-40354566,0.0
sp,24M,0.006,raw,assoc,seed-40354567,0.0
sp,24M,0.006,raw,sum,seed-40354564,0.0
sp,24M,0.006,raw,sum,seed-40354565,0.0
sp,24M,0.006,raw,sum,seed-40354566,0.01562
sp,24M,0.006,raw,sum,seed-40354567,0.01562
sp,24M,0.006,raw,max,seed-40354564,0.0
sp,24M,0.006,raw,max,seed-40354565,0.0
sp,24M,0.006,raw,max,seed-40354566,0.0
sp,24M,0.006,raw,max,seed-40354567,0.0
sp,24M,0.006,raw,min,seed-40354564,0.0
sp,24M,0.006,raw,min,seed-40354565,0.0
sp,24M,0.006,raw,min,seed-40354566,0.0
sp,24M,0.006,raw,min,seed-40354567,0.0
sp,24M,0.006,raw,first,seed-40354564,0.01562
sp,24M,0.006,raw,first,seed-40354565,0.0
sp,24M,0.006,raw,first,seed-40354566,0.0
sp,24M,0.006,raw,first,seed-40354567,0.0
sp,24M,0.006,raw,last,seed-40354564,0.0
sp,24M,0.006,raw,last,seed-40354565,0.0
sp,24M,0.006,raw,last,seed-40354566,0.0
sp,24M,0.006,raw,last,seed-40354567,0.0
sp,24M,0.006,text,first,seed-40354564,0.0
sp,24M,0.006,text,first,seed-40354565,0.0
sp,24M,0.006,text,first,seed-40354566,0.0
sp,24M,0.006,text,first,seed-40354567,0.01562
sp,24M,0.006,text,last,seed-40354564,0.0
sp,24M,0.006,text,last,seed-40354565,0.0
sp,24M,0.006,text,last,seed-40354566,0.0
sp,24M,0.006,text,last,seed-40354567,0.01562
sp,24M,0.006,text,max,seed-40354564,0.0
sp,24M,0.006,text,max,seed-40354565,0.0
sp,24M,0.006,text,max,seed-40354566,0.0
sp,24M,0.006,text,max,seed-40354567,0.01562
sp,24M,0.006,text,min,seed-40354564,0.0
sp,24M,0.006,text,min,seed-40354565,0.0
sp,24M,0.006,text,min,seed-40354566,0.0
sp,24M,0.006,text,min,seed-40354567,0.0
sp,24M,0.006,text,stack,seed-40354564,0.00781
sp,24M,0.006,text,stack,seed-40354565,0.0
sp,24M,0.006,text,stack,seed-40354566,0.0
sp,24M,0.006,text,stack,seed-40354567,0.0
sp,24M,0.006,text,assoc,seed-40354564,0.0
sp,24M,0.006,text,assoc,seed-40354565,0.0
sp,24M,0.006,text,assoc,seed-40354566,0.0
sp,24M,0.006,text,assoc,seed-40354567,0.0
sp,24M,0.006,text,sum,seed-40354564,0.0
sp,24M,0.006,text,sum,seed-40354565,0.0
sp,24M,0.006,text,sum,seed-40354566,0.0
sp,24M,0.006,text,sum,seed-40354567,0.0
sp,24M,0.006,text,reverse,seed-40354564,0.0
sp,24M,0.006,text,reverse,seed-40354565,0.0
sp,24M,0.006,text,reverse,seed-40354566,0.0
sp,24M,0.006,text,reverse,seed-40354567,0.0
sp,24M,0.006,text,cipher,seed-40354564,0.0
sp,24M,0.006,text,cipher,seed-40354565,0.0
sp,24M,0.006,text,cipher,seed-40354566,0.0
sp,24M,0.006,text,cipher,seed-40354567,0.0
sp,24M,0.006,word,classify-2,seed-40354564,0.0
sp,24M,0.006,word,classify-2,seed-40354565,0.0
sp,24M,0.006,word,classify-2,seed-40354566,0.0
sp,24M,0.006,word,classify-2,seed-40354567,0.00781
sp,24M,0.006,word,classify-4,seed-40354564,0.0
sp,24M,0.006,word,classify-4,seed-40354565,0.0
sp,24M,0.006,word,classify-4,seed-40354566,0.0
sp,24M,0.006,word,classify-4,seed-40354567,0.00781
sp,24M,0.006,word,lookup-4,seed-40354564,0.0
sp,24M,0.006,word,lookup-4,seed-40354565,0.0
sp,24M,0.006,word,lookup-4,seed-40354566,0.0
sp,24M,0.006,word,lookup-4,seed-40354567,0.00781
sp,24M,0.006,word,word-reverse,seed-40354564,0.0
sp,24M,0.006,word,word-reverse,seed-40354565,0.0
sp,24M,0.006,word,word-reverse,seed-40354566,0.0
sp,24M,0.006,word,word-reverse,seed-40354567,0.0
sp,24M,1.617,raw,reverse,seed-40354564,0.09766
sp,24M,1.617,raw,reverse,seed-40354565,0.06152
sp,24M,1.617,raw,reverse,seed-40354566,0.02441
sp,24M,1.617,raw,reverse,seed-40354567,0.11621
sp,24M,1.617,raw,stack,seed-40354564,0.10938
sp,24M,1.617,raw,stack,seed-40354565,0.0
sp,24M,1.617,raw,stack,seed-40354566,0.0
sp,24M,1.617,raw,stack,seed-40354567,0.0
sp,24M,1.617,raw,assoc,seed-40354564,0.00781
sp,24M,1.617,raw,assoc,seed-40354565,0.03906
sp,24M,1.617,raw,assoc,seed-40354566,0.0
sp,24M,1.617,raw,assoc,seed-40354567,0.00781
sp,24M,1.617,raw,sum,seed-40354564,0.0
sp,24M,1.617,raw,sum,seed-40354565,0.0
sp,24M,1.617,raw,sum,seed-40354566,0.0
sp,24M,1.617,raw,sum,seed-40354567,0.0
sp,24M,1.617,raw,max,seed-40354564,0.5
sp,24M,1.617,raw,max,seed-40354565,0.21875
sp,24M,1.617,raw,max,seed-40354566,0.0625
sp,24M,1.617,raw,max,seed-40354567,0.42188
sp,24M,1.617,raw,min,seed-40354564,0.45312
sp,24M,1.617,raw,min,seed-40354565,0.17188
sp,24M,1.617,raw,min,seed-40354566,0.125
sp,24M,1.617,raw,min,seed-40354567,0.5625
sp,24M,1.617,raw,first,seed-40354564,0.14062
sp,24M,1.617,raw,first,seed-40354565,0.03125
sp,24M,1.617,raw,first,seed-40354566,0.0
sp,24M,1.617,raw,first,seed-40354567,0.01562
sp,24M,1.617,raw,last,seed-40354564,0.85938
sp,24M,1.617,raw,last,seed-40354565,0.54688
sp,24M,1.617,raw,last,seed-40354566,0.20312
sp,24M,1.617,raw,last,seed-40354567,0.92188
sp,24M,1.617,text,first,seed-40354564,0.03906
sp,24M,1.617,text,first,seed-40354565,0.03125
sp,24M,1.617,text,first,seed-40354566,0.0
sp,24M,1.617,text,first,seed-40354567,0.0
sp,24M,1.617,text,last,seed-40354564,0.04688
sp,24M,1.617,text,last,seed-40354565,0.03906
sp,24M,1.617,text,last,seed-40354566,0.00781
sp,24M,1.617,text,last,seed-40354567,0.00781
sp,24M,1.617,text,max,seed-40354564,0.0625
sp,24M,1.617,text,max,seed-40354565,0.04688
sp,24M,1.617,text,max,seed-40354566,0.0
sp,24M,1.617,text,max,seed-40354567,0.0
sp,24M,1.617,text,min,seed-40354564,0.03125
sp,24M,1.617,text,min,seed-40354565,0.0625
sp,24M,1.617,text,min,seed-40354566,0.0
sp,24M,1.617,text,min,seed-40354567,0.03125
sp,24M,1.617,text,stack,seed-40354564,0.03906
sp,24M,1.617,text,stack,seed-40354565,0.02344
sp,24M,1.617,text,stack,seed-40354566,0.00781
sp,24M,1.617,text,stack,seed-40354567,0.0
sp,24M,1.617,text,assoc,seed-40354564,0.01562
sp,24M,1.617,text,assoc,seed-40354565,0.03125
sp,24M,1.617,text,assoc,seed-40354566,0.01562
sp,24M,1.617,text,assoc,seed-40354567,0.02344
sp,24M,1.617,text,sum,seed-40354564,0.0
sp,24M,1.617,text,sum,seed-40354565,0.00781
sp,24M,1.617,text,sum,seed-40354566,0.0
sp,24M,1.617,text,sum,seed-40354567,0.0
sp,24M,1.617,text,reverse,seed-40354564,0.0
sp,24M,1.617,text,reverse,seed-40354565,0.0
sp,24M,1.617,text,reverse,seed-40354566,0.0
sp,24M,1.617,text,reverse,seed-40354567,0.0
sp,24M,1.617,text,cipher,seed-40354564,0.0
sp,24M,1.617,text,cipher,seed-40354565,0.0
sp,24M,1.617,text,cipher,seed-40354566,0.0
sp,24M,1.617,text,cipher,seed-40354567,0.0
sp,24M,1.617,word,classify-2,seed-40354564,0.04688
sp,24M,1.617,word,classify-2,seed-40354565,0.21094
sp,24M,1.617,word,classify-2,seed-40354566,0.04688
sp,24M,1.617,word,classify-2,seed-40354567,0.02344
sp,24M,1.617,word,classify-4,seed-40354564,0.01562
sp,24M,1.617,word,classify-4,seed-40354565,0.08594
sp,24M,1.617,word,classify-4,seed-40354566,0.01562
sp,24M,1.617,word,classify-4,seed-40354567,0.00781
sp,24M,1.617,word,lookup-4,seed-40354564,0.02344
sp,24M,1.617,word,lookup-4,seed-40354565,0.07812
sp,24M,1.617,word,lookup-4,seed-40354566,0.02344
sp,24M,1.617,word,lookup-4,seed-40354567,0.0
sp,24M,1.617,word,word-reverse,seed-40354564,0.0
sp,24M,1.617,word,word-reverse,seed-40354565,0.0
sp,24M,1.617,word,word-reverse,seed-40354566,0.0
sp,24M,1.617,word,word-reverse,seed-40354567,0.0
sp,24M,3.228,raw,reverse,seed-40354564,0.0498
sp,24M,3.228,raw,reverse,seed-40354565,0.1123
sp,24M,3.228,raw,reverse,seed-40354566,0.02148
sp,24M,3.228,raw,reverse,seed-40354567,0.0957
sp,24M,3.228,raw,stack,seed-40354564,0.5
sp,24M,3.228,raw,stack,seed-40354565,0.1875
sp,24M,3.228,raw,stack,seed-40354566,0.71875
sp,24M,3.228,raw,stack,seed-40354567,0.10938
sp,24M,3.228,raw,assoc,seed-40354564,0.10156
sp,24M,3.228,raw,assoc,seed-40354565,0.72656
sp,24M,3.228,raw,assoc,seed-40354566,0.92188
sp,24M,3.228,raw,assoc,seed-40354567,0.78125
sp,24M,3.228,raw,sum,seed-40354564,0.0
sp,24M,3.228,raw,sum,seed-40354565,0.0
sp,24M,3.228,raw,sum,seed-40354566,0.01562
sp,24M,3.228,raw,sum,seed-40354567,0.0
sp,24M,3.228,raw,max,seed-40354564,0.59375
sp,24M,3.228,raw,max,seed-40354565,0.46875
sp,24M,3.228,raw,max,seed-40354566,0.51562
sp,24M,3.228,raw,max,seed-40354567,0.35938
sp,24M,3.228,raw,min,seed-40354564,0.45312
sp,24M,3.228,raw,min,seed-40354565,0.48438
sp,24M,3.228,raw,min,seed-40354566,0.40625
sp,24M,3.228,raw,min,seed-40354567,0.4375
sp,24M,3.228,raw,first,seed-40354564,0.98438
sp,24M,3.228,raw,first,seed-40354565,0.20312
sp,24M,3.228,raw,first,seed-40354566,0.85938
sp,24M,3.228,raw,first,seed-40354567,0.04688
sp,24M,3.228,raw,last,seed-40354564,0.9375
sp,24M,3.228,raw,last,seed-40354565,1.0
sp,24M,3.228,raw,last,seed-40354566,1.0
sp,24M,3.228,raw,last,seed-40354567,0.95312
sp,24M,3.228,text,first,seed-40354564,0.52344
sp,24M,3.228,text,first,seed-40354565,0.11719
sp,24M,3.228,text,first,seed-40354566,0.03125
sp,24M,3.228,text,first,seed-40354567,0.21875
sp,24M,3.228,text,last,seed-40354564,0.77344
sp,24M,3.228,text,last,seed-40354565,0.80469
sp,24M,3.228,text,last,seed-40354566,1.0
sp,24M,3.228,text,last,seed-40354567,0.36719
sp,24M,3.228,text,max,seed-40354564,0.55469
sp,24M,3.228,text,max,seed-40354565,0.33594
sp,24M,3.228,text,max,seed-40354566,0.4375
sp,24M,3.228,text,max,seed-40354567,0.21875
sp,24M,3.228,text,min,seed-40354564,0.36719
sp,24M,3.228,text,min,seed-40354565,0.25
sp,24M,3.228,text,min,seed-40354566,0.35156
sp,24M,3.228,text,min,seed-40354567,0.26562
sp,24M,3.228,text,stack,seed-40354564,0.25781
sp,24M,3.228,text,stack,seed-40354565,0.57812
sp,24M,3.228,text,stack,seed-40354566,0.75
sp,24M,3.228,text,stack,seed-40354567,0.39844
sp,24M,3.228,text,assoc,seed-40354564,0.35156
sp,24M,3.228,text,assoc,seed-40354565,0.86719
sp,24M,3.228,text,assoc,seed-40354566,0.85156
sp,24M,3.228,text,assoc,seed-40354567,0.76562
sp,24M,3.228,text,sum,seed-40354564,0.0
sp,24M,3.228,text,sum,seed-40354565,0.02344
sp,24M,3.228,text,sum,seed-40354566,0.01562
sp,24M,3.228,text,sum,seed-40354567,0.02344
sp,24M,3.228,text,reverse,seed-40354564,0.0
sp,24M,3.228,text,reverse,seed-40354565,0.0
sp,24M,3.228,text,reverse,seed-40354566,0.0
sp,24M,3.228,text,reverse,seed-40354567,0.0
sp,24M,3.228,text,cipher,seed-40354564,0.0
sp,24M,3.228,text,cipher,seed-40354565,0.0
sp,24M,3.228,text,cipher,seed-40354566,0.0
sp,24M,3.228,text,cipher,seed-40354567,0.0
sp,24M,3.228,word,classify-2,seed-40354564,0.23438
sp,24M,3.228,word,classify-2,seed-40354565,0.41406
sp,24M,3.228,word,classify-2,seed-40354566,0.51562
sp,24M,3.228,word,classify-2,seed-40354567,0.45312
sp,24M,3.228,word,classify-4,seed-40354564,0.14062
sp,24M,3.228,word,classify-4,seed-40354565,0.19531
sp,24M,3.228,word,classify-4,seed-40354566,0.35938
sp,24M,3.228,word,classify-4,seed-40354567,0.28125
sp,24M,3.228,word,lookup-4,seed-40354564,0.64062
sp,24M,3.228,word,lookup-4,seed-40354565,0.83594
sp,24M,3.228,word,lookup-4,seed-40354566,0.64062
sp,24M,3.228,word,lookup-4,seed-40354567,0.64844
sp,24M,3.228,word,word-reverse,seed-40354564,0.0
sp,24M,3.228,word,word-reverse,seed-40354565,0.0
sp,24M,3.228,word,word-reverse,seed-40354566,0.0
sp,24M,3.228,word,word-reverse,seed-40354567,0.0
sp,24M,6.449,raw,reverse,seed-40354564,0.14941
sp,24M,6.449,raw,reverse,seed-40354565,0.13965
sp,24M,6.449,raw,reverse,seed-40354566,0.33594
sp,24M,6.449,raw,reverse,seed-40354567,0.51758
sp,24M,6.449,raw,stack,seed-40354564,0.77344
sp,24M,6.449,raw,stack,seed-40354565,0.75
sp,24M,6.449,raw,stack,seed-40354566,0.85156
sp,24M,6.449,raw,stack,seed-40354567,0.9375
sp,24M,6.449,raw,assoc,seed-40354564,0.24219
sp,24M,6.449,raw,assoc,seed-40354565,0.84375
sp,24M,6.449,raw,assoc,seed-40354566,0.36719
sp,24M,6.449,raw,assoc,seed-40354567,0.66406
sp,24M,6.449,raw,sum,seed-40354564,0.04688
sp,24M,6.449,raw,sum,seed-40354565,0.01562
sp,24M,6.449,raw,sum,seed-40354566,0.0
sp,24M,6.449,raw,sum,seed-40354567,0.0
sp,24M,6.449,raw,max,seed-40354564,0.46875
sp,24M,6.449,raw,max,seed-40354565,0.46875
sp,24M,6.449,raw,max,seed-40354566,0.46875
sp,24M,6.449,raw,max,seed-40354567,0.5
sp,24M,6.449,raw,min,seed-40354564,0.45312
sp,24M,6.449,raw,min,seed-40354565,0.45312
sp,24M,6.449,raw,min,seed-40354566,0.46875
sp,24M,6.449,raw,min,seed-40354567,0.4375
sp,24M,6.449,raw,first,seed-40354564,1.0
sp,24M,6.449,raw,first,seed-40354565,1.0
sp,24M,6.449,raw,first,seed-40354566,1.0
sp,24M,6.449,raw,first,seed-40354567,1.0
sp,24M,6.449,raw,last,seed-40354564,1.0
sp,24M,6.449,raw,last,seed-40354565,1.0
sp,24M,6.449,raw,last,seed-40354566,1.0
sp,24M,6.449,raw,last,seed-40354567,1.0
sp,24M,6.449,text,first,seed-40354564,0.36719
sp,24M,6.449,text,first,seed-40354565,0.59375
sp,24M,6.449,text,first,seed-40354566,0.91406
sp,24M,6.449,text,first,seed-40354567,0.98438
sp,24M,6.449,text,last,seed-40354564,0.96875
sp,24M,6.449,text,last,seed-40354565,0.79688
sp,24M,6.449,text,last,seed-40354566,1.0
sp,24M,6.449,text,last,seed-40354567,0.98438
sp,24M,6.449,text,max,seed-40354564,0.45312
sp,24M,6.449,text,max,seed-40354565,0.375
sp,24M,6.449,text,max,seed-40354566,0.53906
sp,24M,6.449,text,max,seed-40354567,0.5625
sp,24M,6.449,text,min,seed-40354564,0.39844
sp,24M,6.449,text,min,seed-40354565,0.33594
sp,24M,6.449,text,min,seed-40354566,0.39844
sp,24M,6.449,text,min,seed-40354567,0.5
sp,24M,6.449,text,stack,seed-40354564,0.69531
sp,24M,6.449,text,stack,seed-40354565,0.58594
sp,24M,6.449,text,stack,seed-40354566,0.75781
sp,24M,6.449,text,stack,seed-40354567,0.82812
sp,24M,6.449,text,assoc,seed-40354564,0.27344
sp,24M,6.449,text,assoc,seed-40354565,0.42188
sp,24M,6.449,text,assoc,seed-40354566,0.21875
sp,24M,6.449,text,assoc,seed-40354567,0.58594
sp,24M,6.449,text,sum,seed-40354564,0.00781
sp,24M,6.449,text,sum,seed-40354565,0.0
sp,24M,6.449,text,sum,seed-40354566,0.02344
sp,24M,6.449,text,sum,seed-40354567,0.00781
sp,24M,6.449,text,reverse,seed-40354564,0.0
sp,24M,6.449,text,reverse,seed-40354565,0.0
sp,24M,6.449,text,reverse,seed-40354566,0.0
sp,24M,6.449,text,reverse,seed-40354567,0.0
sp,24M,6.449,text,cipher,seed-40354564,0.0
sp,24M,6.449,text,cipher,seed-40354565,0.0
sp,24M,6.449,text,cipher,seed-40354566,0.0
sp,24M,6.449,text,cipher,seed-40354567,0.0
sp,24M,6.449,word,classify-2,seed-40354564,0.40625
sp,24M,6.449,word,classify-2,seed-40354565,0.44531
sp,24M,6.449,word,classify-2,seed-40354566,0.39062
sp,24M,6.449,word,classify-2,seed-40354567,0.45312
sp,24M,6.449,word,classify-4,seed-40354564,0.13281
sp,24M,6.449,word,classify-4,seed-40354565,0.1875
sp,24M,6.449,word,classify-4,seed-40354566,0.16406
sp,24M,6.449,word,classify-4,seed-40354567,0.26562
sp,24M,6.449,word,lookup-4,seed-40354564,0.33594
sp,24M,6.449,word,lookup-4,seed-40354565,0.4375
sp,24M,6.449,word,lookup-4,seed-40354566,0.44531
sp,24M,6.449,word,lookup-4,seed-40354567,0.66406
sp,24M,6.449,word,word-reverse,seed-40354564,0.0
sp,24M,6.449,word,word-reverse,seed-40354565,0.0
sp,24M,6.449,word,word-reverse,seed-40354566,0.0
sp,24M,6.449,word,word-reverse,seed-40354567,0.0
sp,24M,12.891,raw,reverse,seed-40354564,0.09961
sp,24M,12.891,raw,reverse,seed-40354565,0.33301
sp,24M,12.891,raw,reverse,seed-40354566,0.37012
sp,24M,12.891,raw,reverse,seed-40354567,0.78418
sp,24M,12.891,raw,stack,seed-40354564,0.8125
sp,24M,12.891,raw,stack,seed-40354565,0.64844
sp,24M,12.891,raw,stack,seed-40354566,0.89844
sp,24M,12.891,raw,stack,seed-40354567,1.0
sp,24M,12.891,raw,assoc,seed-40354564,0.14062
sp,24M,12.891,raw,assoc,seed-40354565,0.71875
sp,24M,12.891,raw,assoc,seed-40354566,0.14844
sp,24M,12.891,raw,assoc,seed-40354567,0.28125
sp,24M,12.891,raw,sum,seed-40354564,0.0
sp,24M,12.891,raw,sum,seed-40354565,0.46875
sp,24M,12.891,raw,sum,seed-40354566,0.01562
sp,24M,12.891,raw,sum,seed-40354567,0.01562
sp,24M,12.891,raw,max,seed-40354564,0.54688
sp,24M,12.891,raw,max,seed-40354565,0.51562
sp,24M,12.891,raw,max,seed-40354566,0.42188
sp,24M,12.891,raw,max,seed-40354567,0.48438
sp,24M,12.891,raw,min,seed-40354564,0.59375
sp,24M,12.891,raw,min,seed-40354565,0.5
sp,24M,12.891,raw,min,seed-40354566,0.375
sp,24M,12.891,raw,min,seed-40354567,0.5
sp,24M,12.891,raw,first,seed-40354564,1.0
sp,24M,12.891,raw,first,seed-40354565,1.0
sp,24M,12.891,raw,first,seed-40354566,1.0
sp,24M,12.891,raw,first,seed-40354567,1.0
sp,24M,12.891,raw,last,seed-40354564,1.0
sp,24M,12.891,raw,last,seed-40354565,1.0
sp,24M,12.891,raw,last,seed-40354566,1.0
sp,24M,12.891,raw,last,seed-40354567,1.0
sp,24M,12.891,text,first,seed-40354564,0.5625
sp,24M,12.891,text,first,seed-40354565,0.78125
sp,24M,12.891,text,first,seed-40354566,1.0
sp,24M,12.891,text,first,seed-40354567,1.0
sp,24M,12.891,text,last,seed-40354564,0.94531
sp,24M,12.891,text,last,seed-40354565,0.74219
sp,24M,12.891,text,last,seed-40354566,0.77344
sp,24M,12.891,text,last,seed-40354567,1.0
sp,24M,12.891,text,max,seed-40354564,0.53906
sp,24M,12.891,text,max,seed-40354565,0.33594
sp,24M,12.891,text,max,seed-40354566,0.51562
sp,24M,12.891,text,max,seed-40354567,0.48438
sp,24M,12.891,text,min,seed-40354564,0.42969
sp,24M,12.891,text,min,seed-40354565,0.53125
sp,24M,12.891,text,min,seed-40354566,0.58594
sp,24M,12.891,text,min,seed-40354567,0.59375
sp,24M,12.891,text,stack,seed-40354564,0.74219
sp,24M,12.891,text,stack,seed-40354565,0.45312
sp,24M,12.891,text,stack,seed-40354566,0.75
sp,24M,12.891,text,stack,seed-40354567,0.80469
sp,24M,12.891,text,assoc,seed-40354564,0.17969
sp,24M,12.891,text,assoc,seed-40354565,0.28906
sp,24M,12.891,text,assoc,seed-40354566,0.13281
sp,24M,12.891,text,assoc,seed-40354567,0.26562
sp,24M,12.891,text,sum,seed-40354564,0.01562
sp,24M,12.891,text,sum,seed-40354565,0.01562
sp,24M,12.891,text,sum,seed-40354566,0.00781
sp,24M,12.891,text,sum,seed-40354567,0.01562
sp,24M,12.891,text,reverse,seed-40354564,0.0
sp,24M,12.891,text,reverse,seed-40354565,0.0
sp,24M,12.891,text,reverse,seed-40354566,0.0
sp,24M,12.891,text,reverse,seed-40354567,0.0
sp,24M,12.891,text,cipher,seed-40354564,0.0
sp,24M,12.891,text,cipher,seed-40354565,0.0
sp,24M,12.891,text,cipher,seed-40354566,0.0
sp,24M,12.891,text,cipher,seed-40354567,0.0
sp,24M,12.891,word,classify-2,seed-40354564,0.44531
sp,24M,12.891,word,classify-2,seed-40354565,0.4375
sp,24M,12.891,word,classify-2,seed-40354566,0.32031
sp,24M,12.891,word,classify-2,seed-40354567,0.41406
sp,24M,12.891,word,classify-4,seed-40354564,0.19531
sp,24M,12.891,word,classify-4,seed-40354565,0.24219
sp,24M,12.891,word,classify-4,seed-40354566,0.125
sp,24M,12.891,word,classify-4,seed-40354567,0.14062
sp,24M,12.891,word,lookup-4,seed-40354564,0.41406
sp,24M,12.891,word,lookup-4,seed-40354565,0.5625
sp,24M,12.891,word,lookup-4,seed-40354566,0.40625
sp,24M,12.891,word,lookup-4,seed-40354567,0.39844
sp,24M,12.891,word,word-reverse,seed-40354564,0.0
sp,24M,12.891,word,word-reverse,seed-40354565,0.0
sp,24M,12.891,word,word-reverse,seed-40354566,0.0
sp,24M,12.891,word,word-reverse,seed-40354567,0.0
sp,24M,17.723,raw,reverse,seed-40354564,0.27637
sp,24M,17.723,raw,reverse,seed-40354565,0.85254
sp,24M,17.723,raw,reverse,seed-40354566,0.45996
sp,24M,17.723,raw,reverse,seed-40354567,0.74414
sp,24M,17.723,raw,stack,seed-40354564,0.875
sp,24M,17.723,raw,stack,seed-40354565,0.82812
sp,24M,17.723,raw,stack,seed-40354566,0.9375
sp,24M,17.723,raw,stack,seed-40354567,0.98438
sp,24M,17.723,raw,assoc,seed-40354564,0.13281
sp,24M,17.723,raw,assoc,seed-40354565,0.8125
sp,24M,17.723,raw,assoc,seed-40354566,0.14844
sp,24M,17.723,raw,assoc,seed-40354567,0.14844
sp,24M,17.723,raw,sum,seed-40354564,0.03125
sp,24M,17.723,raw,sum,seed-40354565,0.54688
sp,24M,17.723,raw,sum,seed-40354566,0.0
sp,24M,17.723,raw,sum,seed-40354567,0.01562
sp,24M,17.723,raw,max,seed-40354564,0.4375
sp,24M,17.723,raw,max,seed-40354565,0.3125
sp,24M,17.723,raw,max,seed-40354566,0.375
sp,24M,17.723,raw,max,seed-40354567,0.5
sp,24M,17.723,raw,min,seed-40354564,0.5625
sp,24M,17.723,raw,min,seed-40354565,0.42188
sp,24M,17.723,raw,min,seed-40354566,0.5
sp,24M,17.723,raw,min,seed-40354567,0.46875
sp,24M,17.723,raw,first,seed-40354564,1.0
sp,24M,17.723,raw,first,seed-40354565,1.0
sp,24M,17.723,raw,first,seed-40354566,1.0
sp,24M,17.723,raw,first,seed-40354567,1.0
sp,24M,17.723,raw,last,seed-40354564,1.0
sp,24M,17.723,raw,last,seed-40354565,1.0
sp,24M,17.723,raw,last,seed-40354566,1.0
sp,24M,17.723,raw,last,seed-40354567,1.0
sp,24M,17.723,text,first,seed-40354564,0.96094
sp,24M,17.723,text,first,seed-40354565,0.85156
sp,24M,17.723,text,first,seed-40354566,0.99219
sp,24M,17.723,text,first,seed-40354567,0.98438
sp,24M,17.723,text,last,seed-40354564,0.625
sp,24M,17.723,text,last,seed-40354565,0.82031
sp,24M,17.723,text,last,seed-40354566,0.95312
sp,24M,17.723,text,last,seed-40354567,0.99219
sp,24M,17.723,text,max,seed-40354564,0.4375
sp,24M,17.723,text,max,seed-40354565,0.40625
sp,24M,17.723,text,max,seed-40354566,0.5625
sp,24M,17.723,text,max,seed-40354567,0.64844
sp,24M,17.723,text,min,seed-40354564,0.46875
sp,24M,17.723,text,min,seed-40354565,0.47656
sp,24M,17.723,text,min,seed-40354566,0.55469
sp,24M,17.723,text,min,seed-40354567,0.60156
sp,24M,17.723,text,stack,seed-40354564,0.41406
sp,24M,17.723,text,stack,seed-40354565,0.59375
sp,24M,17.723,text,stack,seed-40354566,0.67188
sp,24M,17.723,text,stack,seed-40354567,0.83594
sp,24M,17.723,text,assoc,seed-40354564,0.17188
sp,24M,17.723,text,assoc,seed-40354565,0.22656
sp,24M,17.723,text,assoc,seed-40354566,0.17969
sp,24M,17.723,text,assoc,seed-40354567,0.28906
sp,24M,17.723,text,sum,seed-40354564,0.01562
sp,24M,17.723,text,sum,seed-40354565,0.00781
sp,24M,17.723,text,sum,seed-40354566,0.0
sp,24M,17.723,text,sum,seed-40354567,0.03125
sp,24M,17.723,text,reverse,seed-40354564,0.0
sp,24M,17.723,text,reverse,seed-40354565,0.0
sp,24M,17.723,text,reverse,seed-40354566,0.0
sp,24M,17.723,text,reverse,seed-40354567,0.0
sp,24M,17.723,text,cipher,seed-40354564,0.0
sp,24M,17.723,text,cipher,seed-40354565,0.0
sp,24M,17.723,text,cipher,seed-40354566,0.0
sp,24M,17.723,text,cipher,seed-40354567,0.0
sp,24M,17.723,word,classify-2,seed-40354564,0.44531
sp,24M,17.723,word,classify-2,seed-40354565,0.5
sp,24M,17.723,word,classify-2,seed-40354566,0.44531
sp,24M,17.723,word,classify-2,seed-40354567,0.41406
sp,24M,17.723,word,classify-4,seed-40354564,0.21875
sp,24M,17.723,word,classify-4,seed-40354565,0.25781
sp,24M,17.723,word,classify-4,seed-40354566,0.17188
sp,24M,17.723,word,classify-4,seed-40354567,0.17969
sp,24M,17.723,word,lookup-4,seed-40354564,0.54688
sp,24M,17.723,word,lookup-4,seed-40354565,0.58594
sp,24M,17.723,word,lookup-4,seed-40354566,0.63281
sp,24M,17.723,word,lookup-4,seed-40354567,0.46094
sp,24M,17.723,word,word-reverse,seed-40354564,0.0
sp,24M,17.723,word,word-reverse,seed-40354565,0.0
sp,24M,17.723,word,word-reverse,seed-40354566,0.0
sp,24M,17.723,word,word-reverse,seed-40354567,0.0
sp,24M,51.54,raw,reverse,seed-40354564,0.68457
sp,24M,51.54,raw,reverse,seed-40354565,0.91797
sp,24M,51.54,raw,reverse,seed-40354566,0.69141
sp,24M,51.54,raw,reverse,seed-40354567,0.5
sp,24M,51.54,raw,stack,seed-40354564,0.85938
sp,24M,51.54,raw,stack,seed-40354565,0.79688
sp,24M,51.54,raw,stack,seed-40354566,0.89844
sp,24M,51.54,raw,stack,seed-40354567,0.85938
sp,24M,51.54,raw,assoc,seed-40354564,0.26562
sp,24M,51.54,raw,assoc,seed-40354565,0.32812
sp,24M,51.54,raw,assoc,seed-40354566,0.28125
sp,24M,51.54,raw,assoc,seed-40354567,0.25781
sp,24M,51.54,raw,sum,seed-40354564,0.14062
sp,24M,51.54,raw,sum,seed-40354565,0.90625
sp,24M,51.54,raw,sum,seed-40354566,0.15625
sp,24M,51.54,raw,sum,seed-40354567,0.01562
sp,24M,51.54,raw,max,seed-40354564,0.375
sp,24M,51.54,raw,max,seed-40354565,0.45312
sp,24M,51.54,raw,max,seed-40354566,0.5
sp,24M,51.54,raw,max,seed-40354567,0.48438
sp,24M,51.54,raw,min,seed-40354564,0.40625
sp,24M,51.54,raw,min,seed-40354565,0.35938
sp,24M,51.54,raw,min,seed-40354566,0.42188
sp,24M,51.54,raw,min,seed-40354567,0.53125
sp,24M,51.54,raw,first,seed-40354564,1.0
sp,24M,51.54,raw,first,seed-40354565,1.0
sp,24M,51.54,raw,first,seed-40354566,1.0
sp,24M,51.54,raw,first,seed-40354567,1.0
sp,24M,51.54,raw,last,seed-40354564,1.0
sp,24M,51.54,raw,last,seed-40354565,1.0
sp,24M,51.54,raw,last,seed-40354566,1.0
sp,24M,51.54,raw,last,seed-40354567,1.0
sp,24M,51.54,text,first,seed-40354564,0.58594
sp,24M,51.54,text,first,seed-40354565,0.89844
sp,24M,51.54,text,first,seed-40354566,0.94531
sp,24M,51.54,text,first,seed-40354567,0.89062
sp,24M,51.54,text,last,seed-40354564,0.78906
sp,24M,51.54,text,last,seed-40354565,0.89844
sp,24M,51.54,text,last,seed-40354566,0.64062
sp,24M,51.54,text,last,seed-40354567,0.9375
sp,24M,51.54,text,max,seed-40354564,0.35156
sp,24M,51.54,text,max,seed-40354565,0.41406
sp,24M,51.54,text,max,seed-40354566,0.27344
sp,24M,51.54,text,max,seed-40354567,0.4375
sp,24M,51.54,text,min,seed-40354564,0.29688
sp,24M,51.54,text,min,seed-40354565,0.46875
sp,24M,51.54,text,min,seed-40354566,0.3125
sp,24M,51.54,text,min,seed-40354567,0.52344
sp,24M,51.54,text,stack,seed-40354564,0.48438
sp,24M,51.54,text,stack,seed-40354565,0.66406
sp,24M,51.54,text,stack,seed-40354566,0.35156
sp,24M,51.54,text,stack,seed-40354567,0.73438
sp,24M,51.54,text,assoc,seed-40354564,0.24219
sp,24M,51.54,text,assoc,seed-40354565,0.27344
sp,24M,51.54,text,assoc,seed-40354566,0.16406
sp,24M,51.54,text,assoc,seed-40354567,0.28125
sp,24M,51.54,text,sum,seed-40354564,0.00781
sp,24M,51.54,text,sum,seed-40354565,0.00781
sp,24M,51.54,text,sum,seed-40354566,0.01562
sp,24M,51.54,text,sum,seed-40354567,0.01562
sp,24M,51.54,text,reverse,seed-40354564,0.0
sp,24M,51.54,text,reverse,seed-40354565,0.0
sp,24M,51.54,text,reverse,seed-40354566,0.0
sp,24M,51.54,text,reverse,seed-40354567,0.0
sp,24M,51.54,text,cipher,seed-40354564,0.0
sp,24M,51.54,text,cipher,seed-40354565,0.0
sp,24M,51.54,text,cipher,seed-40354566,0.0
sp,24M,51.54,text,cipher,seed-40354567,0.0
sp,24M,51.54,word,classify-2,seed-40354564,0.5
sp,24M,51.54,word,classify-2,seed-40354565,0.45312
sp,24M,51.54,word,classify-2,seed-40354566,0.41406
sp,24M,51.54,word,classify-2,seed-40354567,0.40625
sp,24M,51.54,word,classify-4,seed-40354564,0.26562
sp,24M,51.54,word,classify-4,seed-40354565,0.19531
sp,24M,51.54,word,classify-4,seed-40354566,0.3125
sp,24M,51.54,word,classify-4,seed-40354567,0.21094
sp,24M,51.54,word,lookup-4,seed-40354564,0.58594
sp,24M,51.54,word,lookup-4,seed-40354565,0.60938
sp,24M,51.54,word,lookup-4,seed-40354566,0.57031
sp,24M,51.54,word,lookup-4,seed-40354567,0.89062
sp,24M,51.54,word,word-reverse,seed-40354564,0.0
sp,24M,51.54,word,word-reverse,seed-40354565,0.0
sp,24M,51.54,word,word-reverse,seed-40354566,0.0
sp,24M,51.54,word,word-reverse,seed-40354567,0.0
sp,3M,0.006,raw,reverse,seed-40354564,0.00391
sp,3M,0.006,raw,reverse,seed-40354565,0.00195
sp,3M,0.006,raw,reverse,seed-40354566,0.00293
sp,3M,0.006,raw,reverse,seed-40354567,0.00195
sp,3M,0.006,raw,stack,seed-40354564,0.0
sp,3M,0.006,raw,stack,seed-40354565,0.01562
sp,3M,0.006,raw,stack,seed-40354566,0.01562
sp,3M,0.006,raw,stack,seed-40354567,0.0
sp,3M,0.006,raw,assoc,seed-40354564,0.0
sp,3M,0.006,raw,assoc,seed-40354565,0.0
sp,3M,0.006,raw,assoc,seed-40354566,0.0
sp,3M,0.006,raw,assoc,seed-40354567,0.0
sp,3M,0.006,raw,sum,seed-40354564,0.01562
sp,3M,0.006,raw,sum,seed-40354565,0.01562
sp,3M,0.006,raw,sum,seed-40354566,0.01562
sp,3M,0.006,raw,sum,seed-40354567,0.0
sp,3M,0.006,raw,max,seed-40354564,0.0
sp,3M,0.006,raw,max,seed-40354565,0.01562
sp,3M,0.006,raw,max,seed-40354566,0.0
sp,3M,0.006,raw,max,seed-40354567,0.03125
sp,3M,0.006,raw,min,seed-40354564,0.0
sp,3M,0.006,raw,min,seed-40354565,0.0
sp,3M,0.006,raw,min,seed-40354566,0.0
sp,3M,0.006,raw,min,seed-40354567,0.0
sp,3M,0.006,raw,first,seed-40354564,0.0
sp,3M,0.006,raw,first,seed-40354565,0.0
sp,3M,0.006,raw,first,seed-40354566,0.0
sp,3M,0.006,raw,first,seed-40354567,0.0
sp,3M,0.006,raw,last,seed-40354564,0.0
sp,3M,0.006,raw,last,seed-40354565,0.0
sp,3M,0.006,raw,last,seed-40354566,0.0
sp,3M,0.006,raw,last,seed-40354567,0.0
sp,3M,0.006,text,first,seed-40354564,0.0
sp,3M,0.006,text,first,seed-40354565,0.05469
sp,3M,0.006,text,first,seed-40354566,0.04688
sp,3M,0.006,text,first,seed-40354567,0.0
sp,3M,0.006,text,last,seed-40354564,0.0
sp,3M,0.006,text,last,seed-40354565,0.03125
sp,3M,0.006,text,last,seed-40354566,0.0
sp,3M,0.006,text,last,seed-40354567,0.0
sp,3M,0.006,text,max,seed-40354564,0.0
sp,3M,0.006,text,max,seed-40354565,0.03906
sp,3M,0.006,text,max,seed-40354566,0.00781
sp,3M,0.006,text,max,seed-40354567,0.0
sp,3M,0.006,text,min,seed-40354564,0.0
sp,3M,0.006,text,min,seed-40354565,0.0
sp,3M,0.006,text,min,seed-40354566,0.01562
sp,3M,0.006,text,min,seed-40354567,0.0
sp,3M,0.006,text,stack,seed-40354564,0.00781
sp,3M,0.006,text,stack,seed-40354565,0.00781
sp,3M,0.006,text,stack,seed-40354566,0.00781
sp,3M,0.006,text,stack,seed-40354567,0.00781
sp,3M,0.006,text,assoc,seed-40354564,0.0
sp,3M,0.006,text,assoc,seed-40354565,0.03906
sp,3M,0.006,text,assoc,seed-40354566,0.00781
sp,3M,0.006,text,assoc,seed-40354567,0.0
sp,3M,0.006,text,sum,seed-40354564,0.0
sp,3M,0.006,text,sum,seed-40354565,0.0
sp,3M,0.006,text,sum,seed-40354566,0.0
sp,3M,0.006,text,sum,seed-40354567,0.0
sp,3M,0.006,text,reverse,seed-40354564,0.0
sp,3M,0.006,text,reverse,seed-40354565,0.0
sp,3M,0.006,text,reverse,seed-40354566,0.0
sp,3M,0.006,text,reverse,seed-40354567,0.0
sp,3M,0.006,text,cipher,seed-40354564,0.0
sp,3M,0.006,text,cipher,seed-40354565,0.0
sp,3M,0.006,text,cipher,seed-40354566,0.0
sp,3M,0.006,text,cipher,seed-40354567,0.0
sp,3M,0.006,word,classify-2,seed-40354564,0.0
sp,3M,0.006,word,classify-2,seed-40354565,0.00781
sp,3M,0.006,word,classify-2,seed-40354566,0.0
sp,3M,0.006,word,classify-2,seed-40354567,0.0
sp,3M,0.006,word,classify-4,seed-40354564,0.0
sp,3M,0.006,word,classify-4,seed-40354565,0.0
sp,3M,0.006,word,classify-4,seed-40354566,0.00781
sp,3M,0.006,word,classify-4,seed-40354567,0.0
sp,3M,0.006,word,lookup-4,seed-40354564,0.0
sp,3M,0.006,word,lookup-4,seed-40354565,0.0
sp,3M,0.006,word,lookup-4,seed-40354566,0.00781
sp,3M,0.006,word,lookup-4,seed-40354567,0.0
sp,3M,0.006,word,word-reverse,seed-40354564,0.0
sp,3M,0.006,word,word-reverse,seed-40354565,0.0
sp,3M,0.006,word,word-reverse,seed-40354566,0.0
sp,3M,0.006,word,word-reverse,seed-40354567,0.0
sp,3M,1.617,raw,reverse,seed-40354564,0.11914
sp,3M,1.617,raw,reverse,seed-40354565,0.09375
sp,3M,1.617,raw,reverse,seed-40354566,0.0459
sp,3M,1.617,raw,reverse,seed-40354567,0.05273
sp,3M,1.617,raw,stack,seed-40354564,0.0
sp,3M,1.617,raw,stack,seed-40354565,0.0
sp,3M,1.617,raw,stack,seed-40354566,0.0
sp,3M,1.617,raw,stack,seed-40354567,0.0
sp,3M,1.617,raw,assoc,seed-40354564,0.00781
sp,3M,1.617,raw,assoc,seed-40354565,0.0
sp,3M,1.617,raw,assoc,seed-40354566,0.01562
sp,3M,1.617,raw,assoc,seed-40354567,0.00781
sp,3M,1.617,raw,sum,seed-40354564,0.0
sp,3M,1.617,raw,sum,seed-40354565,0.0
sp,3M,1.617,raw,sum,seed-40354566,0.0
sp,3M,1.617,raw,sum,seed-40354567,0.01562
sp,3M,1.617,raw,max,seed-40354564,0.40625
sp,3M,1.617,raw,max,seed-40354565,0.25
sp,3M,1.617,raw,max,seed-40354566,0.15625
sp,3M,1.617,raw,max,seed-40354567,0.23438
sp,3M,1.617,raw,min,seed-40354564,0.42188
sp,3M,1.617,raw,min,seed-40354565,0.3125
sp,3M,1.617,raw,min,seed-40354566,0.23438
sp,3M,1.617,raw,min,seed-40354567,0.1875
sp,3M,1.617,raw,first,seed-40354564,0.01562
sp,3M,1.617,raw,first,seed-40354565,0.0
sp,3M,1.617,raw,first,seed-40354566,0.03125
sp,3M,1.617,raw,first,seed-40354567,0.01562
sp,3M,1.617,raw,last,seed-40354564,0.9375
sp,3M,1.617,raw,last,seed-40354565,0.59375
sp,3M,1.617,raw,last,seed-40354566,0.375
sp,3M,1.617,raw,last,seed-40354567,0.40625
sp,3M,1.617,text,first,seed-40354564,0.00781
sp,3M,1.617,text,first,seed-40354565,0.00781
sp,3M,1.617,text,first,seed-40354566,0.00781
sp,3M,1.617,text,first,seed-40354567,0.0
sp,3M,1.617,text,last,seed-40354564,0.0
sp,3M,1.617,text,last,seed-40354565,0.0
sp,3M,1.617,text,last,seed-40354566,0.0
sp,3M,1.617,text,last,seed-40354567,0.01562
sp,3M,1.617,text,max,seed-40354564,0.0
sp,3M,1.617,text,max,seed-40354565,0.0
sp,3M,1.617,text,max,seed-40354566,0.0
sp,3M,1.617,text,max,seed-40354567,0.0
sp,3M,1.617,text,min,seed-40354564,0.00781
sp,3M,1.617,text,min,seed-40354565,0.02344
sp,3M,1.617,text,min,seed-40354566,0.0
sp,3M,1.617,text,min,seed-40354567,0.0
sp,3M,1.617,text,stack,seed-40354564,0.0
sp,3M,1.617,text,stack,seed-40354565,0.0
sp,3M,1.617,text,stack,seed-40354566,0.01562
sp,3M,1.617,text,stack,seed-40354567,0.01562
sp,3M,1.617,text,assoc,seed-40354564,0.01562
sp,3M,1.617,text,assoc,seed-40354565,0.03125
sp,3M,1.617,text,assoc,seed-40354566,0.00781
sp,3M,1.617,text,assoc,seed-40354567,0.04688
sp,3M,1.617,text,sum,seed-40354564,0.0
sp,3M,1.617,text,sum,seed-40354565,0.0
sp,3M,1.617,text,sum,seed-40354566,0.0
sp,3M,1.617,text,sum,seed-40354567,0.0
sp,3M,1.617,text,reverse,seed-40354564,0.0
sp,3M,1.617,text,reverse,seed-40354565,0.0
sp,3M,1.617,text,reverse,seed-40354566,0.0
sp,3M,1.617,text,reverse,seed-40354567,0.0
sp,3M,1.617,text,cipher,seed-40354564,0.0
sp,3M,1.617,text,cipher,seed-40354565,0.0
sp,3M,1.617,text,cipher,seed-40354566,0.0
sp,3M,1.617,text,cipher,seed-40354567,0.0
sp,3M,1.617,word,classify-2,seed-40354564,0.01562
sp,3M,1.617,word,classify-2,seed-40354565,0.07031
sp,3M,1.617,word,classify-2,seed-40354566,0.03906
sp,3M,1.617,word,classify-2,seed-40354567,0.14844
sp,3M,1.617,word,classify-4,seed-40354564,0.00781
sp,3M,1.617,word,classify-4,seed-40354565,0.0
sp,3M,1.617,word,classify-4,seed-40354566,0.03906
sp,3M,1.617,word,classify-4,seed-40354567,0.07812
sp,3M,1.617,word,lookup-4,seed-40354564,0.00781
sp,3M,1.617,word,lookup-4,seed-40354565,0.00781
sp,3M,1.617,word,lookup-4,seed-40354566,0.03125
sp,3M,1.617,word,lookup-4,seed-40354567,0.04688
sp,3M,1.617,word,word-reverse,seed-40354564,0.0
sp,3M,1.617,word,word-reverse,seed-40354565,0.0
sp,3M,1.617,word,word-reverse,seed-40354566,0.0
sp,3M,1.617,word,word-reverse,seed-40354567,0.0
sp,3M,3.228,raw,reverse,seed-40354564,0.08594
sp,3M,3.228,raw,reverse,seed-40354565,0.00586
sp,3M,3.228,raw,reverse,seed-40354566,0.01562
sp,3M,3.228,raw,reverse,seed-40354567,0.05664
sp,3M,3.228,raw,stack,seed-40354564,0.0625
sp,3M,3.228,raw,stack,seed-40354565,0.0
sp,3M,3.228,raw,stack,seed-40354566,0.0
sp,3M,3.228,raw,stack,seed-40354567,0.0
sp,3M,3.228,raw,assoc,seed-40354564,0.25781
sp,3M,3.228,raw,assoc,seed-40354565,0.03125
sp,3M,3.228,raw,assoc,seed-40354566,0.01562
sp,3M,3.228,raw,assoc,seed-40354567,0.00781
sp,3M,3.228,raw,sum,seed-40354564,0.0
sp,3M,3.228,raw,sum,seed-40354565,0.0
sp,3M,3.228,raw,sum,seed-40354566,0.01562
sp,3M,3.228,raw,sum,seed-40354567,0.0
sp,3M,3.228,raw,max,seed-40354564,0.40625
sp,3M,3.228,raw,max,seed-40354565,0.03125
sp,3M,3.228,raw,max,seed-40354566,0.0625
sp,3M,3.228,raw,max,seed-40354567,0.28125
sp,3M,3.228,raw,min,seed-40354564,0.46875
sp,3M,3.228,raw,min,seed-40354565,0.03125
sp,3M,3.228,raw,min,seed-40354566,0.23438
sp,3M,3.228,raw,min,seed-40354567,0.26562
sp,3M,3.228,raw,first,seed-40354564,0.04688
sp,3M,3.228,raw,first,seed-40354565,0.0
sp,3M,3.228,raw,first,seed-40354566,0.01562
sp,3M,3.228,raw,first,seed-40354567,0.04688
sp,3M,3.228,raw,last,seed-40354564,0.9375
sp,3M,3.228,raw,last,seed-40354565,0.21875
sp,3M,3.228,raw,last,seed-40354566,0.26562
sp,3M,3.228,raw,last,seed-40354567,0.64062
sp,3M,3.228,text,first,seed-40354564,0.00781
sp,3M,3.228,text,first,seed-40354565,0.0
sp,3M,3.228,text,first,seed-40354566,0.0
sp,3M,3.228,text,first,seed-40354567,0.0
sp,3M,3.228,text,last,seed-40354564,0.24219
sp,3M,3.228,text,last,seed-40354565,0.01562
sp,3M,3.228,text,last,seed-40354566,0.00781
sp,3M,3.228,text,last,seed-40354567,0.0
sp,3M,3.228,text,max,seed-40354564,0.15625
sp,3M,3.228,text,max,seed-40354565,0.01562
sp,3M,3.228,text,max,seed-40354566,0.00781
sp,3M,3.228,text,max,seed-40354567,0.0
sp,3M,3.228,text,min,seed-40354564,0.13281
sp,3M,3.228,text,min,seed-40354565,0.0
sp,3M,3.228,text,min,seed-40354566,0.0
sp,3M,3.228,text,min,seed-40354567,0.00781
sp,3M,3.228,text,stack,seed-40354564,0.17969
sp,3M,3.228,text,stack,seed-40354565,0.00781
sp,3M,3.228,text,stack,seed-40354566,0.0
sp,3M,3.228,text,stack,seed-40354567,0.02344
sp,3M,3.228,text,assoc,seed-40354564,0.0625
sp,3M,3.228,text,assoc,seed-40354565,0.02344
sp,3M,3.228,text,assoc,seed-40354566,0.03125
sp,3M,3.228,text,assoc,seed-40354567,0.01562
sp,3M,3.228,text,sum,seed-40354564,0.00781
sp,3M,3.228,text,sum,seed-40354565,0.0
sp,3M,3.228,text,sum,seed-40354566,0.0
sp,3M,3.228,text,sum,seed-40354567,0.0
sp,3M,3.228,text,reverse,seed-40354564,0.0
sp,3M,3.228,text,reverse,seed-40354565,0.0
sp,3M,3.228,text,reverse,seed-40354566,0.0
sp,3M,3.228,text,reverse,seed-40354567,0.0
sp,3M,3.228,text,cipher,seed-40354564,0.0
sp,3M,3.228,text,cipher,seed-40354565,0.0
sp,3M,3.228,text,cipher,seed-40354566,0.0
sp,3M,3.228,text,cipher,seed-40354567,0.0
sp,3M,3.228,word,classify-2,seed-40354564,0.29688
sp,3M,3.228,word,classify-2,seed-40354565,0.03125
sp,3M,3.228,word,classify-2,seed-40354566,0.02344
sp,3M,3.228,word,classify-2,seed-40354567,0.10938
sp,3M,3.228,word,classify-4,seed-40354564,0.10156
sp,3M,3.228,word,classify-4,seed-40354565,0.00781
sp,3M,3.228,word,classify-4,seed-40354566,0.02344
sp,3M,3.228,word,classify-4,seed-40354567,0.03906
sp,3M,3.228,word,lookup-4,seed-40354564,0.17969
sp,3M,3.228,word,lookup-4,seed-40354565,0.01562
sp,3M,3.228,word,lookup-4,seed-40354566,0.00781
sp,3M,3.228,word,lookup-4,seed-40354567,0.07031
sp,3M,3.228,word,word-reverse,seed-40354564,0.0
sp,3M,3.228,word,word-reverse,seed-40354565,0.0
sp,3M,3.228,word,word-reverse,seed-40354566,0.0
sp,3M,3.228,word,word-reverse,seed-40354567,0.0
sp,3M,6.449,raw,reverse,seed-40354564,0.12207
sp,3M,6.449,raw,reverse,seed-40354565,0.02246
sp,3M,6.449,raw,reverse,seed-40354566,0.05078
sp,3M,6.449,raw,reverse,seed-40354567,0.02832
sp,3M,6.449,raw,stack,seed-40354564,0.72656
sp,3M,6.449,raw,stack,seed-40354565,0.0
sp,3M,6.449,raw,stack,seed-40354566,0.0625
sp,3M,6.449,raw,stack,seed-40354567,0.03125
sp,3M,6.449,raw,assoc,seed-40354564,0.75
sp,3M,6.449,raw,assoc,seed-40354565,0.01562
sp,3M,6.449,raw,assoc,seed-40354566,0.39062
sp,3M,6.449,raw,assoc,seed-40354567,0.01562
sp,3M,6.449,raw,sum,seed-40354564,0.0
sp,3M,6.449,raw,sum,seed-40354565,0.01562
sp,3M,6.449,raw,sum,seed-40354566,0.0
sp,3M,6.449,raw,sum,seed-40354567,0.0
sp,3M,6.449,raw,max,seed-40354564,0.375
sp,3M,6.449,raw,max,seed-40354565,0.35938
sp,3M,6.449,raw,max,seed-40354566,0.48438
sp,3M,6.449,raw,max,seed-40354567,0.57812
sp,3M,6.449,raw,min,seed-40354564,0.35938
sp,3M,6.449,raw,min,seed-40354565,0.29688
sp,3M,6.449,raw,min,seed-40354566,0.45312
sp,3M,6.449,raw,min,seed-40354567,0.59375
sp,3M,6.449,raw,first,seed-40354564,0.84375
sp,3M,6.449,raw,first,seed-40354565,0.01562
sp,3M,6.449,raw,first,seed-40354566,0.875
sp,3M,6.449,raw,first,seed-40354567,0.28125
sp,3M,6.449,raw,last,seed-40354564,1.0
sp,3M,6.449,raw,last,seed-40354565,0.90625
sp,3M,6.449,raw,last,seed-40354566,0.98438
sp,3M,6.449,raw,last,seed-40354567,0.59375
sp,3M,6.449,text,first,seed-40354564,0.125
sp,3M,6.449,text,first,seed-40354565,0.01562
sp,3M,6.449,text,first,seed-40354566,0.10938
sp,3M,6.449,text,first,seed-40354567,0.03125
sp,3M,6.449,text,last,seed-40354564,0.39062
sp,3M,6.449,text,last,seed-40354565,0.0
sp,3M,6.449,text,last,seed-40354566,0.26562
sp,3M,6.449,text,last,seed-40354567,0.4375
sp,3M,6.449,text,max,seed-40354564,0.28125
sp,3M,6.449,text,max,seed-40354565,0.00781
sp,3M,6.449,text,max,seed-40354566,0.13281
sp,3M,6.449,text,max,seed-40354567,0.21094
sp,3M,6.449,text,min,seed-40354564,0.28125
sp,3M,6.449,text,min,seed-40354565,0.02344
sp,3M,6.449,text,min,seed-40354566,0.14062
sp,3M,6.449,text,min,seed-40354567,0.17188
sp,3M,6.449,text,stack,seed-40354564,0.14844
sp,3M,6.449,text,stack,seed-40354565,0.0
sp,3M,6.449,text,stack,seed-40354566,0.14844
sp,3M,6.449,text,stack,seed-40354567,0.30469
sp,3M,6.449,text,assoc,seed-40354564,0.07812
sp,3M,6.449,text,assoc,seed-40354565,0.08594
sp,3M,6.449,text,assoc,seed-40354566,0.11719
sp,3M,6.449,text,assoc,seed-40354567,0.05469
sp,3M,6.449,text,sum,seed-40354564,0.0
sp,3M,6.449,text,sum,seed-40354565,0.0
sp,3M,6.449,text,sum,seed-40354566,0.0
sp,3M,6.449,text,sum,seed-40354567,0.0
sp,3M,6.449,text,reverse,seed-40354564,0.0
sp,3M,6.449,text,reverse,seed-40354565,0.0
sp,3M,6.449,text,reverse,seed-40354566,0.0
sp,3M,6.449,text,reverse,seed-40354567,0.0
sp,3M,6.449,text,cipher,seed-40354564,0.0
sp,3M,6.449,text,cipher,seed-40354565,0.0
sp,3M,6.449,text,cipher,seed-40354566,0.0
sp,3M,6.449,text,cipher,seed-40354567,0.0
sp,3M,6.449,word,classify-2,seed-40354564,0.375
sp,3M,6.449,word,classify-2,seed-40354565,0.05469
sp,3M,6.449,word,classify-2,seed-40354566,0.46094
sp,3M,6.449,word,classify-2,seed-40354567,0.10156
sp,3M,6.449,word,classify-4,seed-40354564,0.14062
sp,3M,6.449,word,classify-4,seed-40354565,0.02344
sp,3M,6.449,word,classify-4,seed-40354566,0.15625
sp,3M,6.449,word,classify-4,seed-40354567,0.05469
sp,3M,6.449,word,lookup-4,seed-40354564,0.21875
sp,3M,6.449,word,lookup-4,seed-40354565,0.04688
sp,3M,6.449,word,lookup-4,seed-40354566,0.32812
sp,3M,6.449,word,lookup-4,seed-40354567,0.04688
sp,3M,6.449,word,word-reverse,seed-40354564,0.0
sp,3M,6.449,word,word-reverse,seed-40354565,0.0
sp,3M,6.449,word,word-reverse,seed-40354566,0.0
sp,3M,6.449,word,word-reverse,seed-40354567,0.0
sp,3M,12.891,raw,reverse,seed-40354564,0.23145
sp,3M,12.891,raw,reverse,seed-40354565,0.02148
sp,3M,12.891,raw,reverse,seed-40354566,0.875
sp,3M,12.891,raw,reverse,seed-40354567,0.01172
sp,3M,12.891,raw,stack,seed-40354564,0.69531
sp,3M,12.891,raw,stack,seed-40354565,0.08594
sp,3M,12.891,raw,stack,seed-40354566,0.84375
sp,3M,12.891,raw,stack,seed-40354567,0.03125
sp,3M,12.891,raw,assoc,seed-40354564,0.92969
sp,3M,12.891,raw,assoc,seed-40354565,0.70312
sp,3M,12.891,raw,assoc,seed-40354566,0.5
sp,3M,12.891,raw,assoc,seed-40354567,0.00781
sp,3M,12.891,raw,sum,seed-40354564,0.0
sp,3M,12.891,raw,sum,seed-40354565,0.0
sp,3M,12.891,raw,sum,seed-40354566,0.0
sp,3M,12.891,raw,sum,seed-40354567,0.01562
sp,3M,12.891,raw,max,seed-40354564,0.51562
sp,3M,12.891,raw,max,seed-40354565,0.29688
sp,3M,12.891,raw,max,seed-40354566,0.53125
sp,3M,12.891,raw,max,seed-40354567,0.5
sp,3M,12.891,raw,min,seed-40354564,0.46875
sp,3M,12.891,raw,min,seed-40354565,0.5
sp,3M,12.891,raw,min,seed-40354566,0.46875
sp,3M,12.891,raw,min,seed-40354567,0.35938
sp,3M,12.891,raw,first,seed-40354564,0.96875
sp,3M,12.891,raw,first,seed-40354565,0.25
sp,3M,12.891,raw,first,seed-40354566,1.0
sp,3M,12.891,raw,first,seed-40354567,0.96875
sp,3M,12.891,raw,last,seed-40354564,1.0
sp,3M,12.891,raw,last,seed-40354565,1.0
sp,3M,12.891,raw,last,seed-40354566,0.98438
sp,3M,12.891,raw,last,seed-40354567,0.9375
sp,3M,12.891,text,first,seed-40354564,0.52344
sp,3M,12.891,text,first,seed-40354565,0.00781
sp,3M,12.891,text,first,seed-40354566,0.88281
sp,3M,12.891,text,first,seed-40354567,0.02344
sp,3M,12.891,text,last,seed-40354564,0.61719
sp,3M,12.891,text,last,seed-40354565,0.09375
sp,3M,12.891,text,last,seed-40354566,0.89844
sp,3M,12.891,text,last,seed-40354567,0.3125
sp,3M,12.891,text,max,seed-40354564,0.40625
sp,3M,12.891,text,max,seed-40354565,0.03906
sp,3M,12.891,text,max,seed-40354566,0.5
sp,3M,12.891,text,max,seed-40354567,0.10156
sp,3M,12.891,text,min,seed-40354564,0.57031
sp,3M,12.891,text,min,seed-40354565,0.0625
sp,3M,12.891,text,min,seed-40354566,0.50781
sp,3M,12.891,text,min,seed-40354567,0.08594
sp,3M,12.891,text,stack,seed-40354564,0.42969
sp,3M,12.891,text,stack,seed-40354565,0.04688
sp,3M,12.891,text,stack,seed-40354566,0.5
sp,3M,12.891,text,stack,seed-40354567,0.04688
sp,3M,12.891,text,assoc,seed-40354564,0.13281
sp,3M,12.891,text,assoc,seed-40354565,0.07812
sp,3M,12.891,text,assoc,seed-40354566,0.14062
sp,3M,12.891,text,assoc,seed-40354567,0.03906
sp,3M,12.891,text,sum,seed-40354564,0.00781
sp,3M,12.891,text,sum,seed-40354565,0.00781
sp,3M,12.891,text,sum,seed-40354566,0.0
sp,3M,12.891,text,sum,seed-40354567,0.00781
sp,3M,12.891,text,reverse,seed-40354564,0.0
sp,3M,12.891,text,reverse,seed-40354565,0.0
sp,3M,12.891,text,reverse,seed-40354566,0.0
sp,3M,12.891,text,reverse,seed-40354567,0.0
sp,3M,12.891,text,cipher,seed-40354564,0.0
sp,3M,12.891,text,cipher,seed-40354565,0.0
sp,3M,12.891,text,cipher,seed-40354566,0.0
sp,3M,12.891,text,cipher,seed-40354567,0.0
sp,3M,12.891,word,classify-2,seed-40354564,0.54688
sp,3M,12.891,word,classify-2,seed-40354565,0.52344
sp,3M,12.891,word,classify-2,seed-40354566,0.45312
sp,3M,12.891,word,classify-2,seed-40354567,0.125
sp,3M,12.891,word,classify-4,seed-40354564,0.24219
sp,3M,12.891,word,classify-4,seed-40354565,0.23438
sp,3M,12.891,word,classify-4,seed-40354566,0.1875
sp,3M,12.891,word,classify-4,seed-40354567,0.04688
sp,3M,12.891,word,lookup-4,seed-40354564,0.32031
sp,3M,12.891,word,lookup-4,seed-40354565,0.44531
sp,3M,12.891,word,lookup-4,seed-40354566,0.32031
sp,3M,12.891,word,lookup-4,seed-40354567,0.04688
sp,3M,12.891,word,word-reverse,seed-40354564,0.0
sp,3M,12.891,word,word-reverse,seed-40354565,0.0
sp,3M,12.891,word,word-reverse,seed-40354566,0.0
sp,3M,12.891,word,word-reverse,seed-40354567,0.0
sp,3M,17.723,raw,reverse,seed-40354564,0.54004
sp,3M,17.723,raw,reverse,seed-40354565,0.0752
sp,3M,17.723,raw,reverse,seed-40354566,0.91699
sp,3M,17.723,raw,reverse,seed-40354567,0.03027
sp,3M,17.723,raw,stack,seed-40354564,0.83594
sp,3M,17.723,raw,stack,seed-40354565,0.14062
sp,3M,17.723,raw,stack,seed-40354566,0.83594
sp,3M,17.723,raw,stack,seed-40354567,0.45312
sp,3M,17.723,raw,assoc,seed-40354564,0.82812
sp,3M,17.723,raw,assoc,seed-40354565,0.41406
sp,3M,17.723,raw,assoc,seed-40354566,0.63281
sp,3M,17.723,raw,assoc,seed-40354567,0.26562
sp,3M,17.723,raw,sum,seed-40354564,0.01562
sp,3M,17.723,raw,sum,seed-40354565,0.0
sp,3M,17.723,raw,sum,seed-40354566,0.0
sp,3M,17.723,raw,sum,seed-40354567,0.0
sp,3M,17.723,raw,max,seed-40354564,0.60938
sp,3M,17.723,raw,max,seed-40354565,0.3125
sp,3M,17.723,raw,max,seed-40354566,0.51562
sp,3M,17.723,raw,max,seed-40354567,0.60938
sp,3M,17.723,raw,min,seed-40354564,0.53125
sp,3M,17.723,raw,min,seed-40354565,0.54688
sp,3M,17.723,raw,min,seed-40354566,0.42188
sp,3M,17.723,raw,min,seed-40354567,0.48438
sp,3M,17.723,raw,first,seed-40354564,1.0
sp,3M,17.723,raw,first,seed-40354565,0.96875
sp,3M,17.723,raw,first,seed-40354566,1.0
sp,3M,17.723,raw,first,seed-40354567,0.98438
sp,3M,17.723,raw,last,seed-40354564,1.0
sp,3M,17.723,raw,last,seed-40354565,1.0
sp,3M,17.723,raw,last,seed-40354566,1.0
sp,3M,17.723,raw,last,seed-40354567,1.0
sp,3M,17.723,text,first,seed-40354564,0.21875
sp,3M,17.723,text,first,seed-40354565,0.89844
sp,3M,17.723,text,first,seed-40354566,0.9375
sp,3M,17.723,text,first,seed-40354567,0.17188
sp,3M,17.723,text,last,seed-40354564,0.84375
sp,3M,17.723,text,last,seed-40354565,0.24219
sp,3M,17.723,text,last,seed-40354566,0.70312
sp,3M,17.723,text,last,seed-40354567,0.26562
sp,3M,17.723,text,max,seed-40354564,0.42969
sp,3M,17.723,text,max,seed-40354565,0.375
sp,3M,17.723,text,max,seed-40354566,0.60156
sp,3M,17.723,text,max,seed-40354567,0.19531
sp,3M,17.723,text,min,seed-40354564,0.48438
sp,3M,17.723,text,min,seed-40354565,0.47656
sp,3M,17.723,text,min,seed-40354566,0.60938
sp,3M,17.723,text,min,seed-40354567,0.16406
sp,3M,17.723,text,stack,seed-40354564,0.52344
sp,3M,17.723,text,stack,seed-40354565,0.39062
sp,3M,17.723,text,stack,seed-40354566,0.44531
sp,3M,17.723,text,stack,seed-40354567,0.19531
sp,3M,17.723,text,assoc,seed-40354564,0.07031
sp,3M,17.723,text,assoc,seed-40354565,0.10938
sp,3M,17.723,text,assoc,seed-40354566,0.10156
sp,3M,17.723,text,assoc,seed-40354567,0.21875
sp,3M,17.723,text,sum,seed-40354564,0.00781
sp,3M,17.723,text,sum,seed-40354565,0.0
sp,3M,17.723,text,sum,seed-40354566,0.00781
sp,3M,17.723,text,sum,seed-40354567,0.00781
sp,3M,17.723,text,reverse,seed-40354564,0.0
sp,3M,17.723,text,reverse,seed-40354565,0.0
sp,3M,17.723,text,reverse,seed-40354566,0.0
sp,3M,17.723,text,reverse,seed-40354567,0.0
sp,3M,17.723,text,cipher,seed-40354564,0.0
sp,3M,17.723,text,cipher,seed-40354565,0.0
sp,3M,17.723,text,cipher,seed-40354566,0.0
sp,3M,17.723,text,cipher,seed-40354567,0.0
sp,3M,17.723,word,classify-2,seed-40354564,0.5
sp,3M,17.723,word,classify-2,seed-40354565,0.46875
sp,3M,17.723,word,classify-2,seed-40354566,0.59375
sp,3M,17.723,word,classify-2,seed-40354567,0.39844
sp,3M,17.723,word,classify-4,seed-40354564,0.16406
sp,3M,17.723,word,classify-4,seed-40354565,0.20312
sp,3M,17.723,word,classify-4,seed-40354566,0.23438
sp,3M,17.723,word,classify-4,seed-40354567,0.22656
sp,3M,17.723,word,lookup-4,seed-40354564,0.25
sp,3M,17.723,word,lookup-4,seed-40354565,0.32031
sp,3M,17.723,word,lookup-4,seed-40354566,0.4375
sp,3M,17.723,word,lookup-4,seed-40354567,0.47656
sp,3M,17.723,word,word-reverse,seed-40354564,0.0
sp,3M,17.723,word,word-reverse,seed-40354565,0.0
sp,3M,17.723,word,word-reverse,seed-40354566,0.0
sp,3M,17.723,word,word-reverse,seed-40354567,0.0
sp,3M,51.54,raw,reverse,seed-40354564,0.56641
sp,3M,51.54,raw,reverse,seed-40354565,0.00684
sp,3M,51.54,raw,reverse,seed-40354566,0.78418
sp,3M,51.54,raw,reverse,seed-40354567,0.1875
sp,3M,51.54,raw,stack,seed-40354564,0.82812
sp,3M,51.54,raw,stack,seed-40354565,0.33594
sp,3M,51.54,raw,stack,seed-40354566,0.82812
sp,3M,51.54,raw,stack,seed-40354567,0.76562
sp,3M,51.54,raw,assoc,seed-40354564,0.40625
sp,3M,51.54,raw,assoc,seed-40354565,0.42188
sp,3M,51.54,raw,assoc,seed-40354566,0.71094
sp,3M,51.54,raw,assoc,seed-40354567,0.32031
sp,3M,51.54,raw,sum,seed-40354564,0.01562
sp,3M,51.54,raw,sum,seed-40354565,0.01562
sp,3M,51.54,raw,sum,seed-40354566,0.0
sp,3M,51.54,raw,sum,seed-40354567,0.04688
sp,3M,51.54,raw,max,seed-40354564,0.60938
sp,3M,51.54,raw,max,seed-40354565,0.4375
sp,3M,51.54,raw,max,seed-40354566,0.60938
sp,3M,51.54,raw,max,seed-40354567,0.54688
sp,3M,51.54,raw,min,seed-40354564,0.625
sp,3M,51.54,raw,min,seed-40354565,0.5625
sp,3M,51.54,raw,min,seed-40354566,0.39062
sp,3M,51.54,raw,min,seed-40354567,0.46875
sp,3M,51.54,raw,first,seed-40354564,1.0
sp,3M,51.54,raw,first,seed-40354565,0.76562
sp,3M,51.54,raw,first,seed-40354566,1.0
sp,3M,51.54,raw,first,seed-40354567,1.0
sp,3M,51.54,raw,last,seed-40354564,1.0
sp,3M,51.54,raw,last,seed-40354565,1.0
sp,3M,51.54,raw,last,seed-40354566,1.0
sp,3M,51.54,raw,last,seed-40354567,1.0
sp,3M,51.54,text,first,seed-40354564,0.09375
sp,3M,51.54,text,first,seed-40354565,0.01562
sp,3M,51.54,text,first,seed-40354566,0.03906
sp,3M,51.54,text,first,seed-40354567,0.10156
sp,3M,51.54,text,last,seed-40354564,0.97656
sp,3M,51.54,text,last,seed-40354565,0.03906
sp,3M,51.54,text,last,seed-40354566,0.14062
sp,3M,51.54,text,last,seed-40354567,0.21875
sp,3M,51.54,text,max,seed-40354564,0.36719
sp,3M,51.54,text,max,seed-40354565,0.07031
sp,3M,51.54,text,max,seed-40354566,0.11719
sp,3M,51.54,text,max,seed-40354567,0.15625
sp,3M,51.54,text,min,seed-40354564,0.29688
sp,3M,51.54,text,min,seed-40354565,0.05469
sp,3M,51.54,text,min,seed-40354566,0.13281
sp,3M,51.54,text,min,seed-40354567,0.16406
sp,3M,51.54,text,stack,seed-40354564,0.71094
sp,3M,51.54,text,stack,seed-40354565,0.03906
sp,3M,51.54,text,stack,seed-40354566,0.10938
sp,3M,51.54,text,stack,seed-40354567,0.24219
sp,3M,51.54,text,assoc,seed-40354564,0.04688
sp,3M,51.54,text,assoc,seed-40354565,0.05469
sp,3M,51.54,text,assoc,seed-40354566,0.17969
sp,3M,51.54,text,assoc,seed-40354567,0.47656
sp,3M,51.54,text,sum,seed-40354564,0.00781
sp,3M,51.54,text,sum,seed-40354565,0.0
sp,3M,51.54,text,sum,seed-40354566,0.00781
sp,3M,51.54,text,sum,seed-40354567,0.0
sp,3M,51.54,text,reverse,seed-40354564,0.0
sp,3M,51.54,text,reverse,seed-40354565,0.0
sp,3M,51.54,text,reverse,seed-40354566,0.0
sp,3M,51.54,text,reverse,seed-40354567,0.0
sp,3M,51.54,text,cipher,seed-40354564,0.0
sp,3M,51.54,text,cipher,seed-40354565,0.0
sp,3M,51.54,text,cipher,seed-40354566,0.0
sp,3M,51.54,text,cipher,seed-40354567,0.0
sp,3M,51.54,word,classify-2,seed-40354564,0.46094
sp,3M,51.54,word,classify-2,seed-40354565,0.59375
sp,3M,51.54,word,classify-2,seed-40354566,0.53906
sp,3M,51.54,word,classify-2,seed-40354567,0.45312
sp,3M,51.54,word,classify-4,seed-40354564,0.19531
sp,3M,51.54,word,classify-4,seed-40354565,0.24219
sp,3M,51.54,word,classify-4,seed-40354566,0.25
sp,3M,51.54,word,classify-4,seed-40354567,0.23438
sp,3M,51.54,word,lookup-4,seed-40354564,0.36719
sp,3M,51.54,word,lookup-4,seed-40354565,0.49219
sp,3M,51.54,word,lookup-4,seed-40354566,0.64062
sp,3M,51.54,word,lookup-4,seed-40354567,0.64062
sp,3M,51.54,word,word-reverse,seed-40354564,0.0
sp,3M,51.54,word,word-reverse,seed-40354565,0.0
sp,3M,51.54,word,word-reverse,seed-40354566,0.0
sp,3M,51.54,word,word-reverse,seed-40354567,0.0
sp,500k,0.006,raw,reverse,seed-40354564,0.00098
sp,500k,0.006,raw,reverse,seed-40354565,0.00195
sp,500k,0.006,raw,reverse,seed-40354566,0.00781
sp,500k,0.006,raw,reverse,seed-40354567,0.00195
sp,500k,0.006,raw,stack,seed-40354564,0.0
sp,500k,0.006,raw,stack,seed-40354565,0.01562
sp,500k,0.006,raw,stack,seed-40354566,0.00781
sp,500k,0.006,raw,stack,seed-40354567,0.0
sp,500k,0.006,raw,assoc,seed-40354564,0.0
sp,500k,0.006,raw,assoc,seed-40354565,0.0
sp,500k,0.006,raw,assoc,seed-40354566,0.01562
sp,500k,0.006,raw,assoc,seed-40354567,0.0
sp,500k,0.006,raw,sum,seed-40354564,0.0
sp,500k,0.006,raw,sum,seed-40354565,0.0
sp,500k,0.006,raw,sum,seed-40354566,0.0
sp,500k,0.006,raw,sum,seed-40354567,0.0
sp,500k,0.006,raw,max,seed-40354564,0.0
sp,500k,0.006,raw,max,seed-40354565,0.0
sp,500k,0.006,raw,max,seed-40354566,0.0
sp,500k,0.006,raw,max,seed-40354567,0.0
sp,500k,0.006,raw,min,seed-40354564,0.01562
sp,500k,0.006,raw,min,seed-40354565,0.0
sp,500k,0.006,raw,min,seed-40354566,0.0
sp,500k,0.006,raw,min,seed-40354567,0.0
sp,500k,0.006,raw,first,seed-40354564,0.0
sp,500k,0.006,raw,first,seed-40354565,0.0
sp,500k,0.006,raw,first,seed-40354566,0.03125
sp,500k,0.006,raw,first,seed-40354567,0.0
sp,500k,0.006,raw,last,seed-40354564,0.0
sp,500k,0.006,raw,last,seed-40354565,0.01562
sp,500k,0.006,raw,last,seed-40354566,0.0
sp,500k,0.006,raw,last,seed-40354567,0.01562
sp,500k,0.006,text,first,seed-40354564,0.0
sp,500k,0.006,text,first,seed-40354565,0.0
sp,500k,0.006,text,first,seed-40354566,0.0
sp,500k,0.006,text,first,seed-40354567,0.0
sp,500k,0.006,text,last,seed-40354564,0.0
sp,500k,0.006,text,last,seed-40354565,0.0
sp,500k,0.006,text,last,seed-40354566,0.0
sp,500k,0.006,text,last,seed-40354567,0.0
sp,500k,0.006,text,max,seed-40354564,0.0
sp,500k,0.006,text,max,seed-40354565,0.0
sp,500k,0.006,text,max,seed-40354566,0.0
sp,500k,0.006,text,max,seed-40354567,0.0
sp,500k,0.006,text,min,seed-40354564,0.0
sp,500k,0.006,text,min,seed-40354565,0.0
sp,500k,0.006,text,min,seed-40354566,0.0
sp,500k,0.006,text,min,seed-40354567,0.0
sp,500k,0.006,text,stack,seed-40354564,0.03906
sp,500k,0.006,text,stack,seed-40354565,0.0
sp,500k,0.006,text,stack,seed-40354566,0.0
sp,500k,0.006,text,stack,seed-40354567,0.00781
sp,500k,0.006,text,assoc,seed-40354564,0.0
sp,500k,0.006,text,assoc,seed-40354565,0.0
sp,500k,0.006,text,assoc,seed-40354566,0.0
sp,500k,0.006,text,assoc,seed-40354567,0.0
sp,500k,0.006,text,sum,seed-40354564,0.0
sp,500k,0.006,text,sum,seed-40354565,0.0
sp,500k,0.006,text,sum,seed-40354566,0.0
sp,500k,0.006,text,sum,seed-40354567,0.0
sp,500k,0.006,text,reverse,seed-40354564,0.0
sp,500k,0.006,text,reverse,seed-40354565,0.0
sp,500k,0.006,text,reverse,seed-40354566,0.0
sp,500k,0.006,text,reverse,seed-40354567,0.0
sp,500k,0.006,text,cipher,seed-40354564,0.0
sp,500k,0.006,text,cipher,seed-40354565,0.0
sp,500k,0.006,text,cipher,seed-40354566,0.0
sp,500k,0.006,text,cipher,seed-40354567,0.0
sp,500k,0.006,word,classify-2,seed-40354564,0.0
sp,500k,0.006,word,classify-2,seed-40354565,0.0
sp,500k,0.006,word,classify-2,seed-40354566,0.0
sp,500k,0.006,word,classify-2,seed-40354567,0.0
sp,500k,0.006,word,classify-4,seed-40354564,0.0
sp,500k,0.006,word,classify-4,seed-40354565,0.0
sp,500k,0.006,word,classify-4,seed-40354566,0.0
sp,500k,0.006,word,classify-4,seed-40354567,0.0
sp,500k,0.006,word,lookup-4,seed-40354564,0.0
sp,500k,0.006,word,lookup-4,seed-40354565,0.0
sp,500k,0.006,word,lookup-4,seed-40354566,0.0
sp,500k,0.006,word,lookup-4,seed-40354567,0.0
sp,500k,0.006,word,word-reverse,seed-40354564,0.0
sp,500k,0.006,word,word-reverse,seed-40354565,0.0
sp,500k,0.006,word,word-reverse,seed-40354566,0.0
sp,500k,0.006,word,word-reverse,seed-40354567,0.0
sp,500k,1.617,raw,reverse,seed-40354564,0.12793
sp,500k,1.617,raw,reverse,seed-40354565,0.01367
sp,500k,1.617,raw,reverse,seed-40354566,0.00391
sp,500k,1.617,raw,reverse,seed-40354567,0.00684
sp,500k,1.617,raw,stack,seed-40354564,0.01562
sp,500k,1.617,raw,stack,seed-40354565,0.0
sp,500k,1.617,raw,stack,seed-40354566,0.0
sp,500k,1.617,raw,stack,seed-40354567,0.0
sp,500k,1.617,raw,assoc,seed-40354564,0.00781
sp,500k,1.617,raw,assoc,seed-40354565,0.00781
sp,500k,1.617,raw,assoc,seed-40354566,0.03906
sp,500k,1.617,raw,assoc,seed-40354567,0.0
sp,500k,1.617,raw,sum,seed-40354564,0.0
sp,500k,1.617,raw,sum,seed-40354565,0.01562
sp,500k,1.617,raw,sum,seed-40354566,0.0
sp,500k,1.617,raw,sum,seed-40354567,0.01562
sp,500k,1.617,raw,max,seed-40354564,0.42188
sp,500k,1.617,raw,max,seed-40354565,0.0
sp,500k,1.617,raw,max,seed-40354566,0.0
sp,500k,1.617,raw,max,seed-40354567,0.0
sp,500k,1.617,raw,min,seed-40354564,0.51562
sp,500k,1.617,raw,min,seed-40354565,0.0
sp,500k,1.617,raw,min,seed-40354566,0.0
sp,500k,1.617,raw,min,seed-40354567,0.0
sp,500k,1.617,raw,first,seed-40354564,0.01562
sp,500k,1.617,raw,first,seed-40354565,0.0
sp,500k,1.617,raw,first,seed-40354566,0.0
sp,500k,1.617,raw,first,seed-40354567,0.0
sp,500k,1.617,raw,last,seed-40354564,0.96875
sp,500k,1.617,raw,last,seed-40354565,0.0
sp,500k,1.617,raw,last,seed-40354566,0.04688
sp,500k,1.617,raw,last,seed-40354567,0.0
sp,500k,1.617,text,first,seed-40354564,0.0
sp,500k,1.617,text,first,seed-40354565,0.00781
sp,500k,1.617,text,first,seed-40354566,0.0
sp,500k,1.617,text,first,seed-40354567,0.01562
sp,500k,1.617,text,last,seed-40354564,0.0
sp,500k,1.617,text,last,seed-40354565,0.0
sp,500k,1.617,text,last,seed-40354566,0.0
sp,500k,1.617,text,last,seed-40354567,0.01562
sp,500k,1.617,text,max,seed-40354564,0.0
sp,500k,1.617,text,max,seed-40354565,0.01562
sp,500k,1.617,text,max,seed-40354566,0.00781
sp,500k,1.617,text,max,seed-40354567,0.04688
sp,500k,1.617,text,min,seed-40354564,0.0
sp,500k,1.617,text,min,seed-40354565,0.00781
sp,500k,1.617,text,min,seed-40354566,0.0
sp,500k,1.617,text,min,seed-40354567,0.0
sp,500k,1.617,text,stack,seed-40354564,0.0
sp,500k,1.617,text,stack,seed-40354565,0.00781
sp,500k,1.617,text,stack,seed-40354566,0.0
sp,500k,1.617,text,stack,seed-40354567,0.0
sp,500k,1.617,text,assoc,seed-40354564,0.0
sp,500k,1.617,text,assoc,seed-40354565,0.01562
sp,500k,1.617,text,assoc,seed-40354566,0.07031
sp,500k,1.617,text,assoc,seed-40354567,0.02344
sp,500k,1.617,text,sum,seed-40354564,0.0
sp,500k,1.617,text,sum,seed-40354565,0.0
sp,500k,1.617,text,sum,seed-40354566,0.0
sp,500k,1.617,text,sum,seed-40354567,0.0
sp,500k,1.617,text,reverse,seed-40354564,0.0
sp,500k,1.617,text,reverse,seed-40354565,0.0
sp,500k,1.617,text,reverse,seed-40354566,0.0
sp,500k,1.617,text,reverse,seed-40354567,0.0
sp,500k,1.617,text,cipher,seed-40354564,0.0
sp,500k,1.617,text,cipher,seed-40354565,0.0
sp,500k,1.617,text,cipher,seed-40354566,0.0
sp,500k,1.617,text,cipher,seed-40354567,0.0
sp,500k,1.617,word,classify-2,seed-40354564,0.0
sp,500k,1.617,word,classify-2,seed-40354565,0.05469
sp,500k,1.617,word,classify-2,seed-40354566,0.07812
sp,500k,1.617,word,classify-2,seed-40354567,0.05469
sp,500k,1.617,word,classify-4,seed-40354564,0.0
sp,500k,1.617,word,classify-4,seed-40354565,0.03125
sp,500k,1.617,word,classify-4,seed-40354566,0.08594
sp,500k,1.617,word,classify-4,seed-40354567,0.05469
sp,500k,1.617,word,lookup-4,seed-40354564,0.0
sp,500k,1.617,word,lookup-4,seed-40354565,0.03125
sp,500k,1.617,word,lookup-4,seed-40354566,0.03906
sp,500k,1.617,word,lookup-4,seed-40354567,0.02344
sp,500k,1.617,word,word-reverse,seed-40354564,0.0
sp,500k,1.617,word,word-reverse,seed-40354565,0.0
sp,500k,1.617,word,word-reverse,seed-40354566,0.0
sp,500k,1.617,word,word-reverse,seed-40354567,0.0
sp,500k,3.228,raw,reverse,seed-40354564,0.12891
sp,500k,3.228,raw,reverse,seed-40354565,0.12012
sp,500k,3.228,raw,reverse,seed-40354566,0.08594
sp,500k,3.228,raw,reverse,seed-40354567,0.04883
sp,500k,3.228,raw,stack,seed-40354564,0.00781
sp,500k,3.228,raw,stack,seed-40354565,0.0
sp,500k,3.228,raw,stack,seed-40354566,0.0
sp,500k,3.228,raw,stack,seed-40354567,0.00781
sp,500k,3.228,raw,assoc,seed-40354564,0.00781
sp,500k,3.228,raw,assoc,seed-40354565,0.00781
sp,500k,3.228,raw,assoc,seed-40354566,0.00781
sp,500k,3.228,raw,assoc,seed-40354567,0.0
sp,500k,3.228,raw,sum,seed-40354564,0.0
sp,500k,3.228,raw,sum,seed-40354565,0.0
sp,500k,3.228,raw,sum,seed-40354566,0.0
sp,500k,3.228,raw,sum,seed-40354567,0.01562
sp,500k,3.228,raw,max,seed-40354564,0.45312
sp,500k,3.228,raw,max,seed-40354565,0.4375
sp,500k,3.228,raw,max,seed-40354566,0.35938
sp,500k,3.228,raw,max,seed-40354567,0.15625
sp,500k,3.228,raw,min,seed-40354564,0.5
sp,500k,3.228,raw,min,seed-40354565,0.54688
sp,500k,3.228,raw,min,seed-40354566,0.1875
sp,500k,3.228,raw,min,seed-40354567,0.09375
sp,500k,3.228,raw,first,seed-40354564,0.01562
sp,500k,3.228,raw,first,seed-40354565,0.07812
sp,500k,3.228,raw,first,seed-40354566,0.0625
sp,500k,3.228,raw,first,seed-40354567,0.0625
sp,500k,3.228,raw,last,seed-40354564,0.95312
sp,500k,3.228,raw,last,seed-40354565,0.8125
sp,500k,3.228,raw,last,seed-40354566,0.46875
sp,500k,3.228,raw,last,seed-40354567,0.25
sp,500k,3.228,text,first,seed-40354564,0.0
sp,500k,3.228,text,first,seed-40354565,0.07812
sp,500k,3.228,text,first,seed-40354566,0.03125
sp,500k,3.228,text,first,seed-40354567,0.0
sp,500k,3.228,text,last,seed-40354564,0.00781
sp,500k,3.228,text,last,seed-40354565,0.17969
sp,500k,3.228,text,last,seed-40354566,0.05469
sp,500k,3.228,text,last,seed-40354567,0.0
sp,500k,3.228,text,max,seed-40354564,0.03906
sp,500k,3.228,text,max,seed-40354565,0.17188
sp,500k,3.228,text,max,seed-40354566,0.07812
sp,500k,3.228,text,max,seed-40354567,0.0
sp,500k,3.228,text,min,seed-40354564,0.00781
sp,500k,3.228,text,min,seed-40354565,0.07031
sp,500k,3.228,text,min,seed-40354566,0.05469
sp,500k,3.228,text,min,seed-40354567,0.0
sp,500k,3.228,text,stack,seed-40354564,0.00781
sp,500k,3.228,text,stack,seed-40354565,0.03906
sp,500k,3.228,text,stack,seed-40354566,0.03906
sp,500k,3.228,text,stack,seed-40354567,0.04688
sp,500k,3.228,text,assoc,seed-40354564,0.03125
sp,500k,3.228,text,assoc,seed-40354565,0.0
sp,500k,3.228,text,assoc,seed-40354566,0.07031
sp,500k,3.228,text,assoc,seed-40354567,0.00781
sp,500k,3.228,text,sum,seed-40354564,0.0
sp,500k,3.228,text,sum,seed-40354565,0.00781
sp,500k,3.228,text,sum,seed-40354566,0.0
sp,500k,3.228,text,sum,seed-40354567,0.0
sp,500k,3.228,text,reverse,seed-40354564,0.0
sp,500k,3.228,text,reverse,seed-40354565,0.0
sp,500k,3.228,text,reverse,seed-40354566,0.0
sp,500k,3.228,text,reverse,seed-40354567,0.0
sp,500k,3.228,text,cipher,seed-40354564,0.0
sp,500k,3.228,text,cipher,seed-40354565,0.0
sp,500k,3.228,text,cipher,seed-40354566,0.0
sp,500k,3.228,text,cipher,seed-40354567,0.0
sp,500k,3.228,word,classify-2,seed-40354564,0.04688
sp,500k,3.228,word,classify-2,seed-40354565,0.03125
sp,500k,3.228,word,classify-2,seed-40354566,0.05469
sp,500k,3.228,word,classify-2,seed-40354567,0.02344
sp,500k,3.228,word,classify-4,seed-40354564,0.01562
sp,500k,3.228,word,classify-4,seed-40354565,0.0
sp,500k,3.228,word,classify-4,seed-40354566,0.05469
sp,500k,3.228,word,classify-4,seed-40354567,0.01562
sp,500k,3.228,word,lookup-4,seed-40354564,0.00781
sp,500k,3.228,word,lookup-4,seed-40354565,0.01562
sp,500k,3.228,word,lookup-4,seed-40354566,0.04688
sp,500k,3.228,word,lookup-4,seed-40354567,0.03125
sp,500k,3.228,word,word-reverse,seed-40354564,0.0
sp,500k,3.228,word,word-reverse,seed-40354565,0.0
sp,500k,3.228,word,word-reverse,seed-40354566,0.0
sp,500k,3.228,word,word-reverse,seed-40354567,0.0
sp,500k,6.449,raw,reverse,seed-40354564,0.12988
sp,500k,6.449,raw,reverse,seed-40354565,0.0127
sp,500k,6.449,raw,reverse,seed-40354566,0.06641
sp,500k,6.449,raw,reverse,seed-40354567,0.07422
sp,500k,6.449,raw,stack,seed-40354564,0.0
sp,500k,6.449,raw,stack,seed-40354565,0.33594
sp,500k,6.449,raw,stack,seed-40354566,0.0
sp,500k,6.449,raw,stack,seed-40354567,0.0
sp,500k,6.449,raw,assoc,seed-40354564,0.00781
sp,500k,6.449,raw,assoc,seed-40354565,0.60938
sp,500k,6.449,raw,assoc,seed-40354566,0.01562
sp,500k,6.449,raw,assoc,seed-40354567,0.0
sp,500k,6.449,raw,sum,seed-40354564,0.0
sp,500k,6.449,raw,sum,seed-40354565,0.01562
sp,500k,6.449,raw,sum,seed-40354566,0.0
sp,500k,6.449,raw,sum,seed-40354567,0.01562
sp,500k,6.449,raw,max,seed-40354564,0.40625
sp,500k,6.449,raw,max,seed-40354565,0.5
sp,500k,6.449,raw,max,seed-40354566,0.26562
sp,500k,6.449,raw,max,seed-40354567,0.23438
sp,500k,6.449,raw,min,seed-40354564,0.46875
sp,500k,6.449,raw,min,seed-40354565,0.53125
sp,500k,6.449,raw,min,seed-40354566,0.34375
sp,500k,6.449,raw,min,seed-40354567,0.25
sp,500k,6.449,raw,first,seed-40354564,0.01562
sp,500k,6.449,raw,first,seed-40354565,0.40625
sp,500k,6.449,raw,first,seed-40354566,0.04688
sp,500k,6.449,raw,first,seed-40354567,0.01562
sp,500k,6.449,raw,last,seed-40354564,0.95312
sp,500k,6.449,raw,last,seed-40354565,1.0
sp,500k,6.449,raw,last,seed-40354566,0.51562
sp,500k,6.449,raw,last,seed-40354567,0.57812
sp,500k,6.449,text,first,seed-40354564,0.0
sp,500k,6.449,text,first,seed-40354565,0.10156
sp,500k,6.449,text,first,seed-40354566,0.00781
sp,500k,6.449,text,first,seed-40354567,0.03906
sp,500k,6.449,text,last,seed-40354564,0.00781
sp,500k,6.449,text,last,seed-40354565,0.88281
sp,500k,6.449,text,last,seed-40354566,0.03906
sp,500k,6.449,text,last,seed-40354567,0.03125
sp,500k,6.449,text,max,seed-40354564,0.0
sp,500k,6.449,text,max,seed-40354565,0.50781
sp,500k,6.449,text,max,seed-40354566,0.07031
sp,500k,6.449,text,max,seed-40354567,0.05469
sp,500k,6.449,text,min,seed-40354564,0.0
sp,500k,6.449,text,min,seed-40354565,0.44531
sp,500k,6.449,text,min,seed-40354566,0.07812
sp,500k,6.449,text,min,seed-40354567,0.03125
sp,500k,6.449,text,stack,seed-40354564,0.0
sp,500k,6.449,text,stack,seed-40354565,0.69531
sp,500k,6.449,text,stack,seed-40354566,0.01562
sp,500k,6.449,text,stack,seed-40354567,0.0625
sp,500k,6.449,text,assoc,seed-40354564,0.03125
sp,500k,6.449,text,assoc,seed-40354565,0.6875
sp,500k,6.449,text,assoc,seed-40354566,0.08594
sp,500k,6.449,text,assoc,seed-40354567,0.07031
sp,500k,6.449,text,sum,seed-40354564,0.0
sp,500k,6.449,text,sum,seed-40354565,0.0
sp,500k,6.449,text,sum,seed-40354566,0.00781
sp,500k,6.449,text,sum,seed-40354567,0.0
sp,500k,6.449,text,reverse,seed-40354564,0.0
sp,500k,6.449,text,reverse,seed-40354565,0.0
sp,500k,6.449,text,reverse,seed-40354566,0.0
sp,500k,6.449,text,reverse,seed-40354567,0.0
sp,500k,6.449,text,cipher,seed-40354564,0.0
sp,500k,6.449,text,cipher,seed-40354565,0.0
sp,500k,6.449,text,cipher,seed-40354566,0.0
sp,500k,6.449,text,cipher,seed-40354567,0.0
sp,500k,6.449,word,classify-2,seed-40354564,0.00781
sp,500k,6.449,word,classify-2,seed-40354565,0.50781
sp,500k,6.449,word,classify-2,seed-40354566,0.04688
sp,500k,6.449,word,classify-2,seed-40354567,0.0
sp,500k,6.449,word,classify-4,seed-40354564,0.0
sp,500k,6.449,word,classify-4,seed-40354565,0.3125
sp,500k,6.449,word,classify-4,seed-40354566,0.03125
sp,500k,6.449,word,classify-4,seed-40354567,0.00781
sp,500k,6.449,word,lookup-4,seed-40354564,0.0
sp,500k,6.449,word,lookup-4,seed-40354565,0.50781
sp,500k,6.449,word,lookup-4,seed-40354566,0.07031
sp,500k,6.449,word,lookup-4,seed-40354567,0.0
sp,500k,6.449,word,word-reverse,seed-40354564,0.0
sp,500k,6.449,word,word-reverse,seed-40354565,0.0
sp,500k,6.449,word,word-reverse,seed-40354566,0.0
sp,500k,6.449,word,word-reverse,seed-40354567,0.0
sp,500k,12.891,raw,reverse,seed-40354564,0.02051
sp,500k,12.891,raw,reverse,seed-40354565,0.04688
sp,500k,12.891,raw,reverse,seed-40354566,0.02637
sp,500k,12.891,raw,reverse,seed-40354567,0.02539
sp,500k,12.891,raw,stack,seed-40354564,0.05469
sp,500k,12.891,raw,stack,seed-40354565,0.14062
sp,500k,12.891,raw,stack,seed-40354566,0.00781
sp,500k,12.891,raw,stack,seed-40354567,0.0
sp,500k,12.891,raw,assoc,seed-40354564,0.53125
sp,500k,12.891,raw,assoc,seed-40354565,0.07031
sp,500k,12.891,raw,assoc,seed-40354566,0.02344
sp,500k,12.891,raw,assoc,seed-40354567,0.15625
sp,500k,12.891,raw,sum,seed-40354564,0.03125
sp,500k,12.891,raw,sum,seed-40354565,0.0
sp,500k,12.891,raw,sum,seed-40354566,0.01562
sp,500k,12.891,raw,sum,seed-40354567,0.0
sp,500k,12.891,raw,max,seed-40354564,0.40625
sp,500k,12.891,raw,max,seed-40354565,0.5
sp,500k,12.891,raw,max,seed-40354566,0.17188
sp,500k,12.891,raw,max,seed-40354567,0.4375
sp,500k,12.891,raw,min,seed-40354564,0.45312
sp,500k,12.891,raw,min,seed-40354565,0.51562
sp,500k,12.891,raw,min,seed-40354566,0.21875
sp,500k,12.891,raw,min,seed-40354567,0.48438
sp,500k,12.891,raw,first,seed-40354564,0.39062
sp,500k,12.891,raw,first,seed-40354565,0.98438
sp,500k,12.891,raw,first,seed-40354566,0.01562
sp,500k,12.891,raw,first,seed-40354567,0.01562
sp,500k,12.891,raw,last,seed-40354564,0.95312
sp,500k,12.891,raw,last,seed-40354565,1.0
sp,500k,12.891,raw,last,seed-40354566,0.29688
sp,500k,12.891,raw,last,seed-40354567,0.98438
sp,500k,12.891,text,first,seed-40354564,0.14844
sp,500k,12.891,text,first,seed-40354565,0.15625
sp,500k,12.891,text,first,seed-40354566,0.01562
sp,500k,12.891,text,first,seed-40354567,0.00781
sp,500k,12.891,text,last,seed-40354564,0.35938
sp,500k,12.891,text,last,seed-40354565,0.8125
sp,500k,12.891,text,last,seed-40354566,0.0625
sp,500k,12.891,text,last,seed-40354567,0.04688
sp,500k,12.891,text,max,seed-40354564,0.27344
sp,500k,12.891,text,max,seed-40354565,0.47656
sp,500k,12.891,text,max,seed-40354566,0.04688
sp,500k,12.891,text,max,seed-40354567,0.03906
sp,500k,12.891,text,min,seed-40354564,0.19531
sp,500k,12.891,text,min,seed-40354565,0.26562
sp,500k,12.891,text,min,seed-40354566,0.02344
sp,500k,12.891,text,min,seed-40354567,0.07031
sp,500k,12.891,text,stack,seed-40354564,0.25
sp,500k,12.891,text,stack,seed-40354565,0.20312
sp,500k,12.891,text,stack,seed-40354566,0.05469
sp,500k,12.891,text,stack,seed-40354567,0.01562
sp,500k,12.891,text,assoc,seed-40354564,0.48438
sp,500k,12.891,text,assoc,seed-40354565,0.60938
sp,500k,12.891,text,assoc,seed-40354566,0.08594
sp,500k,12.891,text,assoc,seed-40354567,0.09375
sp,500k,12.891,text,sum,seed-40354564,0.00781
sp,500k,12.891,text,sum,seed-40354565,0.0
sp,500k,12.891,text,sum,seed-40354566,0.0
sp,500k,12.891,text,sum,seed-40354567,0.0
sp,500k,12.891,text,reverse,seed-40354564,0.0
sp,500k,12.891,text,reverse,seed-40354565,0.0
sp,500k,12.891,text,reverse,seed-40354566,0.0
sp,500k,12.891,text,reverse,seed-40354567,0.0
sp,500k,12.891,text,cipher,seed-40354564,0.0
sp,500k,12.891,text,cipher,seed-40354565,0.0
sp,500k,12.891,text,cipher,seed-40354566,0.0
sp,500k,12.891,text,cipher,seed-40354567,0.0
sp,500k,12.891,word,classify-2,seed-40354564,0.32812
sp,500k,12.891,word,classify-2,seed-40354565,0.34375
sp,500k,12.891,word,classify-2,seed-40354566,0.13281
sp,500k,12.891,word,classify-2,seed-40354567,0.23438
sp,500k,12.891,word,classify-4,seed-40354564,0.1875
sp,500k,12.891,word,classify-4,seed-40354565,0.19531
sp,500k,12.891,word,classify-4,seed-40354566,0.03906
sp,500k,12.891,word,classify-4,seed-40354567,0.10938
sp,500k,12.891,word,lookup-4,seed-40354564,0.76562
sp,500k,12.891,word,lookup-4,seed-40354565,0.42969
sp,500k,12.891,word,lookup-4,seed-40354566,0.10938
sp,500k,12.891,word,lookup-4,seed-40354567,0.13281
sp,500k,12.891,word,word-reverse,seed-40354564,0.0
sp,500k,12.891,word,word-reverse,seed-40354565,0.0
sp,500k,12.891,word,word-reverse,seed-40354566,0.0
sp,500k,12.891,word,word-reverse,seed-40354567,0.0
sp,500k,17.723,raw,reverse,seed-40354564,0.03906
sp,500k,17.723,raw,reverse,seed-40354565,0.02539
sp,500k,17.723,raw,reverse,seed-40354566,0.02734
sp,500k,17.723,raw,reverse,seed-40354567,0.03223
sp,500k,17.723,raw,stack,seed-40354564,0.35156
sp,500k,17.723,raw,stack,seed-40354565,0.25781
sp,500k,17.723,raw,stack,seed-40354566,0.00781
sp,500k,17.723,raw,stack,seed-40354567,0.04688
sp,500k,17.723,raw,assoc,seed-40354564,0.45312
sp,500k,17.723,raw,assoc,seed-40354565,0.48438
sp,500k,17.723,raw,assoc,seed-40354566,0.0625
sp,500k,17.723,raw,assoc,seed-40354567,0.52344
sp,500k,17.723,raw,sum,seed-40354564,0.0
sp,500k,17.723,raw,sum,seed-40354565,0.01562
sp,500k,17.723,raw,sum,seed-40354566,0.0
sp,500k,17.723,raw,sum,seed-40354567,0.01562
sp,500k,17.723,raw,max,seed-40354564,0.32812
sp,500k,17.723,raw,max,seed-40354565,0.5
sp,500k,17.723,raw,max,seed-40354566,0.23438
sp,500k,17.723,raw,max,seed-40354567,0.42188
sp,500k,17.723,raw,min,seed-40354564,0.39062
sp,500k,17.723,raw,min,seed-40354565,0.45312
sp,500k,17.723,raw,min,seed-40354566,0.09375
sp,500k,17.723,raw,min,seed-40354567,0.46875
sp,500k,17.723,raw,first,seed-40354564,0.375
sp,500k,17.723,raw,first,seed-40354565,0.96875
sp,500k,17.723,raw,first,seed-40354566,0.0
sp,500k,17.723,raw,first,seed-40354567,0.01562
sp,500k,17.723,raw,last,seed-40354564,0.96875
sp,500k,17.723,raw,last,seed-40354565,1.0
sp,500k,17.723,raw,last,seed-40354566,0.21875
sp,500k,17.723,raw,last,seed-40354567,0.98438
sp,500k,17.723,text,first,seed-40354564,0.20312
sp,500k,17.723,text,first,seed-40354565,0.14844
sp,500k,17.723,text,first,seed-40354566,0.01562
sp,500k,17.723,text,first,seed-40354567,0.14844
sp,500k,17.723,text,last,seed-40354564,0.17969
sp,500k,17.723,text,last,seed-40354565,0.96875
sp,500k,17.723,text,last,seed-40354566,0.0
sp,500k,17.723,text,last,seed-40354567,0.14844
sp,500k,17.723,text,max,seed-40354564,0.25
sp,500k,17.723,text,max,seed-40354565,0.50781
sp,500k,17.723,text,max,seed-40354566,0.00781
sp,500k,17.723,text,max,seed-40354567,0.17969
sp,500k,17.723,text,min,seed-40354564,0.23438
sp,500k,17.723,text,min,seed-40354565,0.42188
sp,500k,17.723,text,min,seed-40354566,0.03906
sp,500k,17.723,text,min,seed-40354567,0.16406
sp,500k,17.723,text,stack,seed-40354564,0.1875
sp,500k,17.723,text,stack,seed-40354565,0.71094
sp,500k,17.723,text,stack,seed-40354566,0.00781
sp,500k,17.723,text,stack,seed-40354567,0.10156
sp,500k,17.723,text,assoc,seed-40354564,0.42188
sp,500k,17.723,text,assoc,seed-40354565,0.63281
sp,500k,17.723,text,assoc,seed-40354566,0.03125
sp,500k,17.723,text,assoc,seed-40354567,0.60938
sp,500k,17.723,text,sum,seed-40354564,0.0
sp,500k,17.723,text,sum,seed-40354565,0.0
sp,500k,17.723,text,sum,seed-40354566,0.01562
sp,500k,17.723,text,sum,seed-40354567,0.0
sp,500k,17.723,text,reverse,seed-40354564,0.0
sp,500k,17.723,text,reverse,seed-40354565,0.0
sp,500k,17.723,text,reverse,seed-40354566,0.0
sp,500k,17.723,text,reverse,seed-40354567,0.0
sp,500k,17.723,text,cipher,seed-40354564,0.0
sp,500k,17.723,text,cipher,seed-40354565,0.0
sp,500k,17.723,text,cipher,seed-40354566,0.0
sp,500k,17.723,text,cipher,seed-40354567,0.0
sp,500k,17.723,word,classify-2,seed-40354564,0.32812
sp,500k,17.723,word,classify-2,seed-40354565,0.47656
sp,500k,17.723,word,classify-2,seed-40354566,0.25
sp,500k,17.723,word,classify-2,seed-40354567,0.36719
sp,500k,17.723,word,classify-4,seed-40354564,0.125
sp,500k,17.723,word,classify-4,seed-40354565,0.375
sp,500k,17.723,word,classify-4,seed-40354566,0.07031
sp,500k,17.723,word,classify-4,seed-40354567,0.21875
sp,500k,17.723,word,lookup-4,seed-40354564,0.80469
sp,500k,17.723,word,lookup-4,seed-40354565,0.44531
sp,500k,17.723,word,lookup-4,seed-40354566,0.14844
sp,500k,17.723,word,lookup-4,seed-40354567,0.76562
sp,500k,17.723,word,word-reverse,seed-40354564,0.0
sp,500k,17.723,word,word-reverse,seed-40354565,0.0
sp,500k,17.723,word,word-reverse,seed-40354566,0.0
sp,500k,17.723,word,word-reverse,seed-40354567,0.0
sp,500k,51.54,raw,reverse,seed-40354564,0.1123
sp,500k,51.54,raw,reverse,seed-40354565,0.06738
sp,500k,51.54,raw,reverse,seed-40354566,0.00488
sp,500k,51.54,raw,reverse,seed-40354567,0.15527
sp,500k,51.54,raw,stack,seed-40354564,0.61719
sp,500k,51.54,raw,stack,seed-40354565,0.48438
sp,500k,51.54,raw,stack,seed-40354566,0.0
sp,500k,51.54,raw,stack,seed-40354567,0.61719
sp,500k,51.54,raw,assoc,seed-40354564,0.45312
sp,500k,51.54,raw,assoc,seed-40354565,0.35938
sp,500k,51.54,raw,assoc,seed-40354566,0.26562
sp,500k,51.54,raw,assoc,seed-40354567,0.1875
sp,500k,51.54,raw,sum,seed-40354564,0.0
sp,500k,51.54,raw,sum,seed-40354565,0.01562
sp,500k,51.54,raw,sum,seed-40354566,0.0
sp,500k,51.54,raw,sum,seed-40354567,0.0
sp,500k,51.54,raw,max,seed-40354564,0.42188
sp,500k,51.54,raw,max,seed-40354565,0.60938
sp,500k,51.54,raw,max,seed-40354566,0.1875
sp,500k,51.54,raw,max,seed-40354567,0.34375
sp,500k,51.54,raw,min,seed-40354564,0.48438
sp,500k,51.54,raw,min,seed-40354565,0.54688
sp,500k,51.54,raw,min,seed-40354566,0.125
sp,500k,51.54,raw,min,seed-40354567,0.42188
sp,500k,51.54,raw,first,seed-40354564,0.875
sp,500k,51.54,raw,first,seed-40354565,1.0
sp,500k,51.54,raw,first,seed-40354566,0.01562
sp,500k,51.54,raw,first,seed-40354567,0.90625
sp,500k,51.54,raw,last,seed-40354564,0.98438
sp,500k,51.54,raw,last,seed-40354565,0.98438
sp,500k,51.54,raw,last,seed-40354566,0.85938
sp,500k,51.54,raw,last,seed-40354567,0.98438
sp,500k,51.54,text,first,seed-40354564,0.46875
sp,500k,51.54,text,first,seed-40354565,0.67188
sp,500k,51.54,text,first,seed-40354566,0.00781
sp,500k,51.54,text,first,seed-40354567,0.80469
sp,500k,51.54,text,last,seed-40354564,0.52344
sp,500k,51.54,text,last,seed-40354565,0.85156
sp,500k,51.54,text,last,seed-40354566,0.03906
sp,500k,51.54,text,last,seed-40354567,0.625
sp,500k,51.54,text,max,seed-40354564,0.47656
sp,500k,51.54,text,max,seed-40354565,0.46094
sp,500k,51.54,text,max,seed-40354566,0.02344
sp,500k,51.54,text,max,seed-40354567,0.55469
sp,500k,51.54,text,min,seed-40354564,0.42969
sp,500k,51.54,text,min,seed-40354565,0.50781
sp,500k,51.54,text,min,seed-40354566,0.05469
sp,500k,51.54,text,min,seed-40354567,0.5625
sp,500k,51.54,text,stack,seed-40354564,0.33594
sp,500k,51.54,text,stack,seed-40354565,0.54688
sp,500k,51.54,text,stack,seed-40354566,0.04688
sp,500k,51.54,text,stack,seed-40354567,0.46875
sp,500k,51.54,text,assoc,seed-40354564,0.50781
sp,500k,51.54,text,assoc,seed-40354565,0.49219
sp,500k,51.54,text,assoc,seed-40354566,0.03906
sp,500k,51.54,text,assoc,seed-40354567,0.48438
sp,500k,51.54,text,sum,seed-40354564,0.00781
sp,500k,51.54,text,sum,seed-40354565,0.00781
sp,500k,51.54,text,sum,seed-40354566,0.0
sp,500k,51.54,text,sum,seed-40354567,0.00781
sp,500k,51.54,text,reverse,seed-40354564,0.0
sp,500k,51.54,text,reverse,seed-40354565,0.0
sp,500k,51.54,text,reverse,seed-40354566,0.0
sp,500k,51.54,text,reverse,seed-40354567,0.0
sp,500k,51.54,text,cipher,seed-40354564,0.0
sp,500k,51.54,text,cipher,seed-40354565,0.0
sp,500k,51.54,text,cipher,seed-40354566,0.0
sp,500k,51.54,text,cipher,seed-40354567,0.0
sp,500k,51.54,word,classify-2,seed-40354564,0.48438
sp,500k,51.54,word,classify-2,seed-40354565,0.46094
sp,500k,51.54,word,classify-2,seed-40354566,0.27344
sp,500k,51.54,word,classify-2,seed-40354567,0.53125
sp,500k,51.54,word,classify-4,seed-40354564,0.22656
sp,500k,51.54,word,classify-4,seed-40354565,0.20312
sp,500k,51.54,word,classify-4,seed-40354566,0.23438
sp,500k,51.54,word,classify-4,seed-40354567,0.26562
sp,500k,51.54,word,lookup-4,seed-40354564,0.83594
sp,500k,51.54,word,lookup-4,seed-40354565,0.95312
sp,500k,51.54,word,lookup-4,seed-40354566,0.14062
sp,500k,51.54,word,lookup-4,seed-40354567,0.9375
sp,500k,51.54,word,word-reverse,seed-40354564,0.0
sp,500k,51.54,word,word-reverse,seed-40354565,0.0
sp,500k,51.54,word,word-reverse,seed-40354566,0.0
sp,500k,51.54,word,word-reverse,seed-40354567,0.0
sp,6M,0.006,raw,reverse,seed-40354564,0.00195
sp,6M,0.006,raw,reverse,seed-40354565,0.00195
sp,6M,0.006,raw,reverse,seed-40354566,0.00488
sp,6M,0.006,raw,reverse,seed-40354567,0.00293
sp,6M,0.006,raw,stack,seed-40354564,0.00781
sp,6M,0.006,raw,stack,seed-40354565,0.0
sp,6M,0.006,raw,stack,seed-40354566,0.0
sp,6M,0.006,raw,stack,seed-40354567,0.01562
sp,6M,0.006,raw,assoc,seed-40354564,0.0
sp,6M,0.006,raw,assoc,seed-40354565,0.00781
sp,6M,0.006,raw,assoc,seed-40354566,0.0
sp,6M,0.006,raw,assoc,seed-40354567,0.0
sp,6M,0.006,raw,sum,seed-40354564,0.01562
sp,6M,0.006,raw,sum,seed-40354565,0.0
sp,6M,0.006,raw,sum,seed-40354566,0.01562
sp,6M,0.006,raw,sum,seed-40354567,0.0
sp,6M,0.006,raw,max,seed-40354564,0.0
sp,6M,0.006,raw,max,seed-40354565,0.0
sp,6M,0.006,raw,max,seed-40354566,0.0
sp,6M,0.006,raw,max,seed-40354567,0.0
sp,6M,0.006,raw,min,seed-40354564,0.0
sp,6M,0.006,raw,min,seed-40354565,0.0
sp,6M,0.006,raw,min,seed-40354566,0.0
sp,6M,0.006,raw,min,seed-40354567,0.0
sp,6M,0.006,raw,first,seed-40354564,0.0
sp,6M,0.006,raw,first,seed-40354565,0.0
sp,6M,0.006,raw,first,seed-40354566,0.0
sp,6M,0.006,raw,first,seed-40354567,0.0
sp,6M,0.006,raw,last,seed-40354564,0.0
sp,6M,0.006,raw,last,seed-40354565,0.01562
sp,6M,0.006,raw,last,seed-40354566,0.0
sp,6M,0.006,raw,last,seed-40354567,0.0
sp,6M,0.006,text,first,seed-40354564,0.0
sp,6M,0.006,text,first,seed-40354565,0.01562
sp,6M,0.006,text,first,seed-40354566,0.0
sp,6M,0.006,text,first,seed-40354567,0.00781
sp,6M,0.006,text,last,seed-40354564,0.00781
sp,6M,0.006,text,last,seed-40354565,0.01562
sp,6M,0.006,text,last,seed-40354566,0.0
sp,6M,0.006,text,last,seed-40354567,0.0
sp,6M,0.006,text,max,seed-40354564,0.0
sp,6M,0.006,text,max,seed-40354565,0.00781
sp,6M,0.006,text,max,seed-40354566,0.00781
sp,6M,0.006,text,max,seed-40354567,0.0
sp,6M,0.006,text,min,seed-40354564,0.00781
sp,6M,0.006,text,min,seed-40354565,0.03125
sp,6M,0.006,text,min,seed-40354566,0.00781
sp,6M,0.006,text,min,seed-40354567,0.0
sp,6M,0.006,text,stack,seed-40354564,0.00781
sp,6M,0.006,text,stack,seed-40354565,0.0
sp,6M,0.006,text,stack,seed-40354566,0.0
sp,6M,0.006,text,stack,seed-40354567,0.02344
sp,6M,0.006,text,assoc,seed-40354564,0.02344
sp,6M,0.006,text,assoc,seed-40354565,0.00781
sp,6M,0.006,text,assoc,seed-40354566,0.0
sp,6M,0.006,text,assoc,seed-40354567,0.0
sp,6M,0.006,text,sum,seed-40354564,0.0
sp,6M,0.006,text,sum,seed-40354565,0.0
sp,6M,0.006,text,sum,seed-40354566,0.0
sp,6M,0.006,text,sum,seed-40354567,0.0
sp,6M,0.006,text,reverse,seed-40354564,0.0
sp,6M,0.006,text,reverse,seed-40354565,0.0
sp,6M,0.006,text,reverse,seed-40354566,0.0
sp,6M,0.006,text,reverse,seed-40354567,0.0
sp,6M,0.006,text,cipher,seed-40354564,0.0
sp,6M,0.006,text,cipher,seed-40354565,0.0
sp,6M,0.006,text,cipher,seed-40354566,0.0
sp,6M,0.006,text,cipher,seed-40354567,0.0
sp,6M,0.006,word,classify-2,seed-40354564,0.00781
sp,6M,0.006,word,classify-2,seed-40354565,0.0
sp,6M,0.006,word,classify-2,seed-40354566,0.0
sp,6M,0.006,word,classify-2,seed-40354567,0.0
sp,6M,0.006,word,classify-4,seed-40354564,0.0
sp,6M,0.006,word,classify-4,seed-40354565,0.0
sp,6M,0.006,word,classify-4,seed-40354566,0.0
sp,6M,0.006,word,classify-4,seed-40354567,0.0
sp,6M,0.006,word,lookup-4,seed-40354564,0.00781
sp,6M,0.006,word,lookup-4,seed-40354565,0.0
sp,6M,0.006,word,lookup-4,seed-40354566,0.00781
sp,6M,0.006,word,lookup-4,seed-40354567,0.0
sp,6M,0.006,word,word-reverse,seed-40354564,0.0
sp,6M,0.006,word,word-reverse,seed-40354565,0.0
sp,6M,0.006,word,word-reverse,seed-40354566,0.0
sp,6M,0.006,word,word-reverse,seed-40354567,0.0
sp,6M,1.617,raw,reverse,seed-40354564,0.06543
sp,6M,1.617,raw,reverse,seed-40354565,0.06543
sp,6M,1.617,raw,reverse,seed-40354566,0.07812
sp,6M,1.617,raw,reverse,seed-40354567,0.04883
sp,6M,1.617,raw,stack,seed-40354564,0.0
sp,6M,1.617,raw,stack,seed-40354565,0.0
sp,6M,1.617,raw,stack,seed-40354566,0.0
sp,6M,1.617,raw,stack,seed-40354567,0.3125
sp,6M,1.617,raw,assoc,seed-40354564,0.0
sp,6M,1.617,raw,assoc,seed-40354565,0.0
sp,6M,1.617,raw,assoc,seed-40354566,0.0
sp,6M,1.617,raw,assoc,seed-40354567,0.00781
sp,6M,1.617,raw,sum,seed-40354564,0.0
sp,6M,1.617,raw,sum,seed-40354565,0.0
sp,6M,1.617,raw,sum,seed-40354566,0.0
sp,6M,1.617,raw,sum,seed-40354567,0.0
sp,6M,1.617,raw,max,seed-40354564,0.17188
sp,6M,1.617,raw,max,seed-40354565,0.21875
sp,6M,1.617,raw,max,seed-40354566,0.28125
sp,6M,1.617,raw,max,seed-40354567,0.45312
sp,6M,1.617,raw,min,seed-40354564,0.23438
sp,6M,1.617,raw,min,seed-40354565,0.28125
sp,6M,1.617,raw,min,seed-40354566,0.1875
sp,6M,1.617,raw,min,seed-40354567,0.65625
sp,6M,1.617,raw,first,seed-40354564,0.0
sp,6M,1.617,raw,first,seed-40354565,0.0
sp,6M,1.617,raw,first,seed-40354566,0.0625
sp,6M,1.617,raw,first,seed-40354567,0.65625
sp,6M,1.617,raw,last,seed-40354564,0.39062
sp,6M,1.617,raw,last,seed-40354565,0.5625
sp,6M,1.617,raw,last,seed-40354566,0.4375
sp,6M,1.617,raw,last,seed-40354567,0.42188
sp,6M,1.617,text,first,seed-40354564,0.0
sp,6M,1.617,text,first,seed-40354565,0.00781
sp,6M,1.617,text,first,seed-40354566,0.02344
sp,6M,1.617,text,first,seed-40354567,0.01562
sp,6M,1.617,text,last,seed-40354564,0.0
sp,6M,1.617,text,last,seed-40354565,0.0
sp,6M,1.617,text,last,seed-40354566,0.05469
sp,6M,1.617,text,last,seed-40354567,0.5
sp,6M,1.617,text,max,seed-40354564,0.0
sp,6M,1.617,text,max,seed-40354565,0.0
sp,6M,1.617,text,max,seed-40354566,0.01562
sp,6M,1.617,text,max,seed-40354567,0.14844
sp,6M,1.617,text,min,seed-40354564,0.0
sp,6M,1.617,text,min,seed-40354565,0.01562
sp,6M,1.617,text,min,seed-40354566,0.02344
sp,6M,1.617,text,min,seed-40354567,0.20312
sp,6M,1.617,text,stack,seed-40354564,0.0
sp,6M,1.617,text,stack,seed-40354565,0.0
sp,6M,1.617,text,stack,seed-40354566,0.0
sp,6M,1.617,text,stack,seed-40354567,0.24219
sp,6M,1.617,text,assoc,seed-40354564,0.0
sp,6M,1.617,text,assoc,seed-40354565,0.05469
sp,6M,1.617,text,assoc,seed-40354566,0.02344
sp,6M,1.617,text,assoc,seed-40354567,0.00781
sp,6M,1.617,text,sum,seed-40354564,0.0
sp,6M,1.617,text,sum,seed-40354565,0.0
sp,6M,1.617,text,sum,seed-40354566,0.0
sp,6M,1.617,text,sum,seed-40354567,0.0
sp,6M,1.617,text,reverse,seed-40354564,0.0
sp,6M,1.617,text,reverse,seed-40354565,0.0
sp,6M,1.617,text,reverse,seed-40354566,0.0
sp,6M,1.617,text,reverse,seed-40354567,0.0
sp,6M,1.617,text,cipher,seed-40354564,0.0
sp,6M,1.617,text,cipher,seed-40354565,0.0
sp,6M,1.617,text,cipher,seed-40354566,0.0
sp,6M,1.617,text,cipher,seed-40354567,0.0
sp,6M,1.617,word,classify-2,seed-40354564,0.0
sp,6M,1.617,word,classify-2,seed-40354565,0.02344
sp,6M,1.617,word,classify-2,seed-40354566,0.05469
sp,6M,1.617,word,classify-2,seed-40354567,0.00781
sp,6M,1.617,word,classify-4,seed-40354564,0.01562
sp,6M,1.617,word,classify-4,seed-40354565,0.0
sp,6M,1.617,word,classify-4,seed-40354566,0.03906
sp,6M,1.617,word,classify-4,seed-40354567,0.02344
sp,6M,1.617,word,lookup-4,seed-40354564,0.0
sp,6M,1.617,word,lookup-4,seed-40354565,0.0
sp,6M,1.617,word,lookup-4,seed-40354566,0.03125
sp,6M,1.617,word,lookup-4,seed-40354567,0.01562
sp,6M,1.617,word,word-reverse,seed-40354564,0.0
sp,6M,1.617,word,word-reverse,seed-40354565,0.0
sp,6M,1.617,word,word-reverse,seed-40354566,0.0
sp,6M,1.617,word,word-reverse,seed-40354567,0.0
sp,6M,3.228,raw,reverse,seed-40354564,0.00879
sp,6M,3.228,raw,reverse,seed-40354565,0.03027
sp,6M,3.228,raw,reverse,seed-40354566,0.02051
sp,6M,3.228,raw,reverse,seed-40354567,0.0293
sp,6M,3.228,raw,stack,seed-40354564,0.0
sp,6M,3.228,raw,stack,seed-40354565,0.05469
sp,6M,3.228,raw,stack,seed-40354566,0.50781
sp,6M,3.228,raw,stack,seed-40354567,0.29688
sp,6M,3.228,raw,assoc,seed-40354564,0.03125
sp,6M,3.228,raw,assoc,seed-40354565,0.71875
sp,6M,3.228,raw,assoc,seed-40354566,0.5625
sp,6M,3.228,raw,assoc,seed-40354567,0.90625
sp,6M,3.228,raw,sum,seed-40354564,0.01562
sp,6M,3.228,raw,sum,seed-40354565,0.0
sp,6M,3.228,raw,sum,seed-40354566,0.0
sp,6M,3.228,raw,sum,seed-40354567,0.0
sp,6M,3.228,raw,max,seed-40354564,0.25
sp,6M,3.228,raw,max,seed-40354565,0.14062
sp,6M,3.228,raw,max,seed-40354566,0.5625
sp,6M,3.228,raw,max,seed-40354567,0.46875
sp,6M,3.228,raw,min,seed-40354564,0.29688
sp,6M,3.228,raw,min,seed-40354565,0.15625
sp,6M,3.228,raw,min,seed-40354566,0.39062
sp,6M,3.228,raw,min,seed-40354567,0.48438
sp,6M,3.228,raw,first,seed-40354564,0.0
sp,6M,3.228,raw,first,seed-40354565,0.03125
sp,6M,3.228,raw,first,seed-40354566,0.98438
sp,6M,3.228,raw,first,seed-40354567,0.59375
sp,6M,3.228,raw,last,seed-40354564,0.92188
sp,6M,3.228,raw,last,seed-40354565,0.60938
sp,6M,3.228,raw,last,seed-40354566,0.98438
sp,6M,3.228,raw,last,seed-40354567,1.0
sp,6M,3.228,text,first,seed-40354564,0.03125
sp,6M,3.228,text,first,seed-40354565,0.03125
sp,6M,3.228,text,first,seed-40354566,0.625
sp,6M,3.228,text,first,seed-40354567,0.10156
sp,6M,3.228,text,last,seed-40354564,0.01562
sp,6M,3.228,text,last,seed-40354565,0.5
sp,6M,3.228,text,last,seed-40354566,0.42969
sp,6M,3.228,text,last,seed-40354567,0.32031
sp,6M,3.228,text,max,seed-40354564,0.07031
sp,6M,3.228,text,max,seed-40354565,0.17969
sp,6M,3.228,text,max,seed-40354566,0.46094
sp,6M,3.228,text,max,seed-40354567,0.17969
sp,6M,3.228,text,min,seed-40354564,0.05469
sp,6M,3.228,text,min,seed-40354565,0.16406
sp,6M,3.228,text,min,seed-40354566,0.32031
sp,6M,3.228,text,min,seed-40354567,0.14062
sp,6M,3.228,text,stack,seed-40354564,0.03125
sp,6M,3.228,text,stack,seed-40354565,0.30469
sp,6M,3.228,text,stack,seed-40354566,0.30469
sp,6M,3.228,text,stack,seed-40354567,0.39844
sp,6M,3.228,text,assoc,seed-40354564,0.10156
sp,6M,3.228,text,assoc,seed-40354565,0.60938
sp,6M,3.228,text,assoc,seed-40354566,0.39844
sp,6M,3.228,text,assoc,seed-40354567,0.05469
sp,6M,3.228,text,sum,seed-40354564,0.00781
sp,6M,3.228,text,sum,seed-40354565,0.0
sp,6M,3.228,text,sum,seed-40354566,0.0
sp,6M,3.228,text,sum,seed-40354567,0.0
sp,6M,3.228,text,reverse,seed-40354564,0.0
sp,6M,3.228,text,reverse,seed-40354565,0.0
sp,6M,3.228,text,reverse,seed-40354566,0.0
sp,6M,3.228,text,reverse,seed-40354567,0.0
sp,6M,3.228,text,cipher,seed-40354564,0.0
sp,6M,3.228,text,cipher,seed-40354565,0.0
sp,6M,3.228,text,cipher,seed-40354566,0.0
sp,6M,3.228,text,cipher,seed-40354567,0.0
sp,6M,3.228,word,classify-2,seed-40354564,0.17969
sp,6M,3.228,word,classify-2,seed-40354565,0.51562
sp,6M,3.228,word,classify-2,seed-40354566,0.53125
sp,6M,3.228,word,classify-2,seed-40354567,0.49219
sp,6M,3.228,word,classify-4,seed-40354564,0.05469
sp,6M,3.228,word,classify-4,seed-40354565,0.17969
sp,6M,3.228,word,classify-4,seed-40354566,0.23438
sp,6M,3.228,word,classify-4,seed-40354567,0.23438
sp,6M,3.228,word,lookup-4,seed-40354564,0.0625
sp,6M,3.228,word,lookup-4,seed-40354565,0.48438
sp,6M,3.228,word,lookup-4,seed-40354566,0.49219
sp,6M,3.228,word,lookup-4,seed-40354567,0.26562
sp,6M,3.228,word,word-reverse,seed-40354564,0.0
sp,6M,3.228,word,word-reverse,seed-40354565,0.0
sp,6M,3.228,word,word-reverse,seed-40354566,0.0
sp,6M,3.228,word,word-reverse,seed-40354567,0.0
sp,6M,6.449,raw,reverse,seed-40354564,0.02832
sp,6M,6.449,raw,reverse,seed-40354565,0.05859
sp,6M,6.449,raw,reverse,seed-40354566,0.19238
sp,6M,6.449,raw,reverse,seed-40354567,0.25391
sp,6M,6.449,raw,stack,seed-40354564,0.03125
sp,6M,6.449,raw,stack,seed-40354565,0.75
sp,6M,6.449,raw,stack,seed-40354566,0.9375
sp,6M,6.449,raw,stack,seed-40354567,0.80469
sp,6M,6.449,raw,assoc,seed-40354564,0.91406
sp,6M,6.449,raw,assoc,seed-40354565,0.82812
sp,6M,6.449,raw,assoc,seed-40354566,0.71875
sp,6M,6.449,raw,assoc,seed-40354567,0.95312
sp,6M,6.449,raw,sum,seed-40354564,0.0
sp,6M,6.449,raw,sum,seed-40354565,0.0
sp,6M,6.449,raw,sum,seed-40354566,0.0
sp,6M,6.449,raw,sum,seed-40354567,0.0
sp,6M,6.449,raw,max,seed-40354564,0.23438
sp,6M,6.449,raw,max,seed-40354565,0.375
sp,6M,6.449,raw,max,seed-40354566,0.53125
sp,6M,6.449,raw,max,seed-40354567,0.53125
sp,6M,6.449,raw,min,seed-40354564,0.21875
sp,6M,6.449,raw,min,seed-40354565,0.51562
sp,6M,6.449,raw,min,seed-40354566,0.45312
sp,6M,6.449,raw,min,seed-40354567,0.39062
sp,6M,6.449,raw,first,seed-40354564,0.0625
sp,6M,6.449,raw,first,seed-40354565,1.0
sp,6M,6.449,raw,first,seed-40354566,0.96875
sp,6M,6.449,raw,first,seed-40354567,1.0
sp,6M,6.449,raw,last,seed-40354564,0.9375
sp,6M,6.449,raw,last,seed-40354565,1.0
sp,6M,6.449,raw,last,seed-40354566,1.0
sp,6M,6.449,raw,last,seed-40354567,1.0
sp,6M,6.449,text,first,seed-40354564,0.04688
sp,6M,6.449,text,first,seed-40354565,0.0625
sp,6M,6.449,text,first,seed-40354566,0.94531
sp,6M,6.449,text,first,seed-40354567,0.84375
sp,6M,6.449,text,last,seed-40354564,0.05469
sp,6M,6.449,text,last,seed-40354565,0.8125
sp,6M,6.449,text,last,seed-40354566,0.95312
sp,6M,6.449,text,last,seed-40354567,0.74219
sp,6M,6.449,text,max,seed-40354564,0.0625
sp,6M,6.449,text,max,seed-40354565,0.24219
sp,6M,6.449,text,max,seed-40354566,0.49219
sp,6M,6.449,text,max,seed-40354567,0.46094
sp,6M,6.449,text,min,seed-40354564,0.07812
sp,6M,6.449,text,min,seed-40354565,0.23438
sp,6M,6.449,text,min,seed-40354566,0.50781
sp,6M,6.449,text,min,seed-40354567,0.44531
sp,6M,6.449,text,stack,seed-40354564,0.07812
sp,6M,6.449,text,stack,seed-40354565,0.71875
sp,6M,6.449,text,stack,seed-40354566,0.80469
sp,6M,6.449,text,stack,seed-40354567,0.64062
sp,6M,6.449,text,assoc,seed-40354564,0.03906
sp,6M,6.449,text,assoc,seed-40354565,0.32812
sp,6M,6.449,text,assoc,seed-40354566,0.35938
sp,6M,6.449,text,assoc,seed-40354567,0.41406
sp,6M,6.449,text,sum,seed-40354564,0.0
sp,6M,6.449,text,sum,seed-40354565,0.0
sp,6M,6.449,text,sum,seed-40354566,0.00781
sp,6M,6.449,text,sum,seed-40354567,0.00781
sp,6M,6.449,text,reverse,seed-40354564,0.0
sp,6M,6.449,text,reverse,seed-40354565,0.0
sp,6M,6.449,text,reverse,seed-40354566,0.0
sp,6M,6.449,text,reverse,seed-40354567,0.0
sp,6M,6.449,text,cipher,seed-40354564,0.0
sp,6M,6.449,text,cipher,seed-40354565,0.0
sp,6M,6.449,text,cipher,seed-40354566,0.0
sp,6M,6.449,text,cipher,seed-40354567,0.0
sp,6M,6.449,word,classify-2,seed-40354564,0.49219
sp,6M,6.449,word,classify-2,seed-40354565,0.51562
sp,6M,6.449,word,classify-2,seed-40354566,0.42188
sp,6M,6.449,word,classify-2,seed-40354567,0.45312
sp,6M,6.449,word,classify-4,seed-40354564,0.1875
sp,6M,6.449,word,classify-4,seed-40354565,0.25
sp,6M,6.449,word,classify-4,seed-40354566,0.14844
sp,6M,6.449,word,classify-4,seed-40354567,0.26562
sp,6M,6.449,word,lookup-4,seed-40354564,0.27344
sp,6M,6.449,word,lookup-4,seed-40354565,0.53125
sp,6M,6.449,word,lookup-4,seed-40354566,0.26562
sp,6M,6.449,word,lookup-4,seed-40354567,0.35156
sp,6M,6.449,word,word-reverse,seed-40354564,0.0
sp,6M,6.449,word,word-reverse,seed-40354565,0.0
sp,6M,6.449,word,word-reverse,seed-40354566,0.0
sp,6M,6.449,word,word-reverse,seed-40354567,0.0
sp,6M,12.891,raw,reverse,seed-40354564,0.03027
sp,6M,12.891,raw,reverse,seed-40354565,0.28125
sp,6M,12.891,raw,reverse,seed-40354566,0.1123
sp,6M,12.891,raw,reverse,seed-40354567,0.6084
sp,6M,12.891,raw,stack,seed-40354564,0.76562
sp,6M,12.891,raw,stack,seed-40354565,0.96094
sp,6M,12.891,raw,stack,seed-40354566,0.8125
sp,6M,12.891,raw,stack,seed-40354567,0.77344
sp,6M,12.891,raw,assoc,seed-40354564,0.78906
sp,6M,12.891,raw,assoc,seed-40354565,0.17969
sp,6M,12.891,raw,assoc,seed-40354566,0.40625
sp,6M,12.891,raw,assoc,seed-40354567,0.55469
sp,6M,12.891,raw,sum,seed-40354564,0.01562
sp,6M,12.891,raw,sum,seed-40354565,0.0
sp,6M,12.891,raw,sum,seed-40354566,0.0
sp,6M,12.891,raw,sum,seed-40354567,0.0
sp,6M,12.891,raw,max,seed-40354564,0.5
sp,6M,12.891,raw,max,seed-40354565,0.25
sp,6M,12.891,raw,max,seed-40354566,0.45312
sp,6M,12.891,raw,max,seed-40354567,0.45312
sp,6M,12.891,raw,min,seed-40354564,0.45312
sp,6M,12.891,raw,min,seed-40354565,0.39062
sp,6M,12.891,raw,min,seed-40354566,0.54688
sp,6M,12.891,raw,min,seed-40354567,0.42188
sp,6M,12.891,raw,first,seed-40354564,1.0
sp,6M,12.891,raw,first,seed-40354565,1.0
sp,6M,12.891,raw,first,seed-40354566,1.0
sp,6M,12.891,raw,first,seed-40354567,1.0
sp,6M,12.891,raw,last,seed-40354564,1.0
sp,6M,12.891,raw,last,seed-40354565,1.0
sp,6M,12.891,raw,last,seed-40354566,1.0
sp,6M,12.891,raw,last,seed-40354567,1.0
sp,6M,12.891,text,first,seed-40354564,0.34375
sp,6M,12.891,text,first,seed-40354565,0.28906
sp,6M,12.891,text,first,seed-40354566,0.5625
sp,6M,12.891,text,first,seed-40354567,0.10938
sp,6M,12.891,text,last,seed-40354564,0.95312
sp,6M,12.891,text,last,seed-40354565,0.98438
sp,6M,12.891,text,last,seed-40354566,0.67188
sp,6M,12.891,text,last,seed-40354567,0.97656
sp,6M,12.891,text,max,seed-40354564,0.36719
sp,6M,12.891,text,max,seed-40354565,0.50781
sp,6M,12.891,text,max,seed-40354566,0.35156
sp,6M,12.891,text,max,seed-40354567,0.46875
sp,6M,12.891,text,min,seed-40354564,0.38281
sp,6M,12.891,text,min,seed-40354565,0.42969
sp,6M,12.891,text,min,seed-40354566,0.64844
sp,6M,12.891,text,min,seed-40354567,0.39062
sp,6M,12.891,text,stack,seed-40354564,0.73438
sp,6M,12.891,text,stack,seed-40354565,0.72656
sp,6M,12.891,text,stack,seed-40354566,0.74219
sp,6M,12.891,text,stack,seed-40354567,0.5625
sp,6M,12.891,text,assoc,seed-40354564,0.32812
sp,6M,12.891,text,assoc,seed-40354565,0.39844
sp,6M,12.891,text,assoc,seed-40354566,0.14844
sp,6M,12.891,text,assoc,seed-40354567,0.19531
sp,6M,12.891,text,sum,seed-40354564,0.0
sp,6M,12.891,text,sum,seed-40354565,0.00781
sp,6M,12.891,text,sum,seed-40354566,0.0
sp,6M,12.891,text,sum,seed-40354567,0.0
sp,6M,12.891,text,reverse,seed-40354564,0.0
sp,6M,12.891,text,reverse,seed-40354565,0.0
sp,6M,12.891,text,reverse,seed-40354566,0.0
sp,6M,12.891,text,reverse,seed-40354567,0.0
sp,6M,12.891,text,cipher,seed-40354564,0.0
sp,6M,12.891,text,cipher,seed-40354565,0.0
sp,6M,12.891,text,cipher,seed-40354566,0.0
sp,6M,12.891,text,cipher,seed-40354567,0.0
sp,6M,12.891,word,classify-2,seed-40354564,0.57031
sp,6M,12.891,word,classify-2,seed-40354565,0.46875
sp,6M,12.891,word,classify-2,seed-40354566,0.50781
sp,6M,12.891,word,classify-2,seed-40354567,0.4375
sp,6M,12.891,word,classify-4,seed-40354564,0.22656
sp,6M,12.891,word,classify-4,seed-40354565,0.29688
sp,6M,12.891,word,classify-4,seed-40354566,0.1875
sp,6M,12.891,word,classify-4,seed-40354567,0.1875
sp,6M,12.891,word,lookup-4,seed-40354564,0.45312
sp,6M,12.891,word,lookup-4,seed-40354565,0.5
sp,6M,12.891,word,lookup-4,seed-40354566,0.40625
sp,6M,12.891,word,lookup-4,seed-40354567,0.27344
sp,6M,12.891,word,word-reverse,seed-40354564,0.0
sp,6M,12.891,word,word-reverse,seed-40354565,0.0
sp,6M,12.891,word,word-reverse,seed-40354566,0.0
sp,6M,12.891,word,word-reverse,seed-40354567,0.0
sp,6M,17.723,raw,reverse,seed-40354564,0.42969
sp,6M,17.723,raw,reverse,seed-40354565,0.81836
sp,6M,17.723,raw,reverse,seed-40354566,0.06445
sp,6M,17.723,raw,reverse,seed-40354567,0.73145
sp,6M,17.723,raw,stack,seed-40354564,0.78125
sp,6M,17.723,raw,stack,seed-40354565,0.98438
sp,6M,17.723,raw,stack,seed-40354566,0.70312
sp,6M,17.723,raw,stack,seed-40354567,0.83594
sp,6M,17.723,raw,assoc,seed-40354564,0.67188
sp,6M,17.723,raw,assoc,seed-40354565,0.32812
sp,6M,17.723,raw,assoc,seed-40354566,0.32031
sp,6M,17.723,raw,assoc,seed-40354567,0.5625
sp,6M,17.723,raw,sum,seed-40354564,0.01562
sp,6M,17.723,raw,sum,seed-40354565,0.04688
sp,6M,17.723,raw,sum,seed-40354566,0.0
sp,6M,17.723,raw,sum,seed-40354567,0.0
sp,6M,17.723,raw,max,seed-40354564,0.59375
sp,6M,17.723,raw,max,seed-40354565,0.46875
sp,6M,17.723,raw,max,seed-40354566,0.34375
sp,6M,17.723,raw,max,seed-40354567,0.4375
sp,6M,17.723,raw,min,seed-40354564,0.39062
sp,6M,17.723,raw,min,seed-40354565,0.48438
sp,6M,17.723,raw,min,seed-40354566,0.375
sp,6M,17.723,raw,min,seed-40354567,0.45312
sp,6M,17.723,raw,first,seed-40354564,1.0
sp,6M,17.723,raw,first,seed-40354565,1.0
sp,6M,17.723,raw,first,seed-40354566,1.0
sp,6M,17.723,raw,first,seed-40354567,1.0
sp,6M,17.723,raw,last,seed-40354564,1.0
sp,6M,17.723,raw,last,seed-40354565,1.0
sp,6M,17.723,raw,last,seed-40354566,0.9375
sp,6M,17.723,raw,last,seed-40354567,1.0
sp,6M,17.723,text,first,seed-40354564,1.0
sp,6M,17.723,text,first,seed-40354565,0.99219
sp,6M,17.723,text,first,seed-40354566,0.92188
sp,6M,17.723,text,first,seed-40354567,0.97656
sp,6M,17.723,text,last,seed-40354564,1.0
sp,6M,17.723,text,last,seed-40354565,0.99219
sp,6M,17.723,text,last,seed-40354566,0.79688
sp,6M,17.723,text,last,seed-40354567,0.99219
sp,6M,17.723,text,max,seed-40354564,0.57031
sp,6M,17.723,text,max,seed-40354565,0.51562
sp,6M,17.723,text,max,seed-40354566,0.48438
sp,6M,17.723,text,max,seed-40354567,0.5
sp,6M,17.723,text,min,seed-40354564,0.45312
sp,6M,17.723,text,min,seed-40354565,0.57812
sp,6M,17.723,text,min,seed-40354566,0.70312
sp,6M,17.723,text,min,seed-40354567,0.42188
sp,6M,17.723,text,stack,seed-40354564,0.76562
sp,6M,17.723,text,stack,seed-40354565,0.76562
sp,6M,17.723,text,stack,seed-40354566,0.64844
sp,6M,17.723,text,stack,seed-40354567,0.625
sp,6M,17.723,text,assoc,seed-40354564,0.41406
sp,6M,17.723,text,assoc,seed-40354565,0.22656
sp,6M,17.723,text,assoc,seed-40354566,0.28906
sp,6M,17.723,text,assoc,seed-40354567,0.16406
sp,6M,17.723,text,sum,seed-40354564,0.0
sp,6M,17.723,text,sum,seed-40354565,0.00781
sp,6M,17.723,text,sum,seed-40354566,0.00781
sp,6M,17.723,text,sum,seed-40354567,0.00781
sp,6M,17.723,text,reverse,seed-40354564,0.0
sp,6M,17.723,text,reverse,seed-40354565,0.0
sp,6M,17.723,text,reverse,seed-40354566,0.0
sp,6M,17.723,text,reverse,seed-40354567,0.0
sp,6M,17.723,text,cipher,seed-40354564,0.0
sp,6M,17.723,text,cipher,seed-40354565,0.0
sp,6M,17.723,text,cipher,seed-40354566,0.0
sp,6M,17.723,text,cipher,seed-40354567,0.0
sp,6M,17.723,word,classify-2,seed-40354564,0.54688
sp,6M,17.723,word,classify-2,seed-40354565,0.54688
sp,6M,17.723,word,classify-2,seed-40354566,0.53125
sp,6M,17.723,word,classify-2,seed-40354567,0.53906
sp,6M,17.723,word,classify-4,seed-40354564,0.23438
sp,6M,17.723,word,classify-4,seed-40354565,0.17969
sp,6M,17.723,word,classify-4,seed-40354566,0.25
sp,6M,17.723,word,classify-4,seed-40354567,0.20312
sp,6M,17.723,word,lookup-4,seed-40354564,0.52344
sp,6M,17.723,word,lookup-4,seed-40354565,0.44531
sp,6M,17.723,word,lookup-4,seed-40354566,0.57031
sp,6M,17.723,word,lookup-4,seed-40354567,0.27344
sp,6M,17.723,word,word-reverse,seed-40354564,0.0
sp,6M,17.723,word,word-reverse,seed-40354565,0.0
sp,6M,17.723,word,word-reverse,seed-40354566,0.0
sp,6M,17.723,word,word-reverse,seed-40354567,0.0
sp,6M,51.54,raw,reverse,seed-40354564,0.73438
sp,6M,51.54,raw,reverse,seed-40354565,0.53418
sp,6M,51.54,raw,reverse,seed-40354566,0.28711
sp,6M,51.54,raw,reverse,seed-40354567,0.70898
sp,6M,51.54,raw,stack,seed-40354564,0.99219
sp,6M,51.54,raw,stack,seed-40354565,0.875
sp,6M,51.54,raw,stack,seed-40354566,0.89062
sp,6M,51.54,raw,stack,seed-40354567,0.86719
sp,6M,51.54,raw,assoc,seed-40354564,0.67969
sp,6M,51.54,raw,assoc,seed-40354565,0.42969
sp,6M,51.54,raw,assoc,seed-40354566,0.625
sp,6M,51.54,raw,assoc,seed-40354567,0.64062
sp,6M,51.54,raw,sum,seed-40354564,0.73438
sp,6M,51.54,raw,sum,seed-40354565,0.78125
sp,6M,51.54,raw,sum,seed-40354566,0.39062
sp,6M,51.54,raw,sum,seed-40354567,0.625
sp,6M,51.54,raw,max,seed-40354564,0.54688
sp,6M,51.54,raw,max,seed-40354565,0.28125
sp,6M,51.54,raw,max,seed-40354566,0.54688
sp,6M,51.54,raw,max,seed-40354567,0.54688
sp,6M,51.54,raw,min,seed-40354564,0.46875
sp,6M,51.54,raw,min,seed-40354565,0.39062
sp,6M,51.54,raw,min,seed-40354566,0.39062
sp,6M,51.54,raw,min,seed-40354567,0.45312
sp,6M,51.54,raw,first,seed-40354564,1.0
sp,6M,51.54,raw,first,seed-40354565,1.0
sp,6M,51.54,raw,first,seed-40354566,1.0
sp,6M,51.54,raw,first,seed-40354567,1.0
sp,6M,51.54,raw,last,seed-40354564,1.0
sp,6M,51.54,raw,last,seed-40354565,1.0
sp,6M,51.54,raw,last,seed-40354566,1.0
sp,6M,51.54,raw,last,seed-40354567,1.0
sp,6M,51.54,text,first,seed-40354564,0.73438
sp,6M,51.54,text,first,seed-40354565,0.67188
sp,6M,51.54,text,first,seed-40354566,0.79688
sp,6M,51.54,text,first,seed-40354567,0.0625
sp,6M,51.54,text,last,seed-40354564,1.0
sp,6M,51.54,text,last,seed-40354565,0.99219
sp,6M,51.54,text,last,seed-40354566,0.99219
sp,6M,51.54,text,last,seed-40354567,0.10938
sp,6M,51.54,text,max,seed-40354564,0.44531
sp,6M,51.54,text,max,seed-40354565,0.46094
sp,6M,51.54,text,max,seed-40354566,0.41406
sp,6M,51.54,text,max,seed-40354567,0.10156
sp,6M,51.54,text,min,seed-40354564,0.40625
sp,6M,51.54,text,min,seed-40354565,0.35938
sp,6M,51.54,text,min,seed-40354566,0.4375
sp,6M,51.54,text,min,seed-40354567,0.07812
sp,6M,51.54,text,stack,seed-40354564,0.75781
sp,6M,51.54,text,stack,seed-40354565,0.75781
sp,6M,51.54,text,stack,seed-40354566,0.69531
sp,6M,51.54,text,stack,seed-40354567,0.4375
sp,6M,51.54,text,assoc,seed-40354564,0.28125
sp,6M,51.54,text,assoc,seed-40354565,0.25
sp,6M,51.54,text,assoc,seed-40354566,0.375
sp,6M,51.54,text,assoc,seed-40354567,0.13281
sp,6M,51.54,text,sum,seed-40354564,0.0
sp,6M,51.54,text,sum,seed-40354565,0.02344
sp,6M,51.54,text,sum,seed-40354566,0.0
sp,6M,51.54,text,sum,seed-40354567,0.00781
sp,6M,51.54,text,reverse,seed-40354564,0.0
sp,6M,51.54,text,reverse,seed-40354565,0.0
sp,6M,51.54,text,reverse,seed-40354566,0.0
sp,6M,51.54,text,reverse,seed-40354567,0.0
sp,6M,51.54,text,cipher,seed-40354564,0.0
sp,6M,51.54,text,cipher,seed-40354565,0.0
sp,6M,51.54,text,cipher,seed-40354566,0.0
sp,6M,51.54,text,cipher,seed-40354567,0.0
sp,6M,51.54,word,classify-2,seed-40354564,0.39844
sp,6M,51.54,word,classify-2,seed-40354565,0.38281
sp,6M,51.54,word,classify-2,seed-40354566,0.5
sp,6M,51.54,word,classify-2,seed-40354567,0.50781
sp,6M,51.54,word,classify-4,seed-40354564,0.20312
sp,6M,51.54,word,classify-4,seed-40354565,0.21875
sp,6M,51.54,word,classify-4,seed-40354566,0.30469
sp,6M,51.54,word,classify-4,seed-40354567,0.1875
sp,6M,51.54,word,lookup-4,seed-40354564,0.52344
sp,6M,51.54,word,lookup-4,seed-40354565,0.46875
sp,6M,51.54,word,lookup-4,seed-40354566,0.58594
sp,6M,51.54,word,lookup-4,seed-40354567,0.33594
sp,6M,51.54,word,word-reverse,seed-40354564,0.0
sp,6M,51.54,word,word-reverse,seed-40354565,0.0
sp,6M,51.54,word,word-reverse,seed-40354566,0.0
sp,6M,51.54,word,word-reverse,seed-40354567,0.0
sp2dclm,100k,0.05,raw,reverse,seed-0,0.01562
sp2dclm,100k,0.05,raw,stack,seed-0,0.0
sp2dclm,100k,0.05,raw,assoc,seed-0,0.0
sp2dclm,100k,0.05,raw,sum,seed-0,0.01562
sp2dclm,100k,0.05,raw,max,seed-0,0.15625
sp2dclm,100k,0.05,raw,min,seed-0,0.04688
sp2dclm,100k,0.05,raw,first,seed-0,0.10938
sp2dclm,100k,0.05,raw,last,seed-0,0.07812
sp2dclm,100k,0.05,text,first,seed-0,0.0
sp2dclm,100k,0.05,text,last,seed-0,0.0
sp2dclm,100k,0.05,text,max,seed-0,0.0
sp2dclm,100k,0.05,text,min,seed-0,0.0
sp2dclm,100k,0.05,text,stack,seed-0,0.02344
sp2dclm,100k,0.05,text,assoc,seed-0,0.0
sp2dclm,100k,0.05,text,sum,seed-0,0.0
sp2dclm,100k,0.05,text,reverse,seed-0,0.0
sp2dclm,100k,0.05,text,cipher,seed-0,0.0
sp2dclm,100k,0.05,word,classify-2,seed-0,0.0
sp2dclm,100k,0.05,word,classify-4,seed-0,0.0
sp2dclm,100k,0.05,word,lookup-4,seed-0,0.0
sp2dclm,100k,0.05,word,word-reverse,seed-0,0.0
sp2dclm,100k,0.1,raw,reverse,seed-0,0.00781
sp2dclm,100k,0.1,raw,stack,seed-0,0.0
sp2dclm,100k,0.1,raw,assoc,seed-0,0.00781
sp2dclm,100k,0.1,raw,sum,seed-0,0.0
sp2dclm,100k,0.1,raw,max,seed-0,0.0625
sp2dclm,100k,0.1,raw,min,seed-0,0.07812
sp2dclm,100k,0.1,raw,first,seed-0,0.04688
sp2dclm,100k,0.1,raw,last,seed-0,0.01562
sp2dclm,100k,0.1,text,first,seed-0,0.0
sp2dclm,100k,0.1,text,last,seed-0,0.0
sp2dclm,100k,0.1,text,max,seed-0,0.0
sp2dclm,100k,0.1,text,min,seed-0,0.00781
sp2dclm,100k,0.1,text,stack,seed-0,0.05469
sp2dclm,100k,0.1,text,assoc,seed-0,0.0
sp2dclm,100k,0.1,text,sum,seed-0,0.01562
sp2dclm,100k,0.1,text,reverse,seed-0,0.0
sp2dclm,100k,0.1,text,cipher,seed-0,0.0
sp2dclm,100k,0.1,word,classify-2,seed-0,0.0
sp2dclm,100k,0.1,word,classify-4,seed-0,0.0
sp2dclm,100k,0.1,word,lookup-4,seed-0,0.0
sp2dclm,100k,0.1,word,word-reverse,seed-0,0.0
sp2dclm,100k,0.25,raw,reverse,seed-0,0.00684
sp2dclm,100k,0.25,raw,stack,seed-0,0.00781
sp2dclm,100k,0.25,raw,assoc,seed-0,0.0
sp2dclm,100k,0.25,raw,sum,seed-0,0.0
sp2dclm,100k,0.25,raw,max,seed-0,0.07812
sp2dclm,100k,0.25,raw,min,seed-0,0.01562
sp2dclm,100k,0.25,raw,first,seed-0,0.01562
sp2dclm,100k,0.25,raw,last,seed-0,0.03125
sp2dclm,100k,0.25,text,first,seed-0,0.0
sp2dclm,100k,0.25,text,last,seed-0,0.0
sp2dclm,100k,0.25,text,max,seed-0,0.0
sp2dclm,100k,0.25,text,min,seed-0,0.0
sp2dclm,100k,0.25,text,stack,seed-0,0.03125
sp2dclm,100k,0.25,text,assoc,seed-0,0.0
sp2dclm,100k,0.25,text,sum,seed-0,0.0
sp2dclm,100k,0.25,text,reverse,seed-0,0.0
sp2dclm,100k,0.25,text,cipher,seed-0,0.0
sp2dclm,100k,0.25,word,classify-2,seed-0,0.00781
sp2dclm,100k,0.25,word,classify-4,seed-0,0.0
sp2dclm,100k,0.25,word,lookup-4,seed-0,0.00781
sp2dclm,100k,0.25,word,word-reverse,seed-0,0.0
sp2dclm,100k,0.5,raw,reverse,seed-0,0.00586
sp2dclm,100k,0.5,raw,stack,seed-0,0.00781
sp2dclm,100k,0.5,raw,assoc,seed-0,0.0
sp2dclm,100k,0.5,raw,sum,seed-0,0.0
sp2dclm,100k,0.5,raw,max,seed-0,0.03125
sp2dclm,100k,0.5,raw,min,seed-0,0.01562
sp2dclm,100k,0.5,raw,first,seed-0,0.0
sp2dclm,100k,0.5,raw,last,seed-0,0.01562
sp2dclm,100k,0.5,text,first,seed-0,0.0
sp2dclm,100k,0.5,text,last,seed-0,0.0
sp2dclm,100k,0.5,text,max,seed-0,0.0
sp2dclm,100k,0.5,text,min,seed-0,0.0
sp2dclm,100k,0.5,text,stack,seed-0,0.0
sp2dclm,100k,0.5,text,assoc,seed-0,0.0
sp2dclm,100k,0.5,text,sum,seed-0,0.0
sp2dclm,100k,0.5,text,reverse,seed-0,0.0
sp2dclm,100k,0.5,text,cipher,seed-0,0.0
sp2dclm,100k,0.5,word,classify-2,seed-0,0.0
sp2dclm,100k,0.5,word,classify-4,seed-0,0.0
sp2dclm,100k,0.5,word,lookup-4,seed-0,0.0
sp2dclm,100k,0.5,word,word-reverse,seed-0,0.0
sp2dclm,1M,0.05,raw,reverse,seed-0,0.00195
sp2dclm,1M,0.05,raw,stack,seed-0,0.1875
sp2dclm,1M,0.05,raw,assoc,seed-0,0.59375
sp2dclm,1M,0.05,raw,sum,seed-0,0.01562
sp2dclm,1M,0.05,raw,max,seed-0,0.07812
sp2dclm,1M,0.05,raw,min,seed-0,0.17188
sp2dclm,1M,0.05,raw,first,seed-0,0.14062
sp2dclm,1M,0.05,raw,last,seed-0,0.375
sp2dclm,1M,0.05,text,first,seed-0,0.07031
sp2dclm,1M,0.05,text,last,seed-0,0.04688
sp2dclm,1M,0.05,text,max,seed-0,0.04688
sp2dclm,1M,0.05,text,min,seed-0,0.15625
sp2dclm,1M,0.05,text,stack,seed-0,0.22656
sp2dclm,1M,0.05,text,assoc,seed-0,0.17969
sp2dclm,1M,0.05,text,sum,seed-0,0.0
sp2dclm,1M,0.05,text,reverse,seed-0,0.0
sp2dclm,1M,0.05,text,cipher,seed-0,0.0
sp2dclm,1M,0.05,word,classify-2,seed-0,0.41406
sp2dclm,1M,0.05,word,classify-4,seed-0,0.20312
sp2dclm,1M,0.05,word,lookup-4,seed-0,0.30469
sp2dclm,1M,0.05,word,word-reverse,seed-0,0.0
sp2dclm,1M,0.1,raw,reverse,seed-0,0.00488
sp2dclm,1M,0.1,raw,stack,seed-0,0.01562
sp2dclm,1M,0.1,raw,assoc,seed-0,0.35156
sp2dclm,1M,0.1,raw,sum,seed-0,0.0
sp2dclm,1M,0.1,raw,max,seed-0,0.01562
sp2dclm,1M,0.1,raw,min,seed-0,0.07812
sp2dclm,1M,0.1,raw,first,seed-0,0.0
sp2dclm,1M,0.1,raw,last,seed-0,0.125
sp2dclm,1M,0.1,text,first,seed-0,0.09375
sp2dclm,1M,0.1,text,last,seed-0,0.09375
sp2dclm,1M,0.1,text,max,seed-0,0.11719
sp2dclm,1M,0.1,text,min,seed-0,0.17969
sp2dclm,1M,0.1,text,stack,seed-0,0.20312
sp2dclm,1M,0.1,text,assoc,seed-0,0.375
sp2dclm,1M,0.1,text,sum,seed-0,0.0
sp2dclm,1M,0.1,text,reverse,seed-0,0.0
sp2dclm,1M,0.1,text,cipher,seed-0,0.0
sp2dclm,1M,0.1,word,classify-2,seed-0,0.48438
sp2dclm,1M,0.1,word,classify-4,seed-0,0.24219
sp2dclm,1M,0.1,word,lookup-4,seed-0,0.46875
sp2dclm,1M,0.1,word,word-reverse,seed-0,0.0
sp2dclm,1M,0.25,raw,reverse,seed-0,0.00098
sp2dclm,1M,0.25,raw,stack,seed-0,0.00781
sp2dclm,1M,0.25,raw,assoc,seed-0,0.0625
sp2dclm,1M,0.25,raw,sum,seed-0,0.01562
sp2dclm,1M,0.25,raw,max,seed-0,0.0
sp2dclm,1M,0.25,raw,min,seed-0,0.04688
sp2dclm,1M,0.25,raw,first,seed-0,0.01562
sp2dclm,1M,0.25,raw,last,seed-0,0.04688
sp2dclm,1M,0.25,text,first,seed-0,0.07812
sp2dclm,1M,0.25,text,last,seed-0,0.125
sp2dclm,1M,0.25,text,max,seed-0,0.11719
sp2dclm,1M,0.25,text,min,seed-0,0.17969
sp2dclm,1M,0.25,text,stack,seed-0,0.32812
sp2dclm,1M,0.25,text,assoc,seed-0,0.51562
sp2dclm,1M,0.25,text,sum,seed-0,0.0
sp2dclm,1M,0.25,text,reverse,seed-0,0.0
sp2dclm,1M,0.25,text,cipher,seed-0,0.0
sp2dclm,1M,0.25,word,classify-2,seed-0,0.49219
sp2dclm,1M,0.25,word,classify-4,seed-0,0.21875
sp2dclm,1M,0.25,word,lookup-4,seed-0,0.45312
sp2dclm,1M,0.25,word,word-reverse,seed-0,0.0
sp2dclm,1M,0.5,raw,reverse,seed-0,0.00293
sp2dclm,1M,0.5,raw,stack,seed-0,0.0
sp2dclm,1M,0.5,raw,assoc,seed-0,0.23438
sp2dclm,1M,0.5,raw,sum,seed-0,0.0
sp2dclm,1M,0.5,raw,max,seed-0,0.01562
sp2dclm,1M,0.5,raw,min,seed-0,0.04688
sp2dclm,1M,0.5,raw,first,seed-0,0.01562
sp2dclm,1M,0.5,raw,last,seed-0,0.01562
sp2dclm,1M,0.5,text,first,seed-0,0.09375
sp2dclm,1M,0.5,text,last,seed-0,0.11719
sp2dclm,1M,0.5,text,max,seed-0,0.14062
sp2dclm,1M,0.5,text,min,seed-0,0.1875
sp2dclm,1M,0.5,text,stack,seed-0,0.35938
sp2dclm,1M,0.5,text,assoc,seed-0,0.47656
sp2dclm,1M,0.5,text,sum,seed-0,0.0
sp2dclm,1M,0.5,text,reverse,seed-0,0.0
sp2dclm,1M,0.5,text,cipher,seed-0,0.0
sp2dclm,1M,0.5,word,classify-2,seed-0,0.57812
sp2dclm,1M,0.5,word,classify-4,seed-0,0.21875
sp2dclm,1M,0.5,word,lookup-4,seed-0,0.48438
sp2dclm,1M,0.5,word,word-reverse,seed-0,0.0
sp2dclm,24M,0.05,raw,reverse,seed-0,0.00586
sp2dclm,24M,0.05,raw,stack,seed-0,0.05469
sp2dclm,24M,0.05,raw,assoc,seed-0,0.36719
sp2dclm,24M,0.05,raw,sum,seed-0,0.0
sp2dclm,24M,0.05,raw,max,seed-0,0.0
sp2dclm,24M,0.05,raw,min,seed-0,0.03125
sp2dclm,24M,0.05,raw,first,seed-0,0.0
sp2dclm,24M,0.05,raw,last,seed-0,0.01562
sp2dclm,24M,0.05,text,first,seed-0,0.30469
sp2dclm,24M,0.05,text,last,seed-0,0.14844
sp2dclm,24M,0.05,text,max,seed-0,0.16406
sp2dclm,24M,0.05,text,min,seed-0,0.33594
sp2dclm,24M,0.05,text,stack,seed-0,0.25
sp2dclm,24M,0.05,text,assoc,seed-0,0.67188
sp2dclm,24M,0.05,text,sum,seed-0,0.0
sp2dclm,24M,0.05,text,reverse,seed-0,0.0
sp2dclm,24M,0.05,text,cipher,seed-0,0.0
sp2dclm,24M,0.05,word,classify-2,seed-0,0.44531
sp2dclm,24M,0.05,word,classify-4,seed-0,0.25781
sp2dclm,24M,0.05,word,lookup-4,seed-0,0.95312
sp2dclm,24M,0.05,word,word-reverse,seed-0,0.0
sp2dclm,24M,0.1,raw,reverse,seed-0,0.00098
sp2dclm,24M,0.1,raw,stack,seed-0,0.04688
sp2dclm,24M,0.1,raw,assoc,seed-0,0.32812
sp2dclm,24M,0.1,raw,sum,seed-0,0.0
sp2dclm,24M,0.1,raw,max,seed-0,0.01562
sp2dclm,24M,0.1,raw,min,seed-0,0.0625
sp2dclm,24M,0.1,raw,first,seed-0,0.01562
sp2dclm,24M,0.1,raw,last,seed-0,0.0625
sp2dclm,24M,0.1,text,first,seed-0,0.34375
sp2dclm,24M,0.1,text,last,seed-0,0.22656
sp2dclm,24M,0.1,text,max,seed-0,0.17188
sp2dclm,24M,0.1,text,min,seed-0,0.38281
sp2dclm,24M,0.1,text,stack,seed-0,0.34375
sp2dclm,24M,0.1,text,assoc,seed-0,0.79688
sp2dclm,24M,0.1,text,sum,seed-0,0.00781
sp2dclm,24M,0.1,text,reverse,seed-0,0.0
sp2dclm,24M,0.1,text,cipher,seed-0,0.0
sp2dclm,24M,0.1,word,classify-2,seed-0,0.50781
sp2dclm,24M,0.1,word,classify-4,seed-0,0.35156
sp2dclm,24M,0.1,word,lookup-4,seed-0,0.94531
sp2dclm,24M,0.1,word,word-reverse,seed-0,0.0
sp2dclm,24M,0.25,raw,reverse,seed-0,0.00781
sp2dclm,24M,0.25,raw,stack,seed-0,0.0625
sp2dclm,24M,0.25,raw,assoc,seed-0,0.39062
sp2dclm,24M,0.25,raw,sum,seed-0,0.0
sp2dclm,24M,0.25,raw,max,seed-0,0.01562
sp2dclm,24M,0.25,raw,min,seed-0,0.04688
sp2dclm,24M,0.25,raw,first,seed-0,0.03125
sp2dclm,24M,0.25,raw,last,seed-0,0.04688
sp2dclm,24M,0.25,text,first,seed-0,0.21094
sp2dclm,24M,0.25,text,last,seed-0,0.28125
sp2dclm,24M,0.25,text,max,seed-0,0.14844
sp2dclm,24M,0.25,text,min,seed-0,0.22656
sp2dclm,24M,0.25,text,stack,seed-0,0.23438
sp2dclm,24M,0.25,text,assoc,seed-0,0.80469
sp2dclm,24M,0.25,text,sum,seed-0,0.00781
sp2dclm,24M,0.25,text,reverse,seed-0,0.0
sp2dclm,24M,0.25,text,cipher,seed-0,0.0
sp2dclm,24M,0.25,word,classify-2,seed-0,0.59375
sp2dclm,24M,0.25,word,classify-4,seed-0,0.35156
sp2dclm,24M,0.25,word,lookup-4,seed-0,0.91406
sp2dclm,24M,0.25,word,word-reverse,seed-0,0.0
sp2dclm,24M,0.5,raw,reverse,seed-0,0.01465
sp2dclm,24M,0.5,raw,stack,seed-0,0.04688
sp2dclm,24M,0.5,raw,assoc,seed-0,0.39844
sp2dclm,24M,0.5,raw,sum,seed-0,0.0
sp2dclm,24M,0.5,raw,max,seed-0,0.03125
sp2dclm,24M,0.5,raw,min,seed-0,0.04688
sp2dclm,24M,0.5,raw,first,seed-0,0.01562
sp2dclm,24M,0.5,raw,last,seed-0,0.03125
sp2dclm,24M,0.5,text,first,seed-0,0.20312
sp2dclm,24M,0.5,text,last,seed-0,0.23438
sp2dclm,24M,0.5,text,max,seed-0,0.15625
sp2dclm,24M,0.5,text,min,seed-0,0.19531
sp2dclm,24M,0.5,text,stack,seed-0,0.30469
sp2dclm,24M,0.5,text,assoc,seed-0,0.91406
sp2dclm,24M,0.5,text,sum,seed-0,0.02344
sp2dclm,24M,0.5,text,reverse,seed-0,0.0
sp2dclm,24M,0.5,text,cipher,seed-0,0.0
sp2dclm,24M,0.5,word,classify-2,seed-0,0.57031
sp2dclm,24M,0.5,word,classify-4,seed-0,0.40625
sp2dclm,24M,0.5,word,lookup-4,seed-0,0.86719
sp2dclm,24M,0.5,word,word-reverse,seed-0,0.0
sp2dclm,3M,0.05,raw,reverse,seed-0,0.00488
sp2dclm,3M,0.05,raw,stack,seed-0,0.02344
sp2dclm,3M,0.05,raw,assoc,seed-0,0.42188
sp2dclm,3M,0.05,raw,sum,seed-0,0.01562
sp2dclm,3M,0.05,raw,max,seed-0,0.03125
sp2dclm,3M,0.05,raw,min,seed-0,0.0625
sp2dclm,3M,0.05,raw,first,seed-0,0.01562
sp2dclm,3M,0.05,raw,last,seed-0,0.125
sp2dclm,3M,0.05,text,first,seed-0,0.19531
sp2dclm,3M,0.05,text,last,seed-0,0.35156
sp2dclm,3M,0.05,text,max,seed-0,0.28125
sp2dclm,3M,0.05,text,min,seed-0,0.24219
sp2dclm,3M,0.05,text,stack,seed-0,0.17969
sp2dclm,3M,0.05,text,assoc,seed-0,0.67188
sp2dclm,3M,0.05,text,sum,seed-0,0.01562
sp2dclm,3M,0.05,text,reverse,seed-0,0.0
sp2dclm,3M,0.05,text,cipher,seed-0,0.0
sp2dclm,3M,0.05,word,classify-2,seed-0,0.46094
sp2dclm,3M,0.05,word,classify-4,seed-0,0.28906
sp2dclm,3M,0.05,word,lookup-4,seed-0,0.8125
sp2dclm,3M,0.05,word,word-reverse,seed-0,0.0
sp2dclm,3M,0.1,raw,reverse,seed-0,0.00488
sp2dclm,3M,0.1,raw,stack,seed-0,0.00781
sp2dclm,3M,0.1,raw,assoc,seed-0,0.48438
sp2dclm,3M,0.1,raw,sum,seed-0,0.0
sp2dclm,3M,0.1,raw,max,seed-0,0.0
sp2dclm,3M,0.1,raw,min,seed-0,0.03125
sp2dclm,3M,0.1,raw,first,seed-0,0.01562
sp2dclm,3M,0.1,raw,last,seed-0,0.07812
sp2dclm,3M,0.1,text,first,seed-0,0.20312
sp2dclm,3M,0.1,text,last,seed-0,0.25781
sp2dclm,3M,0.1,text,max,seed-0,0.21094
sp2dclm,3M,0.1,text,min,seed-0,0.17969
sp2dclm,3M,0.1,text,stack,seed-0,0.24219
sp2dclm,3M,0.1,text,assoc,seed-0,0.70312
sp2dclm,3M,0.1,text,sum,seed-0,0.00781
sp2dclm,3M,0.1,text,reverse,seed-0,0.0
sp2dclm,3M,0.1,text,cipher,seed-0,0.0
sp2dclm,3M,0.1,word,classify-2,seed-0,0.49219
sp2dclm,3M,0.1,word,classify-4,seed-0,0.22656
sp2dclm,3M,0.1,word,lookup-4,seed-0,0.82812
sp2dclm,3M,0.1,word,word-reverse,seed-0,0.0
sp2dclm,3M,0.25,raw,reverse,seed-0,0.00488
sp2dclm,3M,0.25,raw,stack,seed-0,0.0
sp2dclm,3M,0.25,raw,assoc,seed-0,0.41406
sp2dclm,3M,0.25,raw,sum,seed-0,0.0
sp2dclm,3M,0.25,raw,max,seed-0,0.0
sp2dclm,3M,0.25,raw,min,seed-0,0.07812
sp2dclm,3M,0.25,raw,first,seed-0,0.04688
sp2dclm,3M,0.25,raw,last,seed-0,0.01562
sp2dclm,3M,0.25,text,first,seed-0,0.17969
sp2dclm,3M,0.25,text,last,seed-0,0.20312
sp2dclm,3M,0.25,text,max,seed-0,0.15625
sp2dclm,3M,0.25,text,min,seed-0,0.16406
sp2dclm,3M,0.25,text,stack,seed-0,0.28125
sp2dclm,3M,0.25,text,assoc,seed-0,0.69531
sp2dclm,3M,0.25,text,sum,seed-0,0.00781
sp2dclm,3M,0.25,text,reverse,seed-0,0.0
sp2dclm,3M,0.25,text,cipher,seed-0,0.0
sp2dclm,3M,0.25,word,classify-2,seed-0,0.53906
sp2dclm,3M,0.25,word,classify-4,seed-0,0.24219
sp2dclm,3M,0.25,word,lookup-4,seed-0,0.74219
sp2dclm,3M,0.25,word,word-reverse,seed-0,0.0
sp2dclm,3M,0.5,raw,reverse,seed-0,0.00977
sp2dclm,3M,0.5,raw,stack,seed-0,0.00781
sp2dclm,3M,0.5,raw,assoc,seed-0,0.36719
sp2dclm,3M,0.5,raw,sum,seed-0,0.01562
sp2dclm,3M,0.5,raw,max,seed-0,0.03125
sp2dclm,3M,0.5,raw,min,seed-0,0.03125
sp2dclm,3M,0.5,raw,first,seed-0,0.01562
sp2dclm,3M,0.5,raw,last,seed-0,0.01562
sp2dclm,3M,0.5,text,first,seed-0,0.17969
sp2dclm,3M,0.5,text,last,seed-0,0.17969
sp2dclm,3M,0.5,text,max,seed-0,0.17969
sp2dclm,3M,0.5,text,min,seed-0,0.25
sp2dclm,3M,0.5,text,stack,seed-0,0.22656
sp2dclm,3M,0.5,text,assoc,seed-0,0.625
sp2dclm,3M,0.5,text,sum,seed-0,0.00781
sp2dclm,3M,0.5,text,reverse,seed-0,0.0
sp2dclm,3M,0.5,text,cipher,seed-0,0.0
sp2dclm,3M,0.5,word,classify-2,seed-0,0.60156
sp2dclm,3M,0.5,word,classify-4,seed-0,0.25781
sp2dclm,3M,0.5,word,lookup-4,seed-0,0.82812
sp2dclm,3M,0.5,word,word-reverse,seed-0,0.0
sp2dclm,500k,0.05,raw,reverse,seed-0,0.00781
sp2dclm,500k,0.05,raw,stack,seed-0,0.08594
sp2dclm,500k,0.05,raw,assoc,seed-0,0.23438
sp2dclm,500k,0.05,raw,sum,seed-0,0.0
sp2dclm,500k,0.05,raw,max,seed-0,0.09375
sp2dclm,500k,0.05,raw,min,seed-0,0.17188
sp2dclm,500k,0.05,raw,first,seed-0,0.15625
sp2dclm,500k,0.05,raw,last,seed-0,0.59375
sp2dclm,500k,0.05,text,first,seed-0,0.17969
sp2dclm,500k,0.05,text,last,seed-0,0.23438
sp2dclm,500k,0.05,text,max,seed-0,0.1875
sp2dclm,500k,0.05,text,min,seed-0,0.20312
sp2dclm,500k,0.05,text,stack,seed-0,0.14844
sp2dclm,500k,0.05,text,assoc,seed-0,0.59375
sp2dclm,500k,0.05,text,sum,seed-0,0.00781
sp2dclm,500k,0.05,text,reverse,seed-0,0.0
sp2dclm,500k,0.05,text,cipher,seed-0,0.0
sp2dclm,500k,0.05,word,classify-2,seed-0,0.375
sp2dclm,500k,0.05,word,classify-4,seed-0,0.17969
sp2dclm,500k,0.05,word,lookup-4,seed-0,0.51562
sp2dclm,500k,0.05,word,word-reverse,seed-0,0.0
sp2dclm,500k,0.1,raw,reverse,seed-0,0.0
sp2dclm,500k,0.1,raw,stack,seed-0,0.03906
sp2dclm,500k,0.1,raw,assoc,seed-0,0.1875
sp2dclm,500k,0.1,raw,sum,seed-0,0.01562
sp2dclm,500k,0.1,raw,max,seed-0,0.04688
sp2dclm,500k,0.1,raw,min,seed-0,0.10938
sp2dclm,500k,0.1,raw,first,seed-0,0.03125
sp2dclm,500k,0.1,raw,last,seed-0,0.21875
sp2dclm,500k,0.1,text,first,seed-0,0.125
sp2dclm,500k,0.1,text,last,seed-0,0.17969
sp2dclm,500k,0.1,text,max,seed-0,0.125
sp2dclm,500k,0.1,text,min,seed-0,0.15625
sp2dclm,500k,0.1,text,stack,seed-0,0.14844
sp2dclm,500k,0.1,text,assoc,seed-0,0.46094
sp2dclm,500k,0.1,text,sum,seed-0,0.0
sp2dclm,500k,0.1,text,reverse,seed-0,0.0
sp2dclm,500k,0.1,text,cipher,seed-0,0.0
sp2dclm,500k,0.1,word,classify-2,seed-0,0.39844
sp2dclm,500k,0.1,word,classify-4,seed-0,0.1875
sp2dclm,500k,0.1,word,lookup-4,seed-0,0.48438
sp2dclm,500k,0.1,word,word-reverse,seed-0,0.0
sp2dclm,500k,0.25,raw,reverse,seed-0,0.00488
sp2dclm,500k,0.25,raw,stack,seed-0,0.02344
sp2dclm,500k,0.25,raw,assoc,seed-0,0.08594
sp2dclm,500k,0.25,raw,sum,seed-0,0.01562
sp2dclm,500k,0.25,raw,max,seed-0,0.0
sp2dclm,500k,0.25,raw,min,seed-0,0.01562
sp2dclm,500k,0.25,raw,first,seed-0,0.04688
sp2dclm,500k,0.25,raw,last,seed-0,0.01562
sp2dclm,500k,0.25,text,first,seed-0,0.05469
sp2dclm,500k,0.25,text,last,seed-0,0.15625
sp2dclm,500k,0.25,text,max,seed-0,0.17188
sp2dclm,500k,0.25,text,min,seed-0,0.14062
sp2dclm,500k,0.25,text,stack,seed-0,0.13281
sp2dclm,500k,0.25,text,assoc,seed-0,0.58594
sp2dclm,500k,0.25,text,sum,seed-0,0.0
sp2dclm,500k,0.25,text,reverse,seed-0,0.0
sp2dclm,500k,0.25,text,cipher,seed-0,0.0
sp2dclm,500k,0.25,word,classify-2,seed-0,0.46875
sp2dclm,500k,0.25,word,classify-4,seed-0,0.1875
sp2dclm,500k,0.25,word,lookup-4,seed-0,0.61719
sp2dclm,500k,0.25,word,word-reverse,seed-0,0.0
sp2dclm,500k,0.5,raw,reverse,seed-0,0.00586
sp2dclm,500k,0.5,raw,stack,seed-0,0.0
sp2dclm,500k,0.5,raw,assoc,seed-0,0.10156
sp2dclm,500k,0.5,raw,sum,seed-0,0.01562
sp2dclm,500k,0.5,raw,max,seed-0,0.0
sp2dclm,500k,0.5,raw,min,seed-0,0.03125
sp2dclm,500k,0.5,raw,first,seed-0,0.04688
sp2dclm,500k,0.5,raw,last,seed-0,0.01562
sp2dclm,500k,0.5,text,first,seed-0,0.07812
sp2dclm,500k,0.5,text,last,seed-0,0.10156
sp2dclm,500k,0.5,text,max,seed-0,0.14062
sp2dclm,500k,0.5,text,min,seed-0,0.16406
sp2dclm,500k,0.5,text,stack,seed-0,0.08594
sp2dclm,500k,0.5,text,assoc,seed-0,0.36719
sp2dclm,500k,0.5,text,sum,seed-0,0.0
sp2dclm,500k,0.5,text,reverse,seed-0,0.0
sp2dclm,500k,0.5,text,cipher,seed-0,0.0
sp2dclm,500k,0.5,word,classify-2,seed-0,0.52344
sp2dclm,500k,0.5,word,classify-4,seed-0,0.1875
sp2dclm,500k,0.5,word,lookup-4,seed-0,0.60938
sp2dclm,500k,0.5,word,word-reverse,seed-0,0.0
sp2dclm,6M,0.05,raw,reverse,seed-0,0.00098
sp2dclm,6M,0.05,raw,stack,seed-0,0.03125
sp2dclm,6M,0.05,raw,assoc,seed-0,0.30469
sp2dclm,6M,0.05,raw,sum,seed-0,0.0
sp2dclm,6M,0.05,raw,max,seed-0,0.0
sp2dclm,6M,0.05,raw,min,seed-0,0.03125
sp2dclm,6M,0.05,raw,first,seed-0,0.03125
sp2dclm,6M,0.05,raw,last,seed-0,0.07812
sp2dclm,6M,0.05,text,first,seed-0,0.29688
sp2dclm,6M,0.05,text,last,seed-0,0.32031
sp2dclm,6M,0.05,text,max,seed-0,0.17969
sp2dclm,6M,0.05,text,min,seed-0,0.25781
sp2dclm,6M,0.05,text,stack,seed-0,0.25
sp2dclm,6M,0.05,text,assoc,seed-0,0.85156
sp2dclm,6M,0.05,text,sum,seed-0,0.0
sp2dclm,6M,0.05,text,reverse,seed-0,0.0
sp2dclm,6M,0.05,text,cipher,seed-0,0.0
sp2dclm,6M,0.05,word,classify-2,seed-0,0.46094
sp2dclm,6M,0.05,word,classify-4,seed-0,0.32031
sp2dclm,6M,0.05,word,lookup-4,seed-0,0.92188
sp2dclm,6M,0.05,word,word-reverse,seed-0,0.0
sp2dclm,6M,0.1,raw,reverse,seed-0,0.00391
sp2dclm,6M,0.1,raw,stack,seed-0,0.04688
sp2dclm,6M,0.1,raw,assoc,seed-0,0.30469
sp2dclm,6M,0.1,raw,sum,seed-0,0.01562
sp2dclm,6M,0.1,raw,max,seed-0,0.0
sp2dclm,6M,0.1,raw,min,seed-0,0.03125
sp2dclm,6M,0.1,raw,first,seed-0,0.01562
sp2dclm,6M,0.1,raw,last,seed-0,0.0625
sp2dclm,6M,0.1,text,first,seed-0,0.28125
sp2dclm,6M,0.1,text,last,seed-0,0.26562
sp2dclm,6M,0.1,text,max,seed-0,0.17188
sp2dclm,6M,0.1,text,min,seed-0,0.21094
sp2dclm,6M,0.1,text,stack,seed-0,0.3125
sp2dclm,6M,0.1,text,assoc,seed-0,0.74219
sp2dclm,6M,0.1,text,sum,seed-0,0.0
sp2dclm,6M,0.1,text,reverse,seed-0,0.0
sp2dclm,6M,0.1,text,cipher,seed-0,0.0
sp2dclm,6M,0.1,word,classify-2,seed-0,0.47656
sp2dclm,6M,0.1,word,classify-4,seed-0,0.27344
sp2dclm,6M,0.1,word,lookup-4,seed-0,0.9375
sp2dclm,6M,0.1,word,word-reverse,seed-0,0.0
sp2dclm,6M,0.25,raw,reverse,seed-0,0.00586
sp2dclm,6M,0.25,raw,stack,seed-0,0.03125
sp2dclm,6M,0.25,raw,assoc,seed-0,0.33594
sp2dclm,6M,0.25,raw,sum,seed-0,0.0
sp2dclm,6M,0.25,raw,max,seed-0,0.0
sp2dclm,6M,0.25,raw,min,seed-0,0.03125
sp2dclm,6M,0.25,raw,first,seed-0,0.03125
sp2dclm,6M,0.25,raw,last,seed-0,0.01562
sp2dclm,6M,0.25,text,first,seed-0,0.30469
sp2dclm,6M,0.25,text,last,seed-0,0.30469
sp2dclm,6M,0.25,text,max,seed-0,0.24219
sp2dclm,6M,0.25,text,min,seed-0,0.29688
sp2dclm,6M,0.25,text,stack,seed-0,0.35938
sp2dclm,6M,0.25,text,assoc,seed-0,0.75781
sp2dclm,6M,0.25,text,sum,seed-0,0.00781
sp2dclm,6M,0.25,text,reverse,seed-0,0.0
sp2dclm,6M,0.25,text,cipher,seed-0,0.0
sp2dclm,6M,0.25,word,classify-2,seed-0,0.53906
sp2dclm,6M,0.25,word,classify-4,seed-0,0.29688
sp2dclm,6M,0.25,word,lookup-4,seed-0,0.97656
sp2dclm,6M,0.25,word,word-reverse,seed-0,0.0
sp2dclm,6M,0.5,raw,reverse,seed-0,0.00781
sp2dclm,6M,0.5,raw,stack,seed-0,0.03125
sp2dclm,6M,0.5,raw,assoc,seed-0,0.44531
sp2dclm,6M,0.5,raw,sum,seed-0,0.0
sp2dclm,6M,0.5,raw,max,seed-0,0.0
sp2dclm,6M,0.5,raw,min,seed-0,0.03125
sp2dclm,6M,0.5,raw,first,seed-0,0.01562
sp2dclm,6M,0.5,raw,last,seed-0,0.04688
sp2dclm,6M,0.5,text,first,seed-0,0.3125
sp2dclm,6M,0.5,text,last,seed-0,0.28125
sp2dclm,6M,0.5,text,max,seed-0,0.21875
sp2dclm,6M,0.5,text,min,seed-0,0.25781
sp2dclm,6M,0.5,text,stack,seed-0,0.41406
sp2dclm,6M,0.5,text,assoc,seed-0,0.61719
sp2dclm,6M,0.5,text,sum,seed-0,0.00781
sp2dclm,6M,0.5,text,reverse,seed-0,0.0
sp2dclm,6M,0.5,text,cipher,seed-0,0.0
sp2dclm,6M,0.5,word,classify-2,seed-0,0.5625
sp2dclm,6M,0.5,word,classify-4,seed-0,0.34375
sp2dclm,6M,0.5,word,lookup-4,seed-0,0.97656
sp2dclm,6M,0.5,word,word-reverse,seed-0,0.0
up,100k,1.078,raw,reverse,seed-40354564,0.00195
up,100k,1.078,raw,reverse,seed-40354565,0.00195
up,100k,1.078,raw,stack,seed-40354564,0.0
up,100k,1.078,raw,stack,seed-40354565,0.0
up,100k,1.078,raw,assoc,seed-40354564,0.0
up,100k,1.078,raw,assoc,seed-40354565,0.0
up,100k,1.078,raw,sum,seed-40354564,0.01562
up,100k,1.078,raw,sum,seed-40354565,0.01562
up,100k,1.078,raw,max,seed-40354564,0.0
up,100k,1.078,raw,max,seed-40354565,0.0
up,100k,1.078,raw,min,seed-40354564,0.0
up,100k,1.078,raw,min,seed-40354565,0.0
up,100k,1.078,raw,first,seed-40354564,0.0
up,100k,1.078,raw,first,seed-40354565,0.01562
up,100k,1.078,raw,last,seed-40354564,0.0
up,100k,1.078,raw,last,seed-40354565,0.0
up,100k,1.078,text,first,seed-40354564,0.0
up,100k,1.078,text,first,seed-40354565,0.0
up,100k,1.078,text,last,seed-40354564,0.0
up,100k,1.078,text,last,seed-40354565,0.0
up,100k,1.078,text,max,seed-40354564,0.0
up,100k,1.078,text,max,seed-40354565,0.0
up,100k,1.078,text,min,seed-40354564,0.0
up,100k,1.078,text,min,seed-40354565,0.0
up,100k,1.078,text,stack,seed-40354564,0.0
up,100k,1.078,text,stack,seed-40354565,0.0
up,100k,1.078,text,assoc,seed-40354564,0.0
up,100k,1.078,text,assoc,seed-40354565,0.0
up,100k,1.078,text,sum,seed-40354564,0.0
up,100k,1.078,text,sum,seed-40354565,0.0
up,100k,1.078,text,reverse,seed-40354564,0.0
up,100k,1.078,text,reverse,seed-40354565,0.0
up,100k,1.078,text,cipher,seed-40354564,0.0
up,100k,1.078,text,cipher,seed-40354565,0.0
up,100k,1.078,word,classify-2,seed-40354564,0.0
up,100k,1.078,word,classify-2,seed-40354565,0.00781
up,100k,1.078,word,classify-4,seed-40354564,0.0
up,100k,1.078,word,classify-4,seed-40354565,0.01562
up,100k,1.078,word,lookup-4,seed-40354564,0.0
up,100k,1.078,word,lookup-4,seed-40354565,0.01562
up,100k,1.078,word,word-reverse,seed-40354564,0.0
up,100k,1.078,word,word-reverse,seed-40354565,0.0
up,100k,2.152,raw,reverse,seed-40354564,0.00293
up,100k,2.152,raw,reverse,seed-40354565,0.0
up,100k,2.152,raw,stack,seed-40354564,0.00781
up,100k,2.152,raw,stack,seed-40354565,0.0
up,100k,2.152,raw,assoc,seed-40354564,0.0
up,100k,2.152,raw,assoc,seed-40354565,0.0
up,100k,2.152,raw,sum,seed-40354564,0.01562
up,100k,2.152,raw,sum,seed-40354565,0.01562
up,100k,2.152,raw,max,seed-40354564,0.0
up,100k,2.152,raw,max,seed-40354565,0.0
up,100k,2.152,raw,min,seed-40354564,0.0
up,100k,2.152,raw,min,seed-40354565,0.0
up,100k,2.152,raw,first,seed-40354564,0.0
up,100k,2.152,raw,first,seed-40354565,0.0
up,100k,2.152,raw,last,seed-40354564,0.0
up,100k,2.152,raw,last,seed-40354565,0.0
up,100k,2.152,text,first,seed-40354564,0.0
up,100k,2.152,text,first,seed-40354565,0.0
up,100k,2.152,text,last,seed-40354564,0.0
up,100k,2.152,text,last,seed-40354565,0.0
up,100k,2.152,text,max,seed-40354564,0.0
up,100k,2.152,text,max,seed-40354565,0.0
up,100k,2.152,text,min,seed-40354564,0.0
up,100k,2.152,text,min,seed-40354565,0.0
up,100k,2.152,text,stack,seed-40354564,0.0
up,100k,2.152,text,stack,seed-40354565,0.0
up,100k,2.152,text,assoc,seed-40354564,0.0
up,100k,2.152,text,assoc,seed-40354565,0.0
up,100k,2.152,text,sum,seed-40354564,0.0
up,100k,2.152,text,sum,seed-40354565,0.0
up,100k,2.152,text,reverse,seed-40354564,0.0
up,100k,2.152,text,reverse,seed-40354565,0.0
up,100k,2.152,text,cipher,seed-40354564,0.0
up,100k,2.152,text,cipher,seed-40354565,0.0
up,100k,2.152,word,classify-2,seed-40354564,0.0
up,100k,2.152,word,classify-2,seed-40354565,0.0
up,100k,2.152,word,classify-4,seed-40354564,0.0
up,100k,2.152,word,classify-4,seed-40354565,0.0
up,100k,2.152,word,lookup-4,seed-40354564,0.0
up,100k,2.152,word,lookup-4,seed-40354565,0.0
up,100k,2.152,word,word-reverse,seed-40354564,0.0
up,100k,2.152,word,word-reverse,seed-40354565,0.0
up,100k,4.299,raw,reverse,seed-40354564,0.00195
up,100k,4.299,raw,reverse,seed-40354565,0.00293
up,100k,4.299,raw,reverse,seed-40354566,0.00879
up,100k,4.299,raw,reverse,seed-40354567,0.0
up,100k,4.299,raw,stack,seed-40354564,0.0
up,100k,4.299,raw,stack,seed-40354565,0.00781
up,100k,4.299,raw,stack,seed-40354566,0.0
up,100k,4.299,raw,stack,seed-40354567,0.0
up,100k,4.299,raw,assoc,seed-40354564,0.0
up,100k,4.299,raw,assoc,seed-40354565,0.0
up,100k,4.299,raw,assoc,seed-40354566,0.0
up,100k,4.299,raw,assoc,seed-40354567,0.0
up,100k,4.299,raw,sum,seed-40354564,0.01562
up,100k,4.299,raw,sum,seed-40354565,0.01562
up,100k,4.299,raw,sum,seed-40354566,0.01562
up,100k,4.299,raw,sum,seed-40354567,0.01562
up,100k,4.299,raw,max,seed-40354564,0.0
up,100k,4.299,raw,max,seed-40354565,0.0
up,100k,4.299,raw,max,seed-40354566,0.0
up,100k,4.299,raw,max,seed-40354567,0.0
up,100k,4.299,raw,min,seed-40354564,0.0
up,100k,4.299,raw,min,seed-40354565,0.0
up,100k,4.299,raw,min,seed-40354566,0.0
up,100k,4.299,raw,min,seed-40354567,0.0
up,100k,4.299,raw,first,seed-40354564,0.0
up,100k,4.299,raw,first,seed-40354565,0.0
up,100k,4.299,raw,first,seed-40354566,0.0
up,100k,4.299,raw,first,seed-40354567,0.0
up,100k,4.299,raw,last,seed-40354564,0.0
up,100k,4.299,raw,last,seed-40354565,0.0
up,100k,4.299,raw,last,seed-40354566,0.0
up,100k,4.299,raw,last,seed-40354567,0.0
up,100k,4.299,text,first,seed-40354564,0.0
up,100k,4.299,text,first,seed-40354565,0.0
up,100k,4.299,text,first,seed-40354566,0.0
up,100k,4.299,text,first,seed-40354567,0.0
up,100k,4.299,text,last,seed-40354564,0.0
up,100k,4.299,text,last,seed-40354565,0.0
up,100k,4.299,text,last,seed-40354566,0.0
up,100k,4.299,text,last,seed-40354567,0.0
up,100k,4.299,text,max,seed-40354564,0.0
up,100k,4.299,text,max,seed-40354565,0.0
up,100k,4.299,text,max,seed-40354566,0.0
up,100k,4.299,text,max,seed-40354567,0.0
up,100k,4.299,text,min,seed-40354564,0.0
up,100k,4.299,text,min,seed-40354565,0.0
up,100k,4.299,text,min,seed-40354566,0.0
up,100k,4.299,text,min,seed-40354567,0.0
up,100k,4.299,text,stack,seed-40354564,0.07031
up,100k,4.299,text,stack,seed-40354565,0.00781
up,100k,4.299,text,stack,seed-40354566,0.0
up,100k,4.299,text,stack,seed-40354567,0.0
up,100k,4.299,text,assoc,seed-40354564,0.0
up,100k,4.299,text,assoc,seed-40354565,0.0
up,100k,4.299,text,assoc,seed-40354566,0.0
up,100k,4.299,text,assoc,seed-40354567,0.0
up,100k,4.299,text,sum,seed-40354564,0.0
up,100k,4.299,text,sum,seed-40354565,0.0
up,100k,4.299,text,sum,seed-40354566,0.0
up,100k,4.299,text,sum,seed-40354567,0.0
up,100k,4.299,text,reverse,seed-40354564,0.0
up,100k,4.299,text,reverse,seed-40354565,0.0
up,100k,4.299,text,reverse,seed-40354566,0.0
up,100k,4.299,text,reverse,seed-40354567,0.0
up,100k,4.299,text,cipher,seed-40354564,0.0
up,100k,4.299,text,cipher,seed-40354565,0.0
up,100k,4.299,text,cipher,seed-40354566,0.0
up,100k,4.299,text,cipher,seed-40354567,0.0
up,100k,4.299,word,classify-2,seed-40354564,0.0
up,100k,4.299,word,classify-2,seed-40354565,0.0
up,100k,4.299,word,classify-2,seed-40354566,0.0
up,100k,4.299,word,classify-2,seed-40354567,0.0
up,100k,4.299,word,classify-4,seed-40354564,0.0
up,100k,4.299,word,classify-4,seed-40354565,0.0
up,100k,4.299,word,classify-4,seed-40354566,0.0
up,100k,4.299,word,classify-4,seed-40354567,0.00781
up,100k,4.299,word,lookup-4,seed-40354564,0.0
up,100k,4.299,word,lookup-4,seed-40354565,0.0
up,100k,4.299,word,lookup-4,seed-40354566,0.0
up,100k,4.299,word,lookup-4,seed-40354567,0.01562
up,100k,4.299,word,word-reverse,seed-40354564,0.0
up,100k,4.299,word,word-reverse,seed-40354565,0.0
up,100k,4.299,word,word-reverse,seed-40354566,0.0
up,100k,4.299,word,word-reverse,seed-40354567,0.0
up,100k,8.594,raw,reverse,seed-40354564,0.0127
up,100k,8.594,raw,reverse,seed-40354565,0.02344
up,100k,8.594,raw,reverse,seed-40354566,0.02832
up,100k,8.594,raw,reverse,seed-40354567,0.00684
up,100k,8.594,raw,stack,seed-40354564,0.0
up,100k,8.594,raw,stack,seed-40354565,0.0
up,100k,8.594,raw,stack,seed-40354566,0.0
up,100k,8.594,raw,stack,seed-40354567,0.0
up,100k,8.594,raw,assoc,seed-40354564,0.0
up,100k,8.594,raw,assoc,seed-40354565,0.0
up,100k,8.594,raw,assoc,seed-40354566,0.0
up,100k,8.594,raw,assoc,seed-40354567,0.0
up,100k,8.594,raw,sum,seed-40354564,0.01562
up,100k,8.594,raw,sum,seed-40354565,0.01562
up,100k,8.594,raw,sum,seed-40354566,0.01562
up,100k,8.594,raw,sum,seed-40354567,0.01562
up,100k,8.594,raw,max,seed-40354564,0.01562
up,100k,8.594,raw,max,seed-40354565,0.0
up,100k,8.594,raw,max,seed-40354566,0.01562
up,100k,8.594,raw,max,seed-40354567,0.01562
up,100k,8.594,raw,min,seed-40354564,0.0
up,100k,8.594,raw,min,seed-40354565,0.0
up,100k,8.594,raw,min,seed-40354566,0.04688
up,100k,8.594,raw,min,seed-40354567,0.0
up,100k,8.594,raw,first,seed-40354564,0.0
up,100k,8.594,raw,first,seed-40354565,0.0
up,100k,8.594,raw,first,seed-40354566,0.0
up,100k,8.594,raw,first,seed-40354567,0.0
up,100k,8.594,raw,last,seed-40354564,0.0
up,100k,8.594,raw,last,seed-40354565,0.01562
up,100k,8.594,raw,last,seed-40354566,0.01562
up,100k,8.594,raw,last,seed-40354567,0.0
up,100k,8.594,text,first,seed-40354564,0.0
up,100k,8.594,text,first,seed-40354565,0.0
up,100k,8.594,text,first,seed-40354566,0.0
up,100k,8.594,text,first,seed-40354567,0.08594
up,100k,8.594,text,last,seed-40354564,0.0
up,100k,8.594,text,last,seed-40354565,0.0
up,100k,8.594,text,last,seed-40354566,0.0
up,100k,8.594,text,last,seed-40354567,0.04688
up,100k,8.594,text,max,seed-40354564,0.0
up,100k,8.594,text,max,seed-40354565,0.0
up,100k,8.594,text,max,seed-40354566,0.0
up,100k,8.594,text,max,seed-40354567,0.07812
up,100k,8.594,text,min,seed-40354564,0.0
up,100k,8.594,text,min,seed-40354565,0.0
up,100k,8.594,text,min,seed-40354566,0.0
up,100k,8.594,text,min,seed-40354567,0.0
up,100k,8.594,text,stack,seed-40354564,0.0
up,100k,8.594,text,stack,seed-40354565,0.0
up,100k,8.594,text,stack,seed-40354566,0.0
up,100k,8.594,text,stack,seed-40354567,0.03906
up,100k,8.594,text,assoc,seed-40354564,0.0
up,100k,8.594,text,assoc,seed-40354565,0.0
up,100k,8.594,text,assoc,seed-40354566,0.0
up,100k,8.594,text,assoc,seed-40354567,0.0625
up,100k,8.594,text,sum,seed-40354564,0.0
up,100k,8.594,text,sum,seed-40354565,0.0
up,100k,8.594,text,sum,seed-40354566,0.0
up,100k,8.594,text,sum,seed-40354567,0.0
up,100k,8.594,text,reverse,seed-40354564,0.0
up,100k,8.594,text,reverse,seed-40354565,0.0
up,100k,8.594,text,reverse,seed-40354566,0.0
up,100k,8.594,text,reverse,seed-40354567,0.0
up,100k,8.594,text,cipher,seed-40354564,0.0
up,100k,8.594,text,cipher,seed-40354565,0.0
up,100k,8.594,text,cipher,seed-40354566,0.0
up,100k,8.594,text,cipher,seed-40354567,0.0
up,100k,8.594,word,classify-2,seed-40354564,0.0
up,100k,8.594,word,classify-2,seed-40354565,0.0
up,100k,8.594,word,classify-2,seed-40354566,0.00781
up,100k,8.594,word,classify-2,seed-40354567,0.03906
up,100k,8.594,word,classify-4,seed-40354564,0.0
up,100k,8.594,word,classify-4,seed-40354565,0.0
up,100k,8.594,word,classify-4,seed-40354566,0.0
up,100k,8.594,word,classify-4,seed-40354567,0.03906
up,100k,8.594,word,lookup-4,seed-40354564,0.0
up,100k,8.594,word,lookup-4,seed-40354565,0.0
up,100k,8.594,word,lookup-4,seed-40354566,0.0
up,100k,8.594,word,lookup-4,seed-40354567,0.03906
up,100k,8.594,word,word-reverse,seed-40354564,0.0
up,100k,8.594,word,word-reverse,seed-40354565,0.0
up,100k,8.594,word,word-reverse,seed-40354566,0.0
up,100k,8.594,word,word-reverse,seed-40354567,0.0
up,100k,11.815,raw,reverse,seed-40354564,0.03027
up,100k,11.815,raw,reverse,seed-40354565,0.01758
up,100k,11.815,raw,reverse,seed-40354566,0.0127
up,100k,11.815,raw,reverse,seed-40354567,0.00879
up,100k,11.815,raw,stack,seed-40354564,0.0
up,100k,11.815,raw,stack,seed-40354565,0.0
up,100k,11.815,raw,stack,seed-40354566,0.0
up,100k,11.815,raw,stack,seed-40354567,0.0
up,100k,11.815,raw,assoc,seed-40354564,0.0
up,100k,11.815,raw,assoc,seed-40354565,0.00781
up,100k,11.815,raw,assoc,seed-40354566,0.0
up,100k,11.815,raw,assoc,seed-40354567,0.0
up,100k,11.815,raw,sum,seed-40354564,0.01562
up,100k,11.815,raw,sum,seed-40354565,0.01562
up,100k,11.815,raw,sum,seed-40354566,0.01562
up,100k,11.815,raw,sum,seed-40354567,0.01562
up,100k,11.815,raw,max,seed-40354564,0.07812
up,100k,11.815,raw,max,seed-40354565,0.01562
up,100k,11.815,raw,max,seed-40354566,0.0
up,100k,11.815,raw,max,seed-40354567,0.01562
up,100k,11.815,raw,min,seed-40354564,0.03125
up,100k,11.815,raw,min,seed-40354565,0.0
up,100k,11.815,raw,min,seed-40354566,0.01562
up,100k,11.815,raw,min,seed-40354567,0.0
up,100k,11.815,raw,first,seed-40354564,0.0
up,100k,11.815,raw,first,seed-40354565,0.0
up,100k,11.815,raw,first,seed-40354566,0.0
up,100k,11.815,raw,first,seed-40354567,0.0
up,100k,11.815,raw,last,seed-40354564,0.09375
up,100k,11.815,raw,last,seed-40354565,0.01562
up,100k,11.815,raw,last,seed-40354566,0.0
up,100k,11.815,raw,last,seed-40354567,0.04688
up,100k,11.815,text,first,seed-40354564,0.0
up,100k,11.815,text,first,seed-40354565,0.00781
up,100k,11.815,text,first,seed-40354566,0.0
up,100k,11.815,text,first,seed-40354567,0.0
up,100k,11.815,text,last,seed-40354564,0.0
up,100k,11.815,text,last,seed-40354565,0.0
up,100k,11.815,text,last,seed-40354566,0.0
up,100k,11.815,text,last,seed-40354567,0.0
up,100k,11.815,text,max,seed-40354564,0.0
up,100k,11.815,text,max,seed-40354565,0.0
up,100k,11.815,text,max,seed-40354566,0.0
up,100k,11.815,text,max,seed-40354567,0.0
up,100k,11.815,text,min,seed-40354564,0.0
up,100k,11.815,text,min,seed-40354565,0.0
up,100k,11.815,text,min,seed-40354566,0.0
up,100k,11.815,text,min,seed-40354567,0.0
up,100k,11.815,text,stack,seed-40354564,0.0
up,100k,11.815,text,stack,seed-40354565,0.01562
up,100k,11.815,text,stack,seed-40354566,0.0
up,100k,11.815,text,stack,seed-40354567,0.0
up,100k,11.815,text,assoc,seed-40354564,0.0
up,100k,11.815,text,assoc,seed-40354565,0.00781
up,100k,11.815,text,assoc,seed-40354566,0.0
up,100k,11.815,text,assoc,seed-40354567,0.0
up,100k,11.815,text,sum,seed-40354564,0.0
up,100k,11.815,text,sum,seed-40354565,0.0
up,100k,11.815,text,sum,seed-40354566,0.0
up,100k,11.815,text,sum,seed-40354567,0.0
up,100k,11.815,text,reverse,seed-40354564,0.0
up,100k,11.815,text,reverse,seed-40354565,0.0
up,100k,11.815,text,reverse,seed-40354566,0.0
up,100k,11.815,text,reverse,seed-40354567,0.0
up,100k,11.815,text,cipher,seed-40354564,0.0
up,100k,11.815,text,cipher,seed-40354565,0.0
up,100k,11.815,text,cipher,seed-40354566,0.0
up,100k,11.815,text,cipher,seed-40354567,0.0
up,100k,11.815,word,classify-2,seed-40354564,0.00781
up,100k,11.815,word,classify-2,seed-40354565,0.03906
up,100k,11.815,word,classify-2,seed-40354566,0.0
up,100k,11.815,word,classify-2,seed-40354567,0.0
up,100k,11.815,word,classify-4,seed-40354564,0.0
up,100k,11.815,word,classify-4,seed-40354565,0.04688
up,100k,11.815,word,classify-4,seed-40354566,0.0
up,100k,11.815,word,classify-4,seed-40354567,0.0
up,100k,11.815,word,lookup-4,seed-40354564,0.0
up,100k,11.815,word,lookup-4,seed-40354565,0.04688
up,100k,11.815,word,lookup-4,seed-40354566,0.0
up,100k,11.815,word,lookup-4,seed-40354567,0.0
up,100k,11.815,word,word-reverse,seed-40354564,0.0
up,100k,11.815,word,word-reverse,seed-40354565,0.0
up,100k,11.815,word,word-reverse,seed-40354566,0.0
up,100k,11.815,word,word-reverse,seed-40354567,0.0
up,100k,34.36,raw,reverse,seed-40354564,0.01758
up,100k,34.36,raw,reverse,seed-40354565,0.02637
up,100k,34.36,raw,reverse,seed-40354566,0.04297
up,100k,34.36,raw,reverse,seed-40354567,0.02441
up,100k,34.36,raw,stack,seed-40354564,0.0
up,100k,34.36,raw,stack,seed-40354565,0.0
up,100k,34.36,raw,stack,seed-40354566,0.0
up,100k,34.36,raw,stack,seed-40354567,0.0
up,100k,34.36,raw,assoc,seed-40354564,0.0
up,100k,34.36,raw,assoc,seed-40354565,0.0
up,100k,34.36,raw,assoc,seed-40354566,0.0
up,100k,34.36,raw,assoc,seed-40354567,0.0
up,100k,34.36,raw,sum,seed-40354564,0.01562
up,100k,34.36,raw,sum,seed-40354565,0.01562
up,100k,34.36,raw,sum,seed-40354566,0.01562
up,100k,34.36,raw,sum,seed-40354567,0.01562
up,100k,34.36,raw,max,seed-40354564,0.03125
up,100k,34.36,raw,max,seed-40354565,0.04688
up,100k,34.36,raw,max,seed-40354566,0.10938
up,100k,34.36,raw,max,seed-40354567,0.01562
up,100k,34.36,raw,min,seed-40354564,0.01562
up,100k,34.36,raw,min,seed-40354565,0.01562
up,100k,34.36,raw,min,seed-40354566,0.0625
up,100k,34.36,raw,min,seed-40354567,0.03125
up,100k,34.36,raw,first,seed-40354564,0.0
up,100k,34.36,raw,first,seed-40354565,0.0
up,100k,34.36,raw,first,seed-40354566,0.0
up,100k,34.36,raw,first,seed-40354567,0.0
up,100k,34.36,raw,last,seed-40354564,0.03125
up,100k,34.36,raw,last,seed-40354565,0.03125
up,100k,34.36,raw,last,seed-40354566,0.09375
up,100k,34.36,raw,last,seed-40354567,0.03125
up,100k,34.36,text,first,seed-40354564,0.0
up,100k,34.36,text,first,seed-40354565,0.00781
up,100k,34.36,text,first,seed-40354566,0.0
up,100k,34.36,text,first,seed-40354567,0.00781
up,100k,34.36,text,last,seed-40354564,0.0
up,100k,34.36,text,last,seed-40354565,0.0
up,100k,34.36,text,last,seed-40354566,0.0
up,100k,34.36,text,last,seed-40354567,0.0
up,100k,34.36,text,max,seed-40354564,0.0
up,100k,34.36,text,max,seed-40354565,0.00781
up,100k,34.36,text,max,seed-40354566,0.0
up,100k,34.36,text,max,seed-40354567,0.00781
up,100k,34.36,text,min,seed-40354564,0.0
up,100k,34.36,text,min,seed-40354565,0.01562
up,100k,34.36,text,min,seed-40354566,0.0
up,100k,34.36,text,min,seed-40354567,0.0
up,100k,34.36,text,stack,seed-40354564,0.0
up,100k,34.36,text,stack,seed-40354565,0.0
up,100k,34.36,text,stack,seed-40354566,0.0
up,100k,34.36,text,stack,seed-40354567,0.0
up,100k,34.36,text,assoc,seed-40354564,0.0
up,100k,34.36,text,assoc,seed-40354565,0.01562
up,100k,34.36,text,assoc,seed-40354566,0.0
up,100k,34.36,text,assoc,seed-40354567,0.00781
up,100k,34.36,text,sum,seed-40354564,0.0
up,100k,34.36,text,sum,seed-40354565,0.0
up,100k,34.36,text,sum,seed-40354566,0.0
up,100k,34.36,text,sum,seed-40354567,0.0
up,100k,34.36,text,reverse,seed-40354564,0.0
up,100k,34.36,text,reverse,seed-40354565,0.0
up,100k,34.36,text,reverse,seed-40354566,0.0
up,100k,34.36,text,reverse,seed-40354567,0.0
up,100k,34.36,text,cipher,seed-40354564,0.0
up,100k,34.36,text,cipher,seed-40354565,0.0
up,100k,34.36,text,cipher,seed-40354566,0.0
up,100k,34.36,text,cipher,seed-40354567,0.0
up,100k,34.36,word,classify-2,seed-40354564,0.0
up,100k,34.36,word,classify-2,seed-40354565,0.0
up,100k,34.36,word,classify-2,seed-40354566,0.0
up,100k,34.36,word,classify-2,seed-40354567,0.00781
up,100k,34.36,word,classify-4,seed-40354564,0.0
up,100k,34.36,word,classify-4,seed-40354565,0.0
up,100k,34.36,word,classify-4,seed-40354566,0.0
up,100k,34.36,word,classify-4,seed-40354567,0.0
up,100k,34.36,word,lookup-4,seed-40354564,0.0
up,100k,34.36,word,lookup-4,seed-40354565,0.01562
up,100k,34.36,word,lookup-4,seed-40354566,0.0
up,100k,34.36,word,lookup-4,seed-40354567,0.0
up,100k,34.36,word,word-reverse,seed-40354564,0.0
up,100k,34.36,word,word-reverse,seed-40354565,0.0
up,100k,34.36,word,word-reverse,seed-40354566,0.0
up,100k,34.36,word,word-reverse,seed-40354567,0.0
up,1M,1.078,raw,reverse,seed-40354564,0.00098
up,1M,1.078,raw,reverse,seed-40354565,0.0
up,1M,1.078,raw,reverse,seed-40354566,0.00098
up,1M,1.078,raw,reverse,seed-40354567,0.00391
up,1M,1.078,raw,stack,seed-40354564,0.0
up,1M,1.078,raw,stack,seed-40354565,0.0
up,1M,1.078,raw,stack,seed-40354566,0.0
up,1M,1.078,raw,stack,seed-40354567,0.0
up,1M,1.078,raw,assoc,seed-40354564,0.0
up,1M,1.078,raw,assoc,seed-40354565,0.0
up,1M,1.078,raw,assoc,seed-40354566,0.0
up,1M,1.078,raw,assoc,seed-40354567,0.0
up,1M,1.078,raw,sum,seed-40354564,0.01562
up,1M,1.078,raw,sum,seed-40354565,0.01562
up,1M,1.078,raw,sum,seed-40354566,0.01562
up,1M,1.078,raw,sum,seed-40354567,0.01562
up,1M,1.078,raw,max,seed-40354564,0.0
up,1M,1.078,raw,max,seed-40354565,0.0
up,1M,1.078,raw,max,seed-40354566,0.0
up,1M,1.078,raw,max,seed-40354567,0.0
up,1M,1.078,raw,min,seed-40354564,0.0
up,1M,1.078,raw,min,seed-40354565,0.0
up,1M,1.078,raw,min,seed-40354566,0.0
up,1M,1.078,raw,min,seed-40354567,0.01562
up,1M,1.078,raw,first,seed-40354564,0.0
up,1M,1.078,raw,first,seed-40354565,0.0
up,1M,1.078,raw,first,seed-40354566,0.0
up,1M,1.078,raw,first,seed-40354567,0.0
up,1M,1.078,raw,last,seed-40354564,0.0
up,1M,1.078,raw,last,seed-40354565,0.0
up,1M,1.078,raw,last,seed-40354566,0.0
up,1M,1.078,raw,last,seed-40354567,0.0
up,1M,1.078,text,first,seed-40354564,0.0
up,1M,1.078,text,first,seed-40354565,0.0
up,1M,1.078,text,first,seed-40354566,0.0
up,1M,1.078,text,first,seed-40354567,0.0
up,1M,1.078,text,last,seed-40354564,0.0
up,1M,1.078,text,last,seed-40354565,0.0
up,1M,1.078,text,last,seed-40354566,0.0
up,1M,1.078,text,last,seed-40354567,0.0
up,1M,1.078,text,max,seed-40354564,0.0
up,1M,1.078,text,max,seed-40354565,0.0
up,1M,1.078,text,max,seed-40354566,0.0
up,1M,1.078,text,max,seed-40354567,0.0
up,1M,1.078,text,min,seed-40354564,0.0
up,1M,1.078,text,min,seed-40354565,0.0
up,1M,1.078,text,min,seed-40354566,0.0
up,1M,1.078,text,min,seed-40354567,0.0
up,1M,1.078,text,stack,seed-40354564,0.0
up,1M,1.078,text,stack,seed-40354565,0.0
up,1M,1.078,text,stack,seed-40354566,0.0
up,1M,1.078,text,stack,seed-40354567,0.0
up,1M,1.078,text,assoc,seed-40354564,0.0
up,1M,1.078,text,assoc,seed-40354565,0.0
up,1M,1.078,text,assoc,seed-40354566,0.0
up,1M,1.078,text,assoc,seed-40354567,0.0
up,1M,1.078,text,sum,seed-40354564,0.0
up,1M,1.078,text,sum,seed-40354565,0.0
up,1M,1.078,text,sum,seed-40354566,0.0
up,1M,1.078,text,sum,seed-40354567,0.0
up,1M,1.078,text,reverse,seed-40354564,0.0
up,1M,1.078,text,reverse,seed-40354565,0.0
up,1M,1.078,text,reverse,seed-40354566,0.0
up,1M,1.078,text,reverse,seed-40354567,0.0
up,1M,1.078,text,cipher,seed-40354564,0.0
up,1M,1.078,text,cipher,seed-40354565,0.0
up,1M,1.078,text,cipher,seed-40354566,0.0
up,1M,1.078,text,cipher,seed-40354567,0.0
up,1M,1.078,word,classify-2,seed-40354564,0.0
up,1M,1.078,word,classify-2,seed-40354565,0.0
up,1M,1.078,word,classify-2,seed-40354566,0.0
up,1M,1.078,word,classify-2,seed-40354567,0.0
up,1M,1.078,word,classify-4,seed-40354564,0.0
up,1M,1.078,word,classify-4,seed-40354565,0.0
up,1M,1.078,word,classify-4,seed-40354566,0.0
up,1M,1.078,word,classify-4,seed-40354567,0.0
up,1M,1.078,word,lookup-4,seed-40354564,0.0
up,1M,1.078,word,lookup-4,seed-40354565,0.0
up,1M,1.078,word,lookup-4,seed-40354566,0.0
up,1M,1.078,word,lookup-4,seed-40354567,0.0
up,1M,1.078,word,word-reverse,seed-40354564,0.0
up,1M,1.078,word,word-reverse,seed-40354565,0.0
up,1M,1.078,word,word-reverse,seed-40354566,0.0
up,1M,1.078,word,word-reverse,seed-40354567,0.0
up,1M,2.152,raw,reverse,seed-40354564,0.00488
up,1M,2.152,raw,reverse,seed-40354565,0.00195
up,1M,2.152,raw,reverse,seed-40354566,0.00293
up,1M,2.152,raw,reverse,seed-40354567,0.00586
up,1M,2.152,raw,stack,seed-40354564,0.0
up,1M,2.152,raw,stack,seed-40354565,0.0
up,1M,2.152,raw,stack,seed-40354566,0.0
up,1M,2.152,raw,stack,seed-40354567,0.0
up,1M,2.152,raw,assoc,seed-40354564,0.0
up,1M,2.152,raw,assoc,seed-40354565,0.0
up,1M,2.152,raw,assoc,seed-40354566,0.0
up,1M,2.152,raw,assoc,seed-40354567,0.0
up,1M,2.152,raw,sum,seed-40354564,0.01562
up,1M,2.152,raw,sum,seed-40354565,0.01562
up,1M,2.152,raw,sum,seed-40354566,0.01562
up,1M,2.152,raw,sum,seed-40354567,0.01562
up,1M,2.152,raw,max,seed-40354564,0.0
up,1M,2.152,raw,max,seed-40354565,0.0
up,1M,2.152,raw,max,seed-40354566,0.0
up,1M,2.152,raw,max,seed-40354567,0.0
up,1M,2.152,raw,min,seed-40354564,0.01562
up,1M,2.152,raw,min,seed-40354565,0.0
up,1M,2.152,raw,min,seed-40354566,0.0
up,1M,2.152,raw,min,seed-40354567,0.0
up,1M,2.152,raw,first,seed-40354564,0.01562
up,1M,2.152,raw,first,seed-40354565,0.0
up,1M,2.152,raw,first,seed-40354566,0.0
up,1M,2.152,raw,first,seed-40354567,0.0
up,1M,2.152,raw,last,seed-40354564,0.01562
up,1M,2.152,raw,last,seed-40354565,0.0
up,1M,2.152,raw,last,seed-40354566,0.0
up,1M,2.152,raw,last,seed-40354567,0.01562
up,1M,2.152,text,first,seed-40354564,0.0
up,1M,2.152,text,first,seed-40354565,0.0
up,1M,2.152,text,first,seed-40354566,0.0
up,1M,2.152,text,first,seed-40354567,0.0
up,1M,2.152,text,last,seed-40354564,0.0
up,1M,2.152,text,last,seed-40354565,0.0
up,1M,2.152,text,last,seed-40354566,0.0
up,1M,2.152,text,last,seed-40354567,0.0
up,1M,2.152,text,max,seed-40354564,0.0
up,1M,2.152,text,max,seed-40354565,0.0
up,1M,2.152,text,max,seed-40354566,0.0
up,1M,2.152,text,max,seed-40354567,0.0
up,1M,2.152,text,min,seed-40354564,0.0
up,1M,2.152,text,min,seed-40354565,0.0
up,1M,2.152,text,min,seed-40354566,0.0
up,1M,2.152,text,min,seed-40354567,0.0
up,1M,2.152,text,stack,seed-40354564,0.0
up,1M,2.152,text,stack,seed-40354565,0.0
up,1M,2.152,text,stack,seed-40354566,0.0
up,1M,2.152,text,stack,seed-40354567,0.0
up,1M,2.152,text,assoc,seed-40354564,0.0
up,1M,2.152,text,assoc,seed-40354565,0.0
up,1M,2.152,text,assoc,seed-40354566,0.0
up,1M,2.152,text,assoc,seed-40354567,0.0
up,1M,2.152,text,sum,seed-40354564,0.0
up,1M,2.152,text,sum,seed-40354565,0.0
up,1M,2.152,text,sum,seed-40354566,0.0
up,1M,2.152,text,sum,seed-40354567,0.0
up,1M,2.152,text,reverse,seed-40354564,0.0
up,1M,2.152,text,reverse,seed-40354565,0.0
up,1M,2.152,text,reverse,seed-40354566,0.0
up,1M,2.152,text,reverse,seed-40354567,0.0
up,1M,2.152,text,cipher,seed-40354564,0.0
up,1M,2.152,text,cipher,seed-40354565,0.0
up,1M,2.152,text,cipher,seed-40354566,0.0
up,1M,2.152,text,cipher,seed-40354567,0.0
up,1M,2.152,word,classify-2,seed-40354564,0.0
up,1M,2.152,word,classify-2,seed-40354565,0.0
up,1M,2.152,word,classify-2,seed-40354566,0.0
up,1M,2.152,word,classify-2,seed-40354567,0.0
up,1M,2.152,word,classify-4,seed-40354564,0.0
up,1M,2.152,word,classify-4,seed-40354565,0.0
up,1M,2.152,word,classify-4,seed-40354566,0.0
up,1M,2.152,word,classify-4,seed-40354567,0.0
up,1M,2.152,word,lookup-4,seed-40354564,0.0
up,1M,2.152,word,lookup-4,seed-40354565,0.0
up,1M,2.152,word,lookup-4,seed-40354566,0.0
up,1M,2.152,word,lookup-4,seed-40354567,0.0
up,1M,2.152,word,word-reverse,seed-40354564,0.0
up,1M,2.152,word,word-reverse,seed-40354565,0.0
up,1M,2.152,word,word-reverse,seed-40354566,0.0
up,1M,2.152,word,word-reverse,seed-40354567,0.0
up,1M,4.299,raw,reverse,seed-40354564,0.00195
up,1M,4.299,raw,reverse,seed-40354565,0.00098
up,1M,4.299,raw,reverse,seed-40354566,0.00781
up,1M,4.299,raw,reverse,seed-40354567,0.00586
up,1M,4.299,raw,stack,seed-40354564,0.0
up,1M,4.299,raw,stack,seed-40354565,0.0
up,1M,4.299,raw,stack,seed-40354566,0.00781
up,1M,4.299,raw,stack,seed-40354567,0.0
up,1M,4.299,raw,assoc,seed-40354564,0.0
up,1M,4.299,raw,assoc,seed-40354565,0.0
up,1M,4.299,raw,assoc,seed-40354566,0.0
up,1M,4.299,raw,assoc,seed-40354567,0.0
up,1M,4.299,raw,sum,seed-40354564,0.01562
up,1M,4.299,raw,sum,seed-40354565,0.01562
up,1M,4.299,raw,sum,seed-40354566,0.0
up,1M,4.299,raw,sum,seed-40354567,0.0
up,1M,4.299,raw,max,seed-40354564,0.0
up,1M,4.299,raw,max,seed-40354565,0.0
up,1M,4.299,raw,max,seed-40354566,0.0
up,1M,4.299,raw,max,seed-40354567,0.01562
up,1M,4.299,raw,min,seed-40354564,0.01562
up,1M,4.299,raw,min,seed-40354565,0.0
up,1M,4.299,raw,min,seed-40354566,0.0
up,1M,4.299,raw,min,seed-40354567,0.01562
up,1M,4.299,raw,first,seed-40354564,0.0
up,1M,4.299,raw,first,seed-40354565,0.0
up,1M,4.299,raw,first,seed-40354566,0.0
up,1M,4.299,raw,first,seed-40354567,0.0
up,1M,4.299,raw,last,seed-40354564,0.0
up,1M,4.299,raw,last,seed-40354565,0.01562
up,1M,4.299,raw,last,seed-40354566,0.0
up,1M,4.299,raw,last,seed-40354567,0.01562
up,1M,4.299,text,first,seed-40354564,0.0
up,1M,4.299,text,first,seed-40354565,0.03125
up,1M,4.299,text,first,seed-40354566,0.0
up,1M,4.299,text,first,seed-40354567,0.0
up,1M,4.299,text,last,seed-40354564,0.0
up,1M,4.299,text,last,seed-40354565,0.07031
up,1M,4.299,text,last,seed-40354566,0.0
up,1M,4.299,text,last,seed-40354567,0.0
up,1M,4.299,text,max,seed-40354564,0.0
up,1M,4.299,text,max,seed-40354565,0.01562
up,1M,4.299,text,max,seed-40354566,0.0
up,1M,4.299,text,max,seed-40354567,0.0
up,1M,4.299,text,min,seed-40354564,0.0
up,1M,4.299,text,min,seed-40354565,0.0625
up,1M,4.299,text,min,seed-40354566,0.0
up,1M,4.299,text,min,seed-40354567,0.0
up,1M,4.299,text,stack,seed-40354564,0.0
up,1M,4.299,text,stack,seed-40354565,0.03125
up,1M,4.299,text,stack,seed-40354566,0.0
up,1M,4.299,text,stack,seed-40354567,0.0
up,1M,4.299,text,assoc,seed-40354564,0.0
up,1M,4.299,text,assoc,seed-40354565,0.0
up,1M,4.299,text,assoc,seed-40354566,0.0
up,1M,4.299,text,assoc,seed-40354567,0.0
up,1M,4.299,text,sum,seed-40354564,0.0
up,1M,4.299,text,sum,seed-40354565,0.0
up,1M,4.299,text,sum,seed-40354566,0.0
up,1M,4.299,text,sum,seed-40354567,0.0
up,1M,4.299,text,reverse,seed-40354564,0.0
up,1M,4.299,text,reverse,seed-40354565,0.0
up,1M,4.299,text,reverse,seed-40354566,0.0
up,1M,4.299,text,reverse,seed-40354567,0.0
up,1M,4.299,text,cipher,seed-40354564,0.0
up,1M,4.299,text,cipher,seed-40354565,0.0
up,1M,4.299,text,cipher,seed-40354566,0.0
up,1M,4.299,text,cipher,seed-40354567,0.0
up,1M,4.299,word,classify-2,seed-40354564,0.0
up,1M,4.299,word,classify-2,seed-40354565,0.02344
up,1M,4.299,word,classify-2,seed-40354566,0.0
up,1M,4.299,word,classify-2,seed-40354567,0.0
up,1M,4.299,word,classify-4,seed-40354564,0.0
up,1M,4.299,word,classify-4,seed-40354565,0.00781
up,1M,4.299,word,classify-4,seed-40354566,0.0
up,1M,4.299,word,classify-4,seed-40354567,0.0
up,1M,4.299,word,lookup-4,seed-40354564,0.0
up,1M,4.299,word,lookup-4,seed-40354565,0.01562
up,1M,4.299,word,lookup-4,seed-40354566,0.0
up,1M,4.299,word,lookup-4,seed-40354567,0.0
up,1M,4.299,word,word-reverse,seed-40354564,0.0
up,1M,4.299,word,word-reverse,seed-40354565,0.0
up,1M,4.299,word,word-reverse,seed-40354566,0.0
up,1M,4.299,word,word-reverse,seed-40354567,0.0
up,1M,8.594,raw,reverse,seed-40354564,0.00781
up,1M,8.594,raw,reverse,seed-40354565,0.00488
up,1M,8.594,raw,reverse,seed-40354566,0.00684
up,1M,8.594,raw,reverse,seed-40354567,0.00293
up,1M,8.594,raw,stack,seed-40354564,0.0
up,1M,8.594,raw,stack,seed-40354565,0.00781
up,1M,8.594,raw,stack,seed-40354566,0.0
up,1M,8.594,raw,stack,seed-40354567,0.0
up,1M,8.594,raw,assoc,seed-40354564,0.0
up,1M,8.594,raw,assoc,seed-40354565,0.0
up,1M,8.594,raw,assoc,seed-40354566,0.01562
up,1M,8.594,raw,assoc,seed-40354567,0.00781
up,1M,8.594,raw,sum,seed-40354564,0.0
up,1M,8.594,raw,sum,seed-40354565,0.03125
up,1M,8.594,raw,sum,seed-40354566,0.0
up,1M,8.594,raw,sum,seed-40354567,0.0
up,1M,8.594,raw,max,seed-40354564,0.0
up,1M,8.594,raw,max,seed-40354565,0.0
up,1M,8.594,raw,max,seed-40354566,0.01562
up,1M,8.594,raw,max,seed-40354567,0.0
up,1M,8.594,raw,min,seed-40354564,0.0
up,1M,8.594,raw,min,seed-40354565,0.0
up,1M,8.594,raw,min,seed-40354566,0.0
up,1M,8.594,raw,min,seed-40354567,0.01562
up,1M,8.594,raw,first,seed-40354564,0.0
up,1M,8.594,raw,first,seed-40354565,0.0
up,1M,8.594,raw,first,seed-40354566,0.0
up,1M,8.594,raw,first,seed-40354567,0.0
up,1M,8.594,raw,last,seed-40354564,0.0
up,1M,8.594,raw,last,seed-40354565,0.0
up,1M,8.594,raw,last,seed-40354566,0.01562
up,1M,8.594,raw,last,seed-40354567,0.0
up,1M,8.594,text,first,seed-40354564,0.0
up,1M,8.594,text,first,seed-40354565,0.0
up,1M,8.594,text,first,seed-40354566,0.01562
up,1M,8.594,text,first,seed-40354567,0.07031
up,1M,8.594,text,last,seed-40354564,0.0
up,1M,8.594,text,last,seed-40354565,0.0
up,1M,8.594,text,last,seed-40354566,0.03125
up,1M,8.594,text,last,seed-40354567,0.03906
up,1M,8.594,text,max,seed-40354564,0.0
up,1M,8.594,text,max,seed-40354565,0.0
up,1M,8.594,text,max,seed-40354566,0.02344
up,1M,8.594,text,max,seed-40354567,0.04688
up,1M,8.594,text,min,seed-40354564,0.0
up,1M,8.594,text,min,seed-40354565,0.0
up,1M,8.594,text,min,seed-40354566,0.07031
up,1M,8.594,text,min,seed-40354567,0.0
up,1M,8.594,text,stack,seed-40354564,0.0
up,1M,8.594,text,stack,seed-40354565,0.0
up,1M,8.594,text,stack,seed-40354566,0.0
up,1M,8.594,text,stack,seed-40354567,0.0
up,1M,8.594,text,assoc,seed-40354564,0.0
up,1M,8.594,text,assoc,seed-40354565,0.0
up,1M,8.594,text,assoc,seed-40354566,0.01562
up,1M,8.594,text,assoc,seed-40354567,0.0625
up,1M,8.594,text,sum,seed-40354564,0.0
up,1M,8.594,text,sum,seed-40354565,0.0
up,1M,8.594,text,sum,seed-40354566,0.0
up,1M,8.594,text,sum,seed-40354567,0.0
up,1M,8.594,text,reverse,seed-40354564,0.0
up,1M,8.594,text,reverse,seed-40354565,0.0
up,1M,8.594,text,reverse,seed-40354566,0.0
up,1M,8.594,text,reverse,seed-40354567,0.0
up,1M,8.594,text,cipher,seed-40354564,0.0
up,1M,8.594,text,cipher,seed-40354565,0.0
up,1M,8.594,text,cipher,seed-40354566,0.0
up,1M,8.594,text,cipher,seed-40354567,0.0
up,1M,8.594,word,classify-2,seed-40354564,0.0
up,1M,8.594,word,classify-2,seed-40354565,0.0
up,1M,8.594,word,classify-2,seed-40354566,0.07812
up,1M,8.594,word,classify-2,seed-40354567,0.01562
up,1M,8.594,word,classify-4,seed-40354564,0.0
up,1M,8.594,word,classify-4,seed-40354565,0.0
up,1M,8.594,word,classify-4,seed-40354566,0.05469
up,1M,8.594,word,classify-4,seed-40354567,0.01562
up,1M,8.594,word,lookup-4,seed-40354564,0.0
up,1M,8.594,word,lookup-4,seed-40354565,0.0
up,1M,8.594,word,lookup-4,seed-40354566,0.03906
up,1M,8.594,word,lookup-4,seed-40354567,0.01562
up,1M,8.594,word,word-reverse,seed-40354564,0.0
up,1M,8.594,word,word-reverse,seed-40354565,0.0
up,1M,8.594,word,word-reverse,seed-40354566,0.0
up,1M,8.594,word,word-reverse,seed-40354567,0.0
up,1M,11.815,raw,reverse,seed-40354564,0.00879
up,1M,11.815,raw,reverse,seed-40354565,0.00293
up,1M,11.815,raw,reverse,seed-40354566,0.00781
up,1M,11.815,raw,reverse,seed-40354567,0.00195
up,1M,11.815,raw,stack,seed-40354564,0.00781
up,1M,11.815,raw,stack,seed-40354565,0.0
up,1M,11.815,raw,stack,seed-40354566,0.0
up,1M,11.815,raw,stack,seed-40354567,0.0
up,1M,11.815,raw,assoc,seed-40354564,0.0
up,1M,11.815,raw,assoc,seed-40354565,0.0
up,1M,11.815,raw,assoc,seed-40354566,0.0
up,1M,11.815,raw,assoc,seed-40354567,0.00781
up,1M,11.815,raw,sum,seed-40354564,0.0
up,1M,11.815,raw,sum,seed-40354565,0.0
up,1M,11.815,raw,sum,seed-40354566,0.01562
up,1M,11.815,raw,sum,seed-40354567,0.01562
up,1M,11.815,raw,max,seed-40354564,0.0
up,1M,11.815,raw,max,seed-40354565,0.0
up,1M,11.815,raw,max,seed-40354566,0.03125
up,1M,11.815,raw,max,seed-40354567,0.0
up,1M,11.815,raw,min,seed-40354564,0.01562
up,1M,11.815,raw,min,seed-40354565,0.01562
up,1M,11.815,raw,min,seed-40354566,0.01562
up,1M,11.815,raw,min,seed-40354567,0.0
up,1M,11.815,raw,first,seed-40354564,0.0
up,1M,11.815,raw,first,seed-40354565,0.0
up,1M,11.815,raw,first,seed-40354566,0.0
up,1M,11.815,raw,first,seed-40354567,0.0
up,1M,11.815,raw,last,seed-40354564,0.01562
up,1M,11.815,raw,last,seed-40354565,0.0
up,1M,11.815,raw,last,seed-40354566,0.01562
up,1M,11.815,raw,last,seed-40354567,0.04688
up,1M,11.815,text,first,seed-40354564,0.0
up,1M,11.815,text,first,seed-40354565,0.03125
up,1M,11.815,text,first,seed-40354566,0.0
up,1M,11.815,text,first,seed-40354567,0.0
up,1M,11.815,text,last,seed-40354564,0.0
up,1M,11.815,text,last,seed-40354565,0.05469
up,1M,11.815,text,last,seed-40354566,0.0
up,1M,11.815,text,last,seed-40354567,0.0
up,1M,11.815,text,max,seed-40354564,0.0
up,1M,11.815,text,max,seed-40354565,0.07031
up,1M,11.815,text,max,seed-40354566,0.0
up,1M,11.815,text,max,seed-40354567,0.0
up,1M,11.815,text,min,seed-40354564,0.0
up,1M,11.815,text,min,seed-40354565,0.02344
up,1M,11.815,text,min,seed-40354566,0.0
up,1M,11.815,text,min,seed-40354567,0.0
up,1M,11.815,text,stack,seed-40354564,0.0
up,1M,11.815,text,stack,seed-40354565,0.0
up,1M,11.815,text,stack,seed-40354566,0.00781
up,1M,11.815,text,stack,seed-40354567,0.0
up,1M,11.815,text,assoc,seed-40354564,0.00781
up,1M,11.815,text,assoc,seed-40354565,0.03125
up,1M,11.815,text,assoc,seed-40354566,0.0
up,1M,11.815,text,assoc,seed-40354567,0.0
up,1M,11.815,text,sum,seed-40354564,0.0
up,1M,11.815,text,sum,seed-40354565,0.0
up,1M,11.815,text,sum,seed-40354566,0.0
up,1M,11.815,text,sum,seed-40354567,0.0
up,1M,11.815,text,reverse,seed-40354564,0.0
up,1M,11.815,text,reverse,seed-40354565,0.0
up,1M,11.815,text,reverse,seed-40354566,0.0
up,1M,11.815,text,reverse,seed-40354567,0.0
up,1M,11.815,text,cipher,seed-40354564,0.0
up,1M,11.815,text,cipher,seed-40354565,0.0
up,1M,11.815,text,cipher,seed-40354566,0.0
up,1M,11.815,text,cipher,seed-40354567,0.0
up,1M,11.815,word,classify-2,seed-40354564,0.03125
up,1M,11.815,word,classify-2,seed-40354565,0.03125
up,1M,11.815,word,classify-2,seed-40354566,0.0
up,1M,11.815,word,classify-2,seed-40354567,0.0
up,1M,11.815,word,classify-4,seed-40354564,0.03125
up,1M,11.815,word,classify-4,seed-40354565,0.04688
up,1M,11.815,word,classify-4,seed-40354566,0.0
up,1M,11.815,word,classify-4,seed-40354567,0.0
up,1M,11.815,word,lookup-4,seed-40354564,0.03125
up,1M,11.815,word,lookup-4,seed-40354565,0.02344
up,1M,11.815,word,lookup-4,seed-40354566,0.0
up,1M,11.815,word,lookup-4,seed-40354567,0.0
up,1M,11.815,word,word-reverse,seed-40354564,0.0
up,1M,11.815,word,word-reverse,seed-40354565,0.0
up,1M,11.815,word,word-reverse,seed-40354566,0.0
up,1M,11.815,word,word-reverse,seed-40354567,0.0
up,1M,34.36,raw,reverse,seed-40354564,0.00098
up,1M,34.36,raw,reverse,seed-40354565,0.00586
up,1M,34.36,raw,reverse,seed-40354566,0.00293
up,1M,34.36,raw,reverse,seed-40354567,0.00293
up,1M,34.36,raw,stack,seed-40354564,0.0
up,1M,34.36,raw,stack,seed-40354565,0.0
up,1M,34.36,raw,stack,seed-40354566,0.0
up,1M,34.36,raw,stack,seed-40354567,0.0
up,1M,34.36,raw,assoc,seed-40354564,0.0
up,1M,34.36,raw,assoc,seed-40354565,0.00781
up,1M,34.36,raw,assoc,seed-40354566,0.00781
up,1M,34.36,raw,assoc,seed-40354567,0.01562
up,1M,34.36,raw,sum,seed-40354564,0.01562
up,1M,34.36,raw,sum,seed-40354565,0.0
up,1M,34.36,raw,sum,seed-40354566,0.0
up,1M,34.36,raw,sum,seed-40354567,0.0
up,1M,34.36,raw,max,seed-40354564,0.0
up,1M,34.36,raw,max,seed-40354565,0.0
up,1M,34.36,raw,max,seed-40354566,0.0
up,1M,34.36,raw,max,seed-40354567,0.01562
up,1M,34.36,raw,min,seed-40354564,0.0
up,1M,34.36,raw,min,seed-40354565,0.0
up,1M,34.36,raw,min,seed-40354566,0.0
up,1M,34.36,raw,min,seed-40354567,0.03125
up,1M,34.36,raw,first,seed-40354564,0.0
up,1M,34.36,raw,first,seed-40354565,0.0
up,1M,34.36,raw,first,seed-40354566,0.01562
up,1M,34.36,raw,first,seed-40354567,0.0
up,1M,34.36,raw,last,seed-40354564,0.01562
up,1M,34.36,raw,last,seed-40354565,0.03125
up,1M,34.36,raw,last,seed-40354566,0.03125
up,1M,34.36,raw,last,seed-40354567,0.03125
up,1M,34.36,text,first,seed-40354564,0.03906
up,1M,34.36,text,first,seed-40354565,0.0
up,1M,34.36,text,first,seed-40354566,0.00781
up,1M,34.36,text,first,seed-40354567,0.0
up,1M,34.36,text,last,seed-40354564,0.03125
up,1M,34.36,text,last,seed-40354565,0.0
up,1M,34.36,text,last,seed-40354566,0.03125
up,1M,34.36,text,last,seed-40354567,0.0
up,1M,34.36,text,max,seed-40354564,0.00781
up,1M,34.36,text,max,seed-40354565,0.0
up,1M,34.36,text,max,seed-40354566,0.0
up,1M,34.36,text,max,seed-40354567,0.0
up,1M,34.36,text,min,seed-40354564,0.04688
up,1M,34.36,text,min,seed-40354565,0.0
up,1M,34.36,text,min,seed-40354566,0.02344
up,1M,34.36,text,min,seed-40354567,0.0
up,1M,34.36,text,stack,seed-40354564,0.0
up,1M,34.36,text,stack,seed-40354565,0.0
up,1M,34.36,text,stack,seed-40354566,0.00781
up,1M,34.36,text,stack,seed-40354567,0.0
up,1M,34.36,text,assoc,seed-40354564,0.03125
up,1M,34.36,text,assoc,seed-40354565,0.0
up,1M,34.36,text,assoc,seed-40354566,0.03906
up,1M,34.36,text,assoc,seed-40354567,0.0
up,1M,34.36,text,sum,seed-40354564,0.0
up,1M,34.36,text,sum,seed-40354565,0.0
up,1M,34.36,text,sum,seed-40354566,0.0
up,1M,34.36,text,sum,seed-40354567,0.0
up,1M,34.36,text,reverse,seed-40354564,0.0
up,1M,34.36,text,reverse,seed-40354565,0.0
up,1M,34.36,text,reverse,seed-40354566,0.0
up,1M,34.36,text,reverse,seed-40354567,0.0
up,1M,34.36,text,cipher,seed-40354564,0.0
up,1M,34.36,text,cipher,seed-40354565,0.0
up,1M,34.36,text,cipher,seed-40354566,0.0
up,1M,34.36,text,cipher,seed-40354567,0.0
up,1M,34.36,word,classify-2,seed-40354564,0.03125
up,1M,34.36,word,classify-2,seed-40354565,0.0
up,1M,34.36,word,classify-2,seed-40354566,0.01562
up,1M,34.36,word,classify-2,seed-40354567,0.0
up,1M,34.36,word,classify-4,seed-40354564,0.0625
up,1M,34.36,word,classify-4,seed-40354565,0.0
up,1M,34.36,word,classify-4,seed-40354566,0.02344
up,1M,34.36,word,classify-4,seed-40354567,0.0
up,1M,34.36,word,lookup-4,seed-40354564,0.04688
up,1M,34.36,word,lookup-4,seed-40354565,0.0
up,1M,34.36,word,lookup-4,seed-40354566,0.02344
up,1M,34.36,word,lookup-4,seed-40354567,0.0
up,1M,34.36,word,word-reverse,seed-40354564,0.0
up,1M,34.36,word,word-reverse,seed-40354565,0.0
up,1M,34.36,word,word-reverse,seed-40354566,0.0
up,1M,34.36,word,word-reverse,seed-40354567,0.0
up,3M,0.008,raw,reverse,seed-40354564,0.00293
up,3M,0.008,raw,reverse,seed-40354565,0.00293
up,3M,0.008,raw,reverse,seed-40354566,0.00293
up,3M,0.008,raw,reverse,seed-40354567,0.00098
up,3M,0.008,raw,stack,seed-40354564,0.0
up,3M,0.008,raw,stack,seed-40354565,0.01562
up,3M,0.008,raw,stack,seed-40354566,0.00781
up,3M,0.008,raw,stack,seed-40354567,0.0
up,3M,0.008,raw,assoc,seed-40354564,0.0
up,3M,0.008,raw,assoc,seed-40354565,0.0
up,3M,0.008,raw,assoc,seed-40354566,0.0
up,3M,0.008,raw,assoc,seed-40354567,0.0
up,3M,0.008,raw,sum,seed-40354564,0.0
up,3M,0.008,raw,sum,seed-40354565,0.01562
up,3M,0.008,raw,sum,seed-40354566,0.0
up,3M,0.008,raw,sum,seed-40354567,0.0
up,3M,0.008,raw,max,seed-40354564,0.0
up,3M,0.008,raw,max,seed-40354565,0.01562
up,3M,0.008,raw,max,seed-40354566,0.0
up,3M,0.008,raw,max,seed-40354567,0.04688
up,3M,0.008,raw,min,seed-40354564,0.0
up,3M,0.008,raw,min,seed-40354565,0.0
up,3M,0.008,raw,min,seed-40354566,0.0
up,3M,0.008,raw,min,seed-40354567,0.01562
up,3M,0.008,raw,first,seed-40354564,0.0
up,3M,0.008,raw,first,seed-40354565,0.0
up,3M,0.008,raw,first,seed-40354566,0.0
up,3M,0.008,raw,first,seed-40354567,0.0
up,3M,0.008,raw,last,seed-40354564,0.0
up,3M,0.008,raw,last,seed-40354565,0.0
up,3M,0.008,raw,last,seed-40354566,0.0
up,3M,0.008,raw,last,seed-40354567,0.0
up,3M,0.008,text,first,seed-40354564,0.0
up,3M,0.008,text,first,seed-40354565,0.01562
up,3M,0.008,text,first,seed-40354566,0.04688
up,3M,0.008,text,first,seed-40354567,0.00781
up,3M,0.008,text,last,seed-40354564,0.0
up,3M,0.008,text,last,seed-40354565,0.00781
up,3M,0.008,text,last,seed-40354566,0.00781
up,3M,0.008,text,last,seed-40354567,0.0
up,3M,0.008,text,max,seed-40354564,0.0
up,3M,0.008,text,max,seed-40354565,0.02344
up,3M,0.008,text,max,seed-40354566,0.00781
up,3M,0.008,text,max,seed-40354567,0.0
up,3M,0.008,text,min,seed-40354564,0.0
up,3M,0.008,text,min,seed-40354565,0.0
up,3M,0.008,text,min,seed-40354566,0.01562
up,3M,0.008,text,min,seed-40354567,0.0
up,3M,0.008,text,stack,seed-40354564,0.0
up,3M,0.008,text,stack,seed-40354565,0.00781
up,3M,0.008,text,stack,seed-40354566,0.00781
up,3M,0.008,text,stack,seed-40354567,0.02344
up,3M,0.008,text,assoc,seed-40354564,0.0
up,3M,0.008,text,assoc,seed-40354565,0.03125
up,3M,0.008,text,assoc,seed-40354566,0.01562
up,3M,0.008,text,assoc,seed-40354567,0.0
up,3M,0.008,text,sum,seed-40354564,0.0
up,3M,0.008,text,sum,seed-40354565,0.0
up,3M,0.008,text,sum,seed-40354566,0.0
up,3M,0.008,text,sum,seed-40354567,0.0
up,3M,0.008,text,reverse,seed-40354564,0.0
up,3M,0.008,text,reverse,seed-40354565,0.0
up,3M,0.008,text,reverse,seed-40354566,0.0
up,3M,0.008,text,reverse,seed-40354567,0.0
up,3M,0.008,text,cipher,seed-40354564,0.0
up,3M,0.008,text,cipher,seed-40354565,0.0
up,3M,0.008,text,cipher,seed-40354566,0.0
up,3M,0.008,text,cipher,seed-40354567,0.0
up,3M,0.008,word,classify-2,seed-40354564,0.0
up,3M,0.008,word,classify-2,seed-40354565,0.01562
up,3M,0.008,word,classify-2,seed-40354566,0.0
up,3M,0.008,word,classify-2,seed-40354567,0.0
up,3M,0.008,word,classify-4,seed-40354564,0.0
up,3M,0.008,word,classify-4,seed-40354565,0.0
up,3M,0.008,word,classify-4,seed-40354566,0.00781
up,3M,0.008,word,classify-4,seed-40354567,0.0
up,3M,0.008,word,lookup-4,seed-40354564,0.0
up,3M,0.008,word,lookup-4,seed-40354565,0.0
up,3M,0.008,word,lookup-4,seed-40354566,0.00781
up,3M,0.008,word,lookup-4,seed-40354567,0.0
up,3M,0.008,word,word-reverse,seed-40354564,0.0
up,3M,0.008,word,word-reverse,seed-40354565,0.0
up,3M,0.008,word,word-reverse,seed-40354566,0.0
up,3M,0.008,word,word-reverse,seed-40354567,0.0
up,3M,2.156,raw,reverse,seed-40354564,0.00391
up,3M,2.156,raw,reverse,seed-40354565,0.00391
up,3M,2.156,raw,reverse,seed-40354566,0.00488
up,3M,2.156,raw,reverse,seed-40354567,0.00195
up,3M,2.156,raw,stack,seed-40354564,0.0
up,3M,2.156,raw,stack,seed-40354565,0.00781
up,3M,2.156,raw,stack,seed-40354566,0.00781
up,3M,2.156,raw,stack,seed-40354567,0.0
up,3M,2.156,raw,assoc,seed-40354564,0.0
up,3M,2.156,raw,assoc,seed-40354565,0.00781
up,3M,2.156,raw,assoc,seed-40354566,0.0
up,3M,2.156,raw,assoc,seed-40354567,0.0
up,3M,2.156,raw,sum,seed-40354564,0.01562
up,3M,2.156,raw,sum,seed-40354565,0.01562
up,3M,2.156,raw,sum,seed-40354566,0.0
up,3M,2.156,raw,sum,seed-40354567,0.01562
up,3M,2.156,raw,max,seed-40354564,0.0
up,3M,2.156,raw,max,seed-40354565,0.0
up,3M,2.156,raw,max,seed-40354566,0.0
up,3M,2.156,raw,max,seed-40354567,0.03125
up,3M,2.156,raw,min,seed-40354564,0.0
up,3M,2.156,raw,min,seed-40354565,0.01562
up,3M,2.156,raw,min,seed-40354566,0.0
up,3M,2.156,raw,min,seed-40354567,0.0
up,3M,2.156,raw,first,seed-40354564,0.0
up,3M,2.156,raw,first,seed-40354565,0.03125
up,3M,2.156,raw,first,seed-40354566,0.0
up,3M,2.156,raw,first,seed-40354567,0.0
up,3M,2.156,raw,last,seed-40354564,0.01562
up,3M,2.156,raw,last,seed-40354565,0.0
up,3M,2.156,raw,last,seed-40354566,0.01562
up,3M,2.156,raw,last,seed-40354567,0.03125
up,3M,2.156,text,first,seed-40354564,0.0
up,3M,2.156,text,first,seed-40354565,0.0
up,3M,2.156,text,first,seed-40354566,0.00781
up,3M,2.156,text,first,seed-40354567,0.0
up,3M,2.156,text,last,seed-40354564,0.0
up,3M,2.156,text,last,seed-40354565,0.0
up,3M,2.156,text,last,seed-40354566,0.04688
up,3M,2.156,text,last,seed-40354567,0.0
up,3M,2.156,text,max,seed-40354564,0.0
up,3M,2.156,text,max,seed-40354565,0.0
up,3M,2.156,text,max,seed-40354566,0.00781
up,3M,2.156,text,max,seed-40354567,0.0
up,3M,2.156,text,min,seed-40354564,0.0
up,3M,2.156,text,min,seed-40354565,0.0
up,3M,2.156,text,min,seed-40354566,0.09375
up,3M,2.156,text,min,seed-40354567,0.0
up,3M,2.156,text,stack,seed-40354564,0.0
up,3M,2.156,text,stack,seed-40354565,0.0
up,3M,2.156,text,stack,seed-40354566,0.02344
up,3M,2.156,text,stack,seed-40354567,0.0
up,3M,2.156,text,assoc,seed-40354564,0.0
up,3M,2.156,text,assoc,seed-40354565,0.0
up,3M,2.156,text,assoc,seed-40354566,0.07031
up,3M,2.156,text,assoc,seed-40354567,0.0
up,3M,2.156,text,sum,seed-40354564,0.0
up,3M,2.156,text,sum,seed-40354565,0.0
up,3M,2.156,text,sum,seed-40354566,0.0
up,3M,2.156,text,sum,seed-40354567,0.0
up,3M,2.156,text,reverse,seed-40354564,0.0
up,3M,2.156,text,reverse,seed-40354565,0.0
up,3M,2.156,text,reverse,seed-40354566,0.0
up,3M,2.156,text,reverse,seed-40354567,0.0
up,3M,2.156,text,cipher,seed-40354564,0.0
up,3M,2.156,text,cipher,seed-40354565,0.0
up,3M,2.156,text,cipher,seed-40354566,0.0
up,3M,2.156,text,cipher,seed-40354567,0.0
up,3M,2.156,word,classify-2,seed-40354564,0.0
up,3M,2.156,word,classify-2,seed-40354565,0.0
up,3M,2.156,word,classify-2,seed-40354566,0.03125
up,3M,2.156,word,classify-2,seed-40354567,0.0
up,3M,2.156,word,classify-4,seed-40354564,0.0
up,3M,2.156,word,classify-4,seed-40354565,0.0
up,3M,2.156,word,classify-4,seed-40354566,0.04688
up,3M,2.156,word,classify-4,seed-40354567,0.0
up,3M,2.156,word,lookup-4,seed-40354564,0.0
up,3M,2.156,word,lookup-4,seed-40354565,0.0
up,3M,2.156,word,lookup-4,seed-40354566,0.04688
up,3M,2.156,word,lookup-4,seed-40354567,0.0
up,3M,2.156,word,word-reverse,seed-40354564,0.0
up,3M,2.156,word,word-reverse,seed-40354565,0.0
up,3M,2.156,word,word-reverse,seed-40354566,0.0
up,3M,2.156,word,word-reverse,seed-40354567,0.0
up,3M,4.303,raw,reverse,seed-40354564,0.00098
up,3M,4.303,raw,reverse,seed-40354565,0.00879
up,3M,4.303,raw,reverse,seed-40354566,0.00488
up,3M,4.303,raw,reverse,seed-40354567,0.00586
up,3M,4.303,raw,stack,seed-40354564,0.0
up,3M,4.303,raw,stack,seed-40354565,0.00781
up,3M,4.303,raw,stack,seed-40354566,0.0
up,3M,4.303,raw,stack,seed-40354567,0.0
up,3M,4.303,raw,assoc,seed-40354564,0.01562
up,3M,4.303,raw,assoc,seed-40354565,0.00781
up,3M,4.303,raw,assoc,seed-40354566,0.01562
up,3M,4.303,raw,assoc,seed-40354567,0.00781
up,3M,4.303,raw,sum,seed-40354564,0.0
up,3M,4.303,raw,sum,seed-40354565,0.01562
up,3M,4.303,raw,sum,seed-40354566,0.0
up,3M,4.303,raw,sum,seed-40354567,0.0
up,3M,4.303,raw,max,seed-40354564,0.01562
up,3M,4.303,raw,max,seed-40354565,0.0
up,3M,4.303,raw,max,seed-40354566,0.01562
up,3M,4.303,raw,max,seed-40354567,0.03125
up,3M,4.303,raw,min,seed-40354564,0.01562
up,3M,4.303,raw,min,seed-40354565,0.01562
up,3M,4.303,raw,min,seed-40354566,0.01562
up,3M,4.303,raw,min,seed-40354567,0.07812
up,3M,4.303,raw,first,seed-40354564,0.0
up,3M,4.303,raw,first,seed-40354565,0.0
up,3M,4.303,raw,first,seed-40354566,0.0
up,3M,4.303,raw,first,seed-40354567,0.0
up,3M,4.303,raw,last,seed-40354564,0.03125
up,3M,4.303,raw,last,seed-40354565,0.0625
up,3M,4.303,raw,last,seed-40354566,0.01562
up,3M,4.303,raw,last,seed-40354567,0.01562
up,3M,4.303,text,first,seed-40354564,0.0
up,3M,4.303,text,first,seed-40354565,0.0
up,3M,4.303,text,first,seed-40354566,0.0
up,3M,4.303,text,first,seed-40354567,0.0
up,3M,4.303,text,last,seed-40354564,0.0
up,3M,4.303,text,last,seed-40354565,0.0
up,3M,4.303,text,last,seed-40354566,0.0
up,3M,4.303,text,last,seed-40354567,0.0
up,3M,4.303,text,max,seed-40354564,0.0
up,3M,4.303,text,max,seed-40354565,0.0
up,3M,4.303,text,max,seed-40354566,0.0
up,3M,4.303,text,max,seed-40354567,0.0
up,3M,4.303,text,min,seed-40354564,0.0
up,3M,4.303,text,min,seed-40354565,0.0
up,3M,4.303,text,min,seed-40354566,0.0
up,3M,4.303,text,min,seed-40354567,0.0
up,3M,4.303,text,stack,seed-40354564,0.0
up,3M,4.303,text,stack,seed-40354565,0.0
up,3M,4.303,text,stack,seed-40354566,0.02344
up,3M,4.303,text,stack,seed-40354567,0.03125
up,3M,4.303,text,assoc,seed-40354564,0.0
up,3M,4.303,text,assoc,seed-40354565,0.0
up,3M,4.303,text,assoc,seed-40354566,0.00781
up,3M,4.303,text,assoc,seed-40354567,0.0
up,3M,4.303,text,sum,seed-40354564,0.0
up,3M,4.303,text,sum,seed-40354565,0.0
up,3M,4.303,text,sum,seed-40354566,0.0
up,3M,4.303,text,sum,seed-40354567,0.0
up,3M,4.303,text,reverse,seed-40354564,0.0
up,3M,4.303,text,reverse,seed-40354565,0.0
up,3M,4.303,text,reverse,seed-40354566,0.0
up,3M,4.303,text,reverse,seed-40354567,0.0
up,3M,4.303,text,cipher,seed-40354564,0.0
up,3M,4.303,text,cipher,seed-40354565,0.0
up,3M,4.303,text,cipher,seed-40354566,0.0
up,3M,4.303,text,cipher,seed-40354567,0.0
up,3M,4.303,word,classify-2,seed-40354564,0.02344
up,3M,4.303,word,classify-2,seed-40354565,0.0
up,3M,4.303,word,classify-2,seed-40354566,0.0
up,3M,4.303,word,classify-2,seed-40354567,0.0
up,3M,4.303,word,classify-4,seed-40354564,0.00781
up,3M,4.303,word,classify-4,seed-40354565,0.0
up,3M,4.303,word,classify-4,seed-40354566,0.0
up,3M,4.303,word,classify-4,seed-40354567,0.0
up,3M,4.303,word,lookup-4,seed-40354564,0.01562
up,3M,4.303,word,lookup-4,seed-40354565,0.0
up,3M,4.303,word,lookup-4,seed-40354566,0.0
up,3M,4.303,word,lookup-4,seed-40354567,0.0
up,3M,4.303,word,word-reverse,seed-40354564,0.0
up,3M,4.303,word,word-reverse,seed-40354565,0.0
up,3M,4.303,word,word-reverse,seed-40354566,0.0
up,3M,4.303,word,word-reverse,seed-40354567,0.0
up,3M,8.598,raw,reverse,seed-40354564,0.00781
up,3M,8.598,raw,reverse,seed-40354565,0.00879
up,3M,8.598,raw,reverse,seed-40354566,0.0
up,3M,8.598,raw,reverse,seed-40354567,0.00684
up,3M,8.598,raw,stack,seed-40354564,0.00781
up,3M,8.598,raw,stack,seed-40354565,0.0
up,3M,8.598,raw,stack,seed-40354566,0.0
up,3M,8.598,raw,stack,seed-40354567,0.0
up,3M,8.598,raw,assoc,seed-40354564,0.0
up,3M,8.598,raw,assoc,seed-40354565,0.01562
up,3M,8.598,raw,assoc,seed-40354566,0.0
up,3M,8.598,raw,assoc,seed-40354567,0.0
up,3M,8.598,raw,sum,seed-40354564,0.01562
up,3M,8.598,raw,sum,seed-40354565,0.01562
up,3M,8.598,raw,sum,seed-40354566,0.01562
up,3M,8.598,raw,sum,seed-40354567,0.0
up,3M,8.598,raw,max,seed-40354564,0.01562
up,3M,8.598,raw,max,seed-40354565,0.03125
up,3M,8.598,raw,max,seed-40354566,0.0
up,3M,8.598,raw,max,seed-40354567,0.04688
up,3M,8.598,raw,min,seed-40354564,0.01562
up,3M,8.598,raw,min,seed-40354565,0.0
up,3M,8.598,raw,min,seed-40354566,0.0
up,3M,8.598,raw,min,seed-40354567,0.03125
up,3M,8.598,raw,first,seed-40354564,0.0
up,3M,8.598,raw,first,seed-40354565,0.0
up,3M,8.598,raw,first,seed-40354566,0.0
up,3M,8.598,raw,first,seed-40354567,0.0
up,3M,8.598,raw,last,seed-40354564,0.03125
up,3M,8.598,raw,last,seed-40354565,0.03125
up,3M,8.598,raw,last,seed-40354566,0.0
up,3M,8.598,raw,last,seed-40354567,0.04688
up,3M,8.598,text,first,seed-40354564,0.0
up,3M,8.598,text,first,seed-40354565,0.0
up,3M,8.598,text,first,seed-40354566,0.0
up,3M,8.598,text,first,seed-40354567,0.02344
up,3M,8.598,text,last,seed-40354564,0.0
up,3M,8.598,text,last,seed-40354565,0.0
up,3M,8.598,text,last,seed-40354566,0.0
up,3M,8.598,text,last,seed-40354567,0.02344
up,3M,8.598,text,max,seed-40354564,0.0
up,3M,8.598,text,max,seed-40354565,0.0
up,3M,8.598,text,max,seed-40354566,0.0
up,3M,8.598,text,max,seed-40354567,0.00781
up,3M,8.598,text,min,seed-40354564,0.0
up,3M,8.598,text,min,seed-40354565,0.0
up,3M,8.598,text,min,seed-40354566,0.0
up,3M,8.598,text,min,seed-40354567,0.07031
up,3M,8.598,text,stack,seed-40354564,0.0
up,3M,8.598,text,stack,seed-40354565,0.0
up,3M,8.598,text,stack,seed-40354566,0.0
up,3M,8.598,text,stack,seed-40354567,0.01562
up,3M,8.598,text,assoc,seed-40354564,0.0
up,3M,8.598,text,assoc,seed-40354565,0.0
up,3M,8.598,text,assoc,seed-40354566,0.0
up,3M,8.598,text,assoc,seed-40354567,0.03906
up,3M,8.598,text,sum,seed-40354564,0.0
up,3M,8.598,text,sum,seed-40354565,0.0
up,3M,8.598,text,sum,seed-40354566,0.0
up,3M,8.598,text,sum,seed-40354567,0.0
up,3M,8.598,text,reverse,seed-40354564,0.0
up,3M,8.598,text,reverse,seed-40354565,0.0
up,3M,8.598,text,reverse,seed-40354566,0.0
up,3M,8.598,text,reverse,seed-40354567,0.0
up,3M,8.598,text,cipher,seed-40354564,0.0
up,3M,8.598,text,cipher,seed-40354565,0.0
up,3M,8.598,text,cipher,seed-40354566,0.0
up,3M,8.598,text,cipher,seed-40354567,0.0
up,3M,8.598,word,classify-2,seed-40354564,0.0
up,3M,8.598,word,classify-2,seed-40354565,0.0
up,3M,8.598,word,classify-2,seed-40354566,0.0
up,3M,8.598,word,classify-2,seed-40354567,0.03125
up,3M,8.598,word,classify-4,seed-40354564,0.03125
up,3M,8.598,word,classify-4,seed-40354565,0.0
up,3M,8.598,word,classify-4,seed-40354566,0.0
up,3M,8.598,word,classify-4,seed-40354567,0.04688
up,3M,8.598,word,lookup-4,seed-40354564,0.01562
up,3M,8.598,word,lookup-4,seed-40354565,0.0
up,3M,8.598,word,lookup-4,seed-40354566,0.0
up,3M,8.598,word,lookup-4,seed-40354567,0.01562
up,3M,8.598,word,word-reverse,seed-40354564,0.0
up,3M,8.598,word,word-reverse,seed-40354565,0.0
up,3M,8.598,word,word-reverse,seed-40354566,0.0
up,3M,8.598,word,word-reverse,seed-40354567,0.0
up,3M,17.188,raw,reverse,seed-40354564,0.02148
up,3M,17.188,raw,reverse,seed-40354565,0.03223
up,3M,17.188,raw,reverse,seed-40354566,0.01465
up,3M,17.188,raw,reverse,seed-40354567,0.02344
up,3M,17.188,raw,stack,seed-40354564,0.0
up,3M,17.188,raw,stack,seed-40354565,0.0
up,3M,17.188,raw,stack,seed-40354566,0.0
up,3M,17.188,raw,stack,seed-40354567,0.0
up,3M,17.188,raw,assoc,seed-40354564,0.0
up,3M,17.188,raw,assoc,seed-40354565,0.00781
up,3M,17.188,raw,assoc,seed-40354566,0.00781
up,3M,17.188,raw,assoc,seed-40354567,0.0
up,3M,17.188,raw,sum,seed-40354564,0.01562
up,3M,17.188,raw,sum,seed-40354565,0.0
up,3M,17.188,raw,sum,seed-40354566,0.01562
up,3M,17.188,raw,sum,seed-40354567,0.0
up,3M,17.188,raw,max,seed-40354564,0.09375
up,3M,17.188,raw,max,seed-40354565,0.14062
up,3M,17.188,raw,max,seed-40354566,0.10938
up,3M,17.188,raw,max,seed-40354567,0.07812
up,3M,17.188,raw,min,seed-40354564,0.0625
up,3M,17.188,raw,min,seed-40354565,0.125
up,3M,17.188,raw,min,seed-40354566,0.10938
up,3M,17.188,raw,min,seed-40354567,0.14062
up,3M,17.188,raw,first,seed-40354564,0.01562
up,3M,17.188,raw,first,seed-40354565,0.03125
up,3M,17.188,raw,first,seed-40354566,0.0
up,3M,17.188,raw,first,seed-40354567,0.0
up,3M,17.188,raw,last,seed-40354564,0.23438
up,3M,17.188,raw,last,seed-40354565,0.25
up,3M,17.188,raw,last,seed-40354566,0.1875
up,3M,17.188,raw,last,seed-40354567,0.26562
up,3M,17.188,text,first,seed-40354564,0.0
up,3M,17.188,text,first,seed-40354565,0.0
up,3M,17.188,text,first,seed-40354566,0.02344
up,3M,17.188,text,first,seed-40354567,0.01562
up,3M,17.188,text,last,seed-40354564,0.0
up,3M,17.188,text,last,seed-40354565,0.0
up,3M,17.188,text,last,seed-40354566,0.0
up,3M,17.188,text,last,seed-40354567,0.0
up,3M,17.188,text,max,seed-40354564,0.0
up,3M,17.188,text,max,seed-40354565,0.0
up,3M,17.188,text,max,seed-40354566,0.00781
up,3M,17.188,text,max,seed-40354567,0.0
up,3M,17.188,text,min,seed-40354564,0.0
up,3M,17.188,text,min,seed-40354565,0.0
up,3M,17.188,text,min,seed-40354566,0.02344
up,3M,17.188,text,min,seed-40354567,0.0
up,3M,17.188,text,stack,seed-40354564,0.0
up,3M,17.188,text,stack,seed-40354565,0.0
up,3M,17.188,text,stack,seed-40354566,0.0
up,3M,17.188,text,stack,seed-40354567,0.0
up,3M,17.188,text,assoc,seed-40354564,0.01562
up,3M,17.188,text,assoc,seed-40354565,0.0
up,3M,17.188,text,assoc,seed-40354566,0.00781
up,3M,17.188,text,assoc,seed-40354567,0.0
up,3M,17.188,text,sum,seed-40354564,0.0
up,3M,17.188,text,sum,seed-40354565,0.0
up,3M,17.188,text,sum,seed-40354566,0.0
up,3M,17.188,text,sum,seed-40354567,0.0
up,3M,17.188,text,reverse,seed-40354564,0.0
up,3M,17.188,text,reverse,seed-40354565,0.0
up,3M,17.188,text,reverse,seed-40354566,0.0
up,3M,17.188,text,reverse,seed-40354567,0.0
up,3M,17.188,text,cipher,seed-40354564,0.0
up,3M,17.188,text,cipher,seed-40354565,0.0
up,3M,17.188,text,cipher,seed-40354566,0.0
up,3M,17.188,text,cipher,seed-40354567,0.0
up,3M,17.188,word,classify-2,seed-40354564,0.0
up,3M,17.188,word,classify-2,seed-40354565,0.0
up,3M,17.188,word,classify-2,seed-40354566,0.0625
up,3M,17.188,word,classify-2,seed-40354567,0.00781
up,3M,17.188,word,classify-4,seed-40354564,0.0
up,3M,17.188,word,classify-4,seed-40354565,0.0
up,3M,17.188,word,classify-4,seed-40354566,0.04688
up,3M,17.188,word,classify-4,seed-40354567,0.0
up,3M,17.188,word,lookup-4,seed-40354564,0.0
up,3M,17.188,word,lookup-4,seed-40354565,0.0
up,3M,17.188,word,lookup-4,seed-40354566,0.02344
up,3M,17.188,word,lookup-4,seed-40354567,0.02344
up,3M,17.188,word,word-reverse,seed-40354564,0.0
up,3M,17.188,word,word-reverse,seed-40354565,0.0
up,3M,17.188,word,word-reverse,seed-40354566,0.0
up,3M,17.188,word,word-reverse,seed-40354567,0.0
up,3M,23.631,raw,reverse,seed-40354564,0.04688
up,3M,23.631,raw,reverse,seed-40354565,0.00684
up,3M,23.631,raw,reverse,seed-40354566,0.03125
up,3M,23.631,raw,reverse,seed-40354567,0.08008
up,3M,23.631,raw,stack,seed-40354564,0.0
up,3M,23.631,raw,stack,seed-40354565,0.0
up,3M,23.631,raw,stack,seed-40354566,0.0
up,3M,23.631,raw,stack,seed-40354567,0.0
up,3M,23.631,raw,assoc,seed-40354564,0.01562
up,3M,23.631,raw,assoc,seed-40354565,0.00781
up,3M,23.631,raw,assoc,seed-40354566,0.0
up,3M,23.631,raw,assoc,seed-40354567,0.0
up,3M,23.631,raw,sum,seed-40354564,0.01562
up,3M,23.631,raw,sum,seed-40354565,0.0
up,3M,23.631,raw,sum,seed-40354566,0.0
up,3M,23.631,raw,sum,seed-40354567,0.01562
up,3M,23.631,raw,max,seed-40354564,0.09375
up,3M,23.631,raw,max,seed-40354565,0.07812
up,3M,23.631,raw,max,seed-40354566,0.125
up,3M,23.631,raw,max,seed-40354567,0.20312
up,3M,23.631,raw,min,seed-40354564,0.09375
up,3M,23.631,raw,min,seed-40354565,0.14062
up,3M,23.631,raw,min,seed-40354566,0.15625
up,3M,23.631,raw,min,seed-40354567,0.21875
up,3M,23.631,raw,first,seed-40354564,0.0
up,3M,23.631,raw,first,seed-40354565,0.0
up,3M,23.631,raw,first,seed-40354566,0.0
up,3M,23.631,raw,first,seed-40354567,0.01562
up,3M,23.631,raw,last,seed-40354564,0.28125
up,3M,23.631,raw,last,seed-40354565,0.14062
up,3M,23.631,raw,last,seed-40354566,0.23438
up,3M,23.631,raw,last,seed-40354567,0.57812
up,3M,23.631,text,first,seed-40354564,0.0
up,3M,23.631,text,first,seed-40354565,0.0
up,3M,23.631,text,first,seed-40354566,0.0
up,3M,23.631,text,first,seed-40354567,0.0
up,3M,23.631,text,last,seed-40354564,0.0
up,3M,23.631,text,last,seed-40354565,0.0
up,3M,23.631,text,last,seed-40354566,0.0
up,3M,23.631,text,last,seed-40354567,0.0
up,3M,23.631,text,max,seed-40354564,0.0
up,3M,23.631,text,max,seed-40354565,0.0
up,3M,23.631,text,max,seed-40354566,0.0
up,3M,23.631,text,max,seed-40354567,0.0
up,3M,23.631,text,min,seed-40354564,0.0
up,3M,23.631,text,min,seed-40354565,0.0
up,3M,23.631,text,min,seed-40354566,0.0
up,3M,23.631,text,min,seed-40354567,0.0
up,3M,23.631,text,stack,seed-40354564,0.0
up,3M,23.631,text,stack,seed-40354565,0.0
up,3M,23.631,text,stack,seed-40354566,0.0
up,3M,23.631,text,stack,seed-40354567,0.0
up,3M,23.631,text,assoc,seed-40354564,0.0
up,3M,23.631,text,assoc,seed-40354565,0.0
up,3M,23.631,text,assoc,seed-40354566,0.0
up,3M,23.631,text,assoc,seed-40354567,0.0
up,3M,23.631,text,sum,seed-40354564,0.0
up,3M,23.631,text,sum,seed-40354565,0.0
up,3M,23.631,text,sum,seed-40354566,0.0
up,3M,23.631,text,sum,seed-40354567,0.0
up,3M,23.631,text,reverse,seed-40354564,0.0
up,3M,23.631,text,reverse,seed-40354565,0.0
up,3M,23.631,text,reverse,seed-40354566,0.0
up,3M,23.631,text,reverse,seed-40354567,0.0
up,3M,23.631,text,cipher,seed-40354564,0.0
up,3M,23.631,text,cipher,seed-40354565,0.0
up,3M,23.631,text,cipher,seed-40354566,0.0
up,3M,23.631,text,cipher,seed-40354567,0.0
up,3M,23.631,word,classify-2,seed-40354564,0.0
up,3M,23.631,word,classify-2,seed-40354565,0.0
up,3M,23.631,word,classify-2,seed-40354566,0.0
up,3M,23.631,word,classify-2,seed-40354567,0.0
up,3M,23.631,word,classify-4,seed-40354564,0.0
up,3M,23.631,word,classify-4,seed-40354565,0.0
up,3M,23.631,word,classify-4,seed-40354566,0.0
up,3M,23.631,word,classify-4,seed-40354567,0.0
up,3M,23.631,word,lookup-4,seed-40354564,0.0
up,3M,23.631,word,lookup-4,seed-40354565,0.0
up,3M,23.631,word,lookup-4,seed-40354566,0.0
up,3M,23.631,word,lookup-4,seed-40354567,0.0
up,3M,23.631,word,word-reverse,seed-40354564,0.0
up,3M,23.631,word,word-reverse,seed-40354565,0.0
up,3M,23.631,word,word-reverse,seed-40354566,0.0
up,3M,23.631,word,word-reverse,seed-40354567,0.0
up,3M,68.719,raw,reverse,seed-40354564,0.09277
up,3M,68.719,raw,reverse,seed-40354565,0.05273
up,3M,68.719,raw,reverse,seed-40354566,0.08105
up,3M,68.719,raw,reverse,seed-40354567,0.05859
up,3M,68.719,raw,stack,seed-40354564,0.0
up,3M,68.719,raw,stack,seed-40354565,0.0
up,3M,68.719,raw,stack,seed-40354566,0.0
up,3M,68.719,raw,stack,seed-40354567,0.0
up,3M,68.719,raw,assoc,seed-40354564,0.00781
up,3M,68.719,raw,assoc,seed-40354565,0.00781
up,3M,68.719,raw,assoc,seed-40354566,0.03125
up,3M,68.719,raw,assoc,seed-40354567,0.01562
up,3M,68.719,raw,sum,seed-40354564,0.01562
up,3M,68.719,raw,sum,seed-40354565,0.01562
up,3M,68.719,raw,sum,seed-40354566,0.01562
up,3M,68.719,raw,sum,seed-40354567,0.0
up,3M,68.719,raw,max,seed-40354564,0.39062
up,3M,68.719,raw,max,seed-40354565,0.39062
up,3M,68.719,raw,max,seed-40354566,0.34375
up,3M,68.719,raw,max,seed-40354567,0.4375
up,3M,68.719,raw,min,seed-40354564,0.48438
up,3M,68.719,raw,min,seed-40354565,0.46875
up,3M,68.719,raw,min,seed-40354566,0.40625
up,3M,68.719,raw,min,seed-40354567,0.51562
up,3M,68.719,raw,first,seed-40354564,0.01562
up,3M,68.719,raw,first,seed-40354565,0.0
up,3M,68.719,raw,first,seed-40354566,0.0
up,3M,68.719,raw,first,seed-40354567,0.01562
up,3M,68.719,raw,last,seed-40354564,0.95312
up,3M,68.719,raw,last,seed-40354565,0.92188
up,3M,68.719,raw,last,seed-40354566,0.70312
up,3M,68.719,raw,last,seed-40354567,0.98438
up,3M,68.719,text,first,seed-40354564,0.0
up,3M,68.719,text,first,seed-40354565,0.0
up,3M,68.719,text,first,seed-40354566,0.0
up,3M,68.719,text,first,seed-40354567,0.0
up,3M,68.719,text,last,seed-40354564,0.0
up,3M,68.719,text,last,seed-40354565,0.0
up,3M,68.719,text,last,seed-40354566,0.0
up,3M,68.719,text,last,seed-40354567,0.0
up,3M,68.719,text,max,seed-40354564,0.0
up,3M,68.719,text,max,seed-40354565,0.0
up,3M,68.719,text,max,seed-40354566,0.0
up,3M,68.719,text,max,seed-40354567,0.0
up,3M,68.719,text,min,seed-40354564,0.0
up,3M,68.719,text,min,seed-40354565,0.0
up,3M,68.719,text,min,seed-40354566,0.0
up,3M,68.719,text,min,seed-40354567,0.0
up,3M,68.719,text,stack,seed-40354564,0.0
up,3M,68.719,text,stack,seed-40354565,0.0
up,3M,68.719,text,stack,seed-40354566,0.0
up,3M,68.719,text,stack,seed-40354567,0.0
up,3M,68.719,text,assoc,seed-40354564,0.0
up,3M,68.719,text,assoc,seed-40354565,0.00781
up,3M,68.719,text,assoc,seed-40354566,0.00781
up,3M,68.719,text,assoc,seed-40354567,0.0
up,3M,68.719,text,sum,seed-40354564,0.0
up,3M,68.719,text,sum,seed-40354565,0.0
up,3M,68.719,text,sum,seed-40354566,0.0
up,3M,68.719,text,sum,seed-40354567,0.0
up,3M,68.719,text,reverse,seed-40354564,0.0
up,3M,68.719,text,reverse,seed-40354565,0.0
up,3M,68.719,text,reverse,seed-40354566,0.0
up,3M,68.719,text,reverse,seed-40354567,0.0
up,3M,68.719,text,cipher,seed-40354564,0.0
up,3M,68.719,text,cipher,seed-40354565,0.0
up,3M,68.719,text,cipher,seed-40354566,0.0
up,3M,68.719,text,cipher,seed-40354567,0.0
up,3M,68.719,word,classify-2,seed-40354564,0.0
up,3M,68.719,word,classify-2,seed-40354565,0.0
up,3M,68.719,word,classify-2,seed-40354566,0.0
up,3M,68.719,word,classify-2,seed-40354567,0.00781
up,3M,68.719,word,classify-4,seed-40354564,0.0
up,3M,68.719,word,classify-4,seed-40354565,0.0
up,3M,68.719,word,classify-4,seed-40354566,0.0
up,3M,68.719,word,classify-4,seed-40354567,0.0
up,3M,68.719,word,lookup-4,seed-40354564,0.0
up,3M,68.719,word,lookup-4,seed-40354565,0.0
up,3M,68.719,word,lookup-4,seed-40354566,0.00781
up,3M,68.719,word,lookup-4,seed-40354567,0.0
up,3M,68.719,word,word-reverse,seed-40354564,0.0
up,3M,68.719,word,word-reverse,seed-40354565,0.0
up,3M,68.719,word,word-reverse,seed-40354566,0.0
up,3M,68.719,word,word-reverse,seed-40354567,0.0
up,500k,0.008,raw,reverse,seed-40354564,0.00586
up,500k,0.008,raw,reverse,seed-40354565,0.00098
up,500k,0.008,raw,reverse,seed-40354566,0.00684
up,500k,0.008,raw,reverse,seed-40354567,0.00195
up,500k,0.008,raw,stack,seed-40354564,0.0
up,500k,0.008,raw,stack,seed-40354565,0.02344
up,500k,0.008,raw,stack,seed-40354566,0.00781
up,500k,0.008,raw,stack,seed-40354567,0.0
up,500k,0.008,raw,assoc,seed-40354564,0.0
up,500k,0.008,raw,assoc,seed-40354565,0.0
up,500k,0.008,raw,assoc,seed-40354566,0.01562
up,500k,0.008,raw,assoc,seed-40354567,0.0
up,500k,0.008,raw,sum,seed-40354564,0.0
up,500k,0.008,raw,sum,seed-40354565,0.0
up,500k,0.008,raw,sum,seed-40354566,0.0
up,500k,0.008,raw,sum,seed-40354567,0.0
up,500k,0.008,raw,max,seed-40354564,0.0
up,500k,0.008,raw,max,seed-40354565,0.01562
up,500k,0.008,raw,max,seed-40354566,0.0
up,500k,0.008,raw,max,seed-40354567,0.0
up,500k,0.008,raw,min,seed-40354564,0.01562
up,500k,0.008,raw,min,seed-40354565,0.03125
up,500k,0.008,raw,min,seed-40354566,0.0
up,500k,0.008,raw,min,seed-40354567,0.0
up,500k,0.008,raw,first,seed-40354564,0.0
up,500k,0.008,raw,first,seed-40354565,0.0
up,500k,0.008,raw,first,seed-40354566,0.03125
up,500k,0.008,raw,first,seed-40354567,0.0
up,500k,0.008,raw,last,seed-40354564,0.0
up,500k,0.008,raw,last,seed-40354565,0.0
up,500k,0.008,raw,last,seed-40354566,0.0
up,500k,0.008,raw,last,seed-40354567,0.0
up,500k,0.008,text,first,seed-40354564,0.0
up,500k,0.008,text,first,seed-40354565,0.0
up,500k,0.008,text,first,seed-40354566,0.0
up,500k,0.008,text,first,seed-40354567,0.0
up,500k,0.008,text,last,seed-40354564,0.0
up,500k,0.008,text,last,seed-40354565,0.0
up,500k,0.008,text,last,seed-40354566,0.0
up,500k,0.008,text,last,seed-40354567,0.0
up,500k,0.008,text,max,seed-40354564,0.0
up,500k,0.008,text,max,seed-40354565,0.0
up,500k,0.008,text,max,seed-40354566,0.0
up,500k,0.008,text,max,seed-40354567,0.0
up,500k,0.008,text,min,seed-40354564,0.0
up,500k,0.008,text,min,seed-40354565,0.0
up,500k,0.008,text,min,seed-40354566,0.0
up,500k,0.008,text,min,seed-40354567,0.0
up,500k,0.008,text,stack,seed-40354564,0.03906
up,500k,0.008,text,stack,seed-40354565,0.0
up,500k,0.008,text,stack,seed-40354566,0.0
up,500k,0.008,text,stack,seed-40354567,0.0
up,500k,0.008,text,assoc,seed-40354564,0.0
up,500k,0.008,text,assoc,seed-40354565,0.0
up,500k,0.008,text,assoc,seed-40354566,0.0
up,500k,0.008,text,assoc,seed-40354567,0.0
up,500k,0.008,text,sum,seed-40354564,0.0
up,500k,0.008,text,sum,seed-40354565,0.0
up,500k,0.008,text,sum,seed-40354566,0.0
up,500k,0.008,text,sum,seed-40354567,0.0
up,500k,0.008,text,reverse,seed-40354564,0.0
up,500k,0.008,text,reverse,seed-40354565,0.0
up,500k,0.008,text,reverse,seed-40354566,0.0
up,500k,0.008,text,reverse,seed-40354567,0.0
up,500k,0.008,text,cipher,seed-40354564,0.0
up,500k,0.008,text,cipher,seed-40354565,0.0
up,500k,0.008,text,cipher,seed-40354566,0.0
up,500k,0.008,text,cipher,seed-40354567,0.0
up,500k,0.008,word,classify-2,seed-40354564,0.0
up,500k,0.008,word,classify-2,seed-40354565,0.0
up,500k,0.008,word,classify-2,seed-40354566,0.0
up,500k,0.008,word,classify-2,seed-40354567,0.0
up,500k,0.008,word,classify-4,seed-40354564,0.0
up,500k,0.008,word,classify-4,seed-40354565,0.0
up,500k,0.008,word,classify-4,seed-40354566,0.0
up,500k,0.008,word,classify-4,seed-40354567,0.0
up,500k,0.008,word,lookup-4,seed-40354564,0.0
up,500k,0.008,word,lookup-4,seed-40354565,0.0
up,500k,0.008,word,lookup-4,seed-40354566,0.0
up,500k,0.008,word,lookup-4,seed-40354567,0.0
up,500k,0.008,word,word-reverse,seed-40354564,0.0
up,500k,0.008,word,word-reverse,seed-40354565,0.0
up,500k,0.008,word,word-reverse,seed-40354566,0.0
up,500k,0.008,word,word-reverse,seed-40354567,0.0
up,500k,2.156,raw,reverse,seed-40354564,0.00586
up,500k,2.156,raw,reverse,seed-40354565,0.00293
up,500k,2.156,raw,reverse,seed-40354566,0.00488
up,500k,2.156,raw,reverse,seed-40354567,0.0
up,500k,2.156,raw,stack,seed-40354564,0.00781
up,500k,2.156,raw,stack,seed-40354565,0.0
up,500k,2.156,raw,stack,seed-40354566,0.0
up,500k,2.156,raw,stack,seed-40354567,0.01562
up,500k,2.156,raw,assoc,seed-40354564,0.0
up,500k,2.156,raw,assoc,seed-40354565,0.0
up,500k,2.156,raw,assoc,seed-40354566,0.0
up,500k,2.156,raw,assoc,seed-40354567,0.0
up,500k,2.156,raw,sum,seed-40354564,0.01562
up,500k,2.156,raw,sum,seed-40354565,0.01562
up,500k,2.156,raw,sum,seed-40354566,0.01562
up,500k,2.156,raw,sum,seed-40354567,0.01562
up,500k,2.156,raw,max,seed-40354564,0.0
up,500k,2.156,raw,max,seed-40354565,0.0
up,500k,2.156,raw,max,seed-40354566,0.0
up,500k,2.156,raw,max,seed-40354567,0.0
up,500k,2.156,raw,min,seed-40354564,0.0
up,500k,2.156,raw,min,seed-40354565,0.0
up,500k,2.156,raw,min,seed-40354566,0.0
up,500k,2.156,raw,min,seed-40354567,0.0
up,500k,2.156,raw,first,seed-40354564,0.0
up,500k,2.156,raw,first,seed-40354565,0.0
up,500k,2.156,raw,first,seed-40354566,0.0
up,500k,2.156,raw,first,seed-40354567,0.0
up,500k,2.156,raw,last,seed-40354564,0.0
up,500k,2.156,raw,last,seed-40354565,0.0
up,500k,2.156,raw,last,seed-40354566,0.0
up,500k,2.156,raw,last,seed-40354567,0.0
up,500k,2.156,text,first,seed-40354564,0.0
up,500k,2.156,text,first,seed-40354565,0.0
up,500k,2.156,text,first,seed-40354566,0.01562
up,500k,2.156,text,first,seed-40354567,0.0
up,500k,2.156,text,last,seed-40354564,0.0
up,500k,2.156,text,last,seed-40354565,0.0
up,500k,2.156,text,last,seed-40354566,0.0
up,500k,2.156,text,last,seed-40354567,0.0
up,500k,2.156,text,max,seed-40354564,0.0
up,500k,2.156,text,max,seed-40354565,0.0
up,500k,2.156,text,max,seed-40354566,0.0
up,500k,2.156,text,max,seed-40354567,0.0
up,500k,2.156,text,min,seed-40354564,0.0
up,500k,2.156,text,min,seed-40354565,0.0
up,500k,2.156,text,min,seed-40354566,0.02344
up,500k,2.156,text,min,seed-40354567,0.0
up,500k,2.156,text,stack,seed-40354564,0.0
up,500k,2.156,text,stack,seed-40354565,0.0
up,500k,2.156,text,stack,seed-40354566,0.04688
up,500k,2.156,text,stack,seed-40354567,0.0
up,500k,2.156,text,assoc,seed-40354564,0.0
up,500k,2.156,text,assoc,seed-40354565,0.0
up,500k,2.156,text,assoc,seed-40354566,0.01562
up,500k,2.156,text,assoc,seed-40354567,0.0
up,500k,2.156,text,sum,seed-40354564,0.0
up,500k,2.156,text,sum,seed-40354565,0.0
up,500k,2.156,text,sum,seed-40354566,0.0
up,500k,2.156,text,sum,seed-40354567,0.0
up,500k,2.156,text,reverse,seed-40354564,0.0
up,500k,2.156,text,reverse,seed-40354565,0.0
up,500k,2.156,text,reverse,seed-40354566,0.0
up,500k,2.156,text,reverse,seed-40354567,0.0
up,500k,2.156,text,cipher,seed-40354564,0.0
up,500k,2.156,text,cipher,seed-40354565,0.0
up,500k,2.156,text,cipher,seed-40354566,0.0
up,500k,2.156,text,cipher,seed-40354567,0.0
up,500k,2.156,word,classify-2,seed-40354564,0.0
up,500k,2.156,word,classify-2,seed-40354565,0.0
up,500k,2.156,word,classify-2,seed-40354566,0.02344
up,500k,2.156,word,classify-2,seed-40354567,0.0
up,500k,2.156,word,classify-4,seed-40354564,0.0
up,500k,2.156,word,classify-4,seed-40354565,0.0
up,500k,2.156,word,classify-4,seed-40354566,0.02344
up,500k,2.156,word,classify-4,seed-40354567,0.0
up,500k,2.156,word,lookup-4,seed-40354564,0.0
up,500k,2.156,word,lookup-4,seed-40354565,0.0
up,500k,2.156,word,lookup-4,seed-40354566,0.03125
up,500k,2.156,word,lookup-4,seed-40354567,0.0
up,500k,2.156,word,word-reverse,seed-40354564,0.0
up,500k,2.156,word,word-reverse,seed-40354565,0.0
up,500k,2.156,word,word-reverse,seed-40354566,0.0
up,500k,2.156,word,word-reverse,seed-40354567,0.0
up,500k,4.303,raw,reverse,seed-40354564,0.00391
up,500k,4.303,raw,reverse,seed-40354565,0.00684
up,500k,4.303,raw,reverse,seed-40354566,0.00195
up,500k,4.303,raw,reverse,seed-40354567,0.00293
up,500k,4.303,raw,stack,seed-40354564,0.0
up,500k,4.303,raw,stack,seed-40354565,0.0
up,500k,4.303,raw,stack,seed-40354566,0.00781
up,500k,4.303,raw,stack,seed-40354567,0.0
up,500k,4.303,raw,assoc,seed-40354564,0.00781
up,500k,4.303,raw,assoc,seed-40354565,0.00781
up,500k,4.303,raw,assoc,seed-40354566,0.0
up,500k,4.303,raw,assoc,seed-40354567,0.0
up,500k,4.303,raw,sum,seed-40354564,0.01562
up,500k,4.303,raw,sum,seed-40354565,0.01562
up,500k,4.303,raw,sum,seed-40354566,0.01562
up,500k,4.303,raw,sum,seed-40354567,0.01562
up,500k,4.303,raw,max,seed-40354564,0.0
up,500k,4.303,raw,max,seed-40354565,0.01562
up,500k,4.303,raw,max,seed-40354566,0.0
up,500k,4.303,raw,max,seed-40354567,0.0
up,500k,4.303,raw,min,seed-40354564,0.0
up,500k,4.303,raw,min,seed-40354565,0.03125
up,500k,4.303,raw,min,seed-40354566,0.0
up,500k,4.303,raw,min,seed-40354567,0.0
up,500k,4.303,raw,first,seed-40354564,0.0
up,500k,4.303,raw,first,seed-40354565,0.0
up,500k,4.303,raw,first,seed-40354566,0.0
up,500k,4.303,raw,first,seed-40354567,0.0
up,500k,4.303,raw,last,seed-40354564,0.0
up,500k,4.303,raw,last,seed-40354565,0.0
up,500k,4.303,raw,last,seed-40354566,0.0
up,500k,4.303,raw,last,seed-40354567,0.0
up,500k,4.303,text,first,seed-40354564,0.0
up,500k,4.303,text,first,seed-40354565,0.0
up,500k,4.303,text,first,seed-40354566,0.0
up,500k,4.303,text,first,seed-40354567,0.0
up,500k,4.303,text,last,seed-40354564,0.0
up,500k,4.303,text,last,seed-40354565,0.0
up,500k,4.303,text,last,seed-40354566,0.0
up,500k,4.303,text,last,seed-40354567,0.0
up,500k,4.303,text,max,seed-40354564,0.0
up,500k,4.303,text,max,seed-40354565,0.0
up,500k,4.303,text,max,seed-40354566,0.0
up,500k,4.303,text,max,seed-40354567,0.0
up,500k,4.303,text,min,seed-40354564,0.0
up,500k,4.303,text,min,seed-40354565,0.0
up,500k,4.303,text,min,seed-40354566,0.0
up,500k,4.303,text,min,seed-40354567,0.0
up,500k,4.303,text,stack,seed-40354564,0.0
up,500k,4.303,text,stack,seed-40354565,0.0
up,500k,4.303,text,stack,seed-40354566,0.0
up,500k,4.303,text,stack,seed-40354567,0.0
up,500k,4.303,text,assoc,seed-40354564,0.0
up,500k,4.303,text,assoc,seed-40354565,0.0
up,500k,4.303,text,assoc,seed-40354566,0.0
up,500k,4.303,text,assoc,seed-40354567,0.0
up,500k,4.303,text,sum,seed-40354564,0.0
up,500k,4.303,text,sum,seed-40354565,0.0
up,500k,4.303,text,sum,seed-40354566,0.0
up,500k,4.303,text,sum,seed-40354567,0.0
up,500k,4.303,text,reverse,seed-40354564,0.0
up,500k,4.303,text,reverse,seed-40354565,0.0
up,500k,4.303,text,reverse,seed-40354566,0.0
up,500k,4.303,text,reverse,seed-40354567,0.0
up,500k,4.303,text,cipher,seed-40354564,0.0
up,500k,4.303,text,cipher,seed-40354565,0.0
up,500k,4.303,text,cipher,seed-40354566,0.0
up,500k,4.303,text,cipher,seed-40354567,0.0
up,500k,4.303,word,classify-2,seed-40354564,0.0
up,500k,4.303,word,classify-2,seed-40354565,0.0
up,500k,4.303,word,classify-2,seed-40354566,0.0
up,500k,4.303,word,classify-2,seed-40354567,0.0
up,500k,4.303,word,classify-4,seed-40354564,0.0
up,500k,4.303,word,classify-4,seed-40354565,0.0
up,500k,4.303,word,classify-4,seed-40354566,0.0
up,500k,4.303,word,classify-4,seed-40354567,0.0
up,500k,4.303,word,lookup-4,seed-40354564,0.0
up,500k,4.303,word,lookup-4,seed-40354565,0.0
up,500k,4.303,word,lookup-4,seed-40354566,0.0
up,500k,4.303,word,lookup-4,seed-40354567,0.0
up,500k,4.303,word,word-reverse,seed-40354564,0.0
up,500k,4.303,word,word-reverse,seed-40354565,0.0
up,500k,4.303,word,word-reverse,seed-40354566,0.0
up,500k,4.303,word,word-reverse,seed-40354567,0.0
up,500k,8.598,raw,reverse,seed-40354564,0.00098
up,500k,8.598,raw,reverse,seed-40354565,0.00195
up,500k,8.598,raw,reverse,seed-40354566,0.00098
up,500k,8.598,raw,reverse,seed-40354567,0.00293
up,500k,8.598,raw,stack,seed-40354564,0.0
up,500k,8.598,raw,stack,seed-40354565,0.0
up,500k,8.598,raw,stack,seed-40354566,0.0
up,500k,8.598,raw,stack,seed-40354567,0.0
up,500k,8.598,raw,assoc,seed-40354564,0.0
up,500k,8.598,raw,assoc,seed-40354565,0.01562
up,500k,8.598,raw,assoc,seed-40354566,0.0
up,500k,8.598,raw,assoc,seed-40354567,0.0
up,500k,8.598,raw,sum,seed-40354564,0.01562
up,500k,8.598,raw,sum,seed-40354565,0.0
up,500k,8.598,raw,sum,seed-40354566,0.01562
up,500k,8.598,raw,sum,seed-40354567,0.01562
up,500k,8.598,raw,max,seed-40354564,0.0
up,500k,8.598,raw,max,seed-40354565,0.0
up,500k,8.598,raw,max,seed-40354566,0.0
up,500k,8.598,raw,max,seed-40354567,0.0
up,500k,8.598,raw,min,seed-40354564,0.0
up,500k,8.598,raw,min,seed-40354565,0.01562
up,500k,8.598,raw,min,seed-40354566,0.0
up,500k,8.598,raw,min,seed-40354567,0.0
up,500k,8.598,raw,first,seed-40354564,0.0
up,500k,8.598,raw,first,seed-40354565,0.0
up,500k,8.598,raw,first,seed-40354566,0.0
up,500k,8.598,raw,first,seed-40354567,0.0
up,500k,8.598,raw,last,seed-40354564,0.0
up,500k,8.598,raw,last,seed-40354565,0.01562
up,500k,8.598,raw,last,seed-40354566,0.0
up,500k,8.598,raw,last,seed-40354567,0.0
up,500k,8.598,text,first,seed-40354564,0.0
up,500k,8.598,text,first,seed-40354565,0.0
up,500k,8.598,text,first,seed-40354566,0.01562
up,500k,8.598,text,first,seed-40354567,0.03125
up,500k,8.598,text,last,seed-40354564,0.0
up,500k,8.598,text,last,seed-40354565,0.0
up,500k,8.598,text,last,seed-40354566,0.02344
up,500k,8.598,text,last,seed-40354567,0.04688
up,500k,8.598,text,max,seed-40354564,0.00781
up,500k,8.598,text,max,seed-40354565,0.0
up,500k,8.598,text,max,seed-40354566,0.02344
up,500k,8.598,text,max,seed-40354567,0.00781
up,500k,8.598,text,min,seed-40354564,0.0
up,500k,8.598,text,min,seed-40354565,0.0
up,500k,8.598,text,min,seed-40354566,0.05469
up,500k,8.598,text,min,seed-40354567,0.07812
up,500k,8.598,text,stack,seed-40354564,0.0
up,500k,8.598,text,stack,seed-40354565,0.0
up,500k,8.598,text,stack,seed-40354566,0.02344
up,500k,8.598,text,stack,seed-40354567,0.01562
up,500k,8.598,text,assoc,seed-40354564,0.0
up,500k,8.598,text,assoc,seed-40354565,0.0
up,500k,8.598,text,assoc,seed-40354566,0.01562
up,500k,8.598,text,assoc,seed-40354567,0.02344
up,500k,8.598,text,sum,seed-40354564,0.0
up,500k,8.598,text,sum,seed-40354565,0.00781
up,500k,8.598,text,sum,seed-40354566,0.0
up,500k,8.598,text,sum,seed-40354567,0.0
up,500k,8.598,text,reverse,seed-40354564,0.0
up,500k,8.598,text,reverse,seed-40354565,0.0
up,500k,8.598,text,reverse,seed-40354566,0.0
up,500k,8.598,text,reverse,seed-40354567,0.0
up,500k,8.598,text,cipher,seed-40354564,0.0
up,500k,8.598,text,cipher,seed-40354565,0.0
up,500k,8.598,text,cipher,seed-40354566,0.0
up,500k,8.598,text,cipher,seed-40354567,0.0
up,500k,8.598,word,classify-2,seed-40354564,0.03906
up,500k,8.598,word,classify-2,seed-40354565,0.0
up,500k,8.598,word,classify-2,seed-40354566,0.07812
up,500k,8.598,word,classify-2,seed-40354567,0.02344
up,500k,8.598,word,classify-4,seed-40354564,0.02344
up,500k,8.598,word,classify-4,seed-40354565,0.0
up,500k,8.598,word,classify-4,seed-40354566,0.04688
up,500k,8.598,word,classify-4,seed-40354567,0.04688
up,500k,8.598,word,lookup-4,seed-40354564,0.03906
up,500k,8.598,word,lookup-4,seed-40354565,0.0
up,500k,8.598,word,lookup-4,seed-40354566,0.03906
up,500k,8.598,word,lookup-4,seed-40354567,0.01562
up,500k,8.598,word,word-reverse,seed-40354564,0.0
up,500k,8.598,word,word-reverse,seed-40354565,0.0
up,500k,8.598,word,word-reverse,seed-40354566,0.0
up,500k,8.598,word,word-reverse,seed-40354567,0.0
up,500k,17.188,raw,reverse,seed-40354564,0.00781
up,500k,17.188,raw,reverse,seed-40354565,0.00586
up,500k,17.188,raw,reverse,seed-40354566,0.00684
up,500k,17.188,raw,reverse,seed-40354567,0.00977
up,500k,17.188,raw,stack,seed-40354564,0.0
up,500k,17.188,raw,stack,seed-40354565,0.0
up,500k,17.188,raw,stack,seed-40354566,0.0
up,500k,17.188,raw,stack,seed-40354567,0.0
up,500k,17.188,raw,assoc,seed-40354564,0.0
up,500k,17.188,raw,assoc,seed-40354565,0.00781
up,500k,17.188,raw,assoc,seed-40354566,0.0
up,500k,17.188,raw,assoc,seed-40354567,0.0
up,500k,17.188,raw,sum,seed-40354564,0.0
up,500k,17.188,raw,sum,seed-40354565,0.01562
up,500k,17.188,raw,sum,seed-40354566,0.01562
up,500k,17.188,raw,sum,seed-40354567,0.01562
up,500k,17.188,raw,max,seed-40354564,0.03125
up,500k,17.188,raw,max,seed-40354565,0.01562
up,500k,17.188,raw,max,seed-40354566,0.01562
up,500k,17.188,raw,max,seed-40354567,0.0
up,500k,17.188,raw,min,seed-40354564,0.0
up,500k,17.188,raw,min,seed-40354565,0.01562
up,500k,17.188,raw,min,seed-40354566,0.01562
up,500k,17.188,raw,min,seed-40354567,0.0
up,500k,17.188,raw,first,seed-40354564,0.0
up,500k,17.188,raw,first,seed-40354565,0.0
up,500k,17.188,raw,first,seed-40354566,0.0
up,500k,17.188,raw,first,seed-40354567,0.0
up,500k,17.188,raw,last,seed-40354564,0.04688
up,500k,17.188,raw,last,seed-40354565,0.04688
up,500k,17.188,raw,last,seed-40354566,0.0
up,500k,17.188,raw,last,seed-40354567,0.0
up,500k,17.188,text,first,seed-40354564,0.0
up,500k,17.188,text,first,seed-40354565,0.0
up,500k,17.188,text,first,seed-40354566,0.0
up,500k,17.188,text,first,seed-40354567,0.0
up,500k,17.188,text,last,seed-40354564,0.0
up,500k,17.188,text,last,seed-40354565,0.0
up,500k,17.188,text,last,seed-40354566,0.0
up,500k,17.188,text,last,seed-40354567,0.0
up,500k,17.188,text,max,seed-40354564,0.0
up,500k,17.188,text,max,seed-40354565,0.0
up,500k,17.188,text,max,seed-40354566,0.0
up,500k,17.188,text,max,seed-40354567,0.0
up,500k,17.188,text,min,seed-40354564,0.0
up,500k,17.188,text,min,seed-40354565,0.0
up,500k,17.188,text,min,seed-40354566,0.0
up,500k,17.188,text,min,seed-40354567,0.0
up,500k,17.188,text,stack,seed-40354564,0.0
up,500k,17.188,text,stack,seed-40354565,0.0
up,500k,17.188,text,stack,seed-40354566,0.01562
up,500k,17.188,text,stack,seed-40354567,0.0
up,500k,17.188,text,assoc,seed-40354564,0.0
up,500k,17.188,text,assoc,seed-40354565,0.0
up,500k,17.188,text,assoc,seed-40354566,0.00781
up,500k,17.188,text,assoc,seed-40354567,0.0
up,500k,17.188,text,sum,seed-40354564,0.0
up,500k,17.188,text,sum,seed-40354565,0.0
up,500k,17.188,text,sum,seed-40354566,0.0
up,500k,17.188,text,sum,seed-40354567,0.00781
up,500k,17.188,text,reverse,seed-40354564,0.0
up,500k,17.188,text,reverse,seed-40354565,0.0
up,500k,17.188,text,reverse,seed-40354566,0.0
up,500k,17.188,text,reverse,seed-40354567,0.0
up,500k,17.188,text,cipher,seed-40354564,0.0
up,500k,17.188,text,cipher,seed-40354565,0.0
up,500k,17.188,text,cipher,seed-40354566,0.0
up,500k,17.188,text,cipher,seed-40354567,0.0
up,500k,17.188,word,classify-2,seed-40354564,0.01562
up,500k,17.188,word,classify-2,seed-40354565,0.03906
up,500k,17.188,word,classify-2,seed-40354566,0.03906
up,500k,17.188,word,classify-2,seed-40354567,0.0625
up,500k,17.188,word,classify-4,seed-40354564,0.00781
up,500k,17.188,word,classify-4,seed-40354565,0.01562
up,500k,17.188,word,classify-4,seed-40354566,0.00781
up,500k,17.188,word,classify-4,seed-40354567,0.05469
up,500k,17.188,word,lookup-4,seed-40354564,0.01562
up,500k,17.188,word,lookup-4,seed-40354565,0.01562
up,500k,17.188,word,lookup-4,seed-40354566,0.02344
up,500k,17.188,word,lookup-4,seed-40354567,0.03906
up,500k,17.188,word,word-reverse,seed-40354564,0.0
up,500k,17.188,word,word-reverse,seed-40354565,0.0
up,500k,17.188,word,word-reverse,seed-40354566,0.0
up,500k,17.188,word,word-reverse,seed-40354567,0.0
up,500k,23.631,raw,reverse,seed-40354564,0.00684
up,500k,23.631,raw,reverse,seed-40354565,0.00977
up,500k,23.631,raw,reverse,seed-40354566,0.00488
up,500k,23.631,raw,reverse,seed-40354567,0.00684
up,500k,23.631,raw,stack,seed-40354564,0.0
up,500k,23.631,raw,stack,seed-40354565,0.0
up,500k,23.631,raw,stack,seed-40354566,0.0
up,500k,23.631,raw,stack,seed-40354567,0.01562
up,500k,23.631,raw,assoc,seed-40354564,0.0
up,500k,23.631,raw,assoc,seed-40354565,0.00781
up,500k,23.631,raw,assoc,seed-40354566,0.00781
up,500k,23.631,raw,assoc,seed-40354567,0.01562
up,500k,23.631,raw,sum,seed-40354564,0.0
up,500k,23.631,raw,sum,seed-40354565,0.0
up,500k,23.631,raw,sum,seed-40354566,0.01562
up,500k,23.631,raw,sum,seed-40354567,0.01562
up,500k,23.631,raw,max,seed-40354564,0.04688
up,500k,23.631,raw,max,seed-40354565,0.0
up,500k,23.631,raw,max,seed-40354566,0.01562
up,500k,23.631,raw,max,seed-40354567,0.0
up,500k,23.631,raw,min,seed-40354564,0.03125
up,500k,23.631,raw,min,seed-40354565,0.07812
up,500k,23.631,raw,min,seed-40354566,0.01562
up,500k,23.631,raw,min,seed-40354567,0.0
up,500k,23.631,raw,first,seed-40354564,0.0
up,500k,23.631,raw,first,seed-40354565,0.0
up,500k,23.631,raw,first,seed-40354566,0.0
up,500k,23.631,raw,first,seed-40354567,0.0
up,500k,23.631,raw,last,seed-40354564,0.09375
up,500k,23.631,raw,last,seed-40354565,0.07812
up,500k,23.631,raw,last,seed-40354566,0.10938
up,500k,23.631,raw,last,seed-40354567,0.0
up,500k,23.631,text,first,seed-40354564,0.00781
up,500k,23.631,text,first,seed-40354565,0.0
up,500k,23.631,text,first,seed-40354566,0.0
up,500k,23.631,text,first,seed-40354567,0.0
up,500k,23.631,text,last,seed-40354564,0.0
up,500k,23.631,text,last,seed-40354565,0.0
up,500k,23.631,text,last,seed-40354566,0.0
up,500k,23.631,text,last,seed-40354567,0.0
up,500k,23.631,text,max,seed-40354564,0.0
up,500k,23.631,text,max,seed-40354565,0.0
up,500k,23.631,text,max,seed-40354566,0.0
up,500k,23.631,text,max,seed-40354567,0.0
up,500k,23.631,text,min,seed-40354564,0.00781
up,500k,23.631,text,min,seed-40354565,0.0
up,500k,23.631,text,min,seed-40354566,0.0
up,500k,23.631,text,min,seed-40354567,0.0
up,500k,23.631,text,stack,seed-40354564,0.0
up,500k,23.631,text,stack,seed-40354565,0.0
up,500k,23.631,text,stack,seed-40354566,0.0
up,500k,23.631,text,stack,seed-40354567,0.0
up,500k,23.631,text,assoc,seed-40354564,0.01562
up,500k,23.631,text,assoc,seed-40354565,0.0
up,500k,23.631,text,assoc,seed-40354566,0.00781
up,500k,23.631,text,assoc,seed-40354567,0.0
up,500k,23.631,text,sum,seed-40354564,0.0
up,500k,23.631,text,sum,seed-40354565,0.0
up,500k,23.631,text,sum,seed-40354566,0.0
up,500k,23.631,text,sum,seed-40354567,0.0
up,500k,23.631,text,reverse,seed-40354564,0.0
up,500k,23.631,text,reverse,seed-40354565,0.0
up,500k,23.631,text,reverse,seed-40354566,0.0
up,500k,23.631,text,reverse,seed-40354567,0.0
up,500k,23.631,text,cipher,seed-40354564,0.0
up,500k,23.631,text,cipher,seed-40354565,0.0
up,500k,23.631,text,cipher,seed-40354566,0.0
up,500k,23.631,text,cipher,seed-40354567,0.0
up,500k,23.631,word,classify-2,seed-40354564,0.01562
up,500k,23.631,word,classify-2,seed-40354565,0.0
up,500k,23.631,word,classify-2,seed-40354566,0.0
up,500k,23.631,word,classify-2,seed-40354567,0.01562
up,500k,23.631,word,classify-4,seed-40354564,0.00781
up,500k,23.631,word,classify-4,seed-40354565,0.0
up,500k,23.631,word,classify-4,seed-40354566,0.00781
up,500k,23.631,word,classify-4,seed-40354567,0.02344
up,500k,23.631,word,lookup-4,seed-40354564,0.02344
up,500k,23.631,word,lookup-4,seed-40354565,0.0
up,500k,23.631,word,lookup-4,seed-40354566,0.0
up,500k,23.631,word,lookup-4,seed-40354567,0.0
up,500k,23.631,word,word-reverse,seed-40354564,0.0
up,500k,23.631,word,word-reverse,seed-40354565,0.0
up,500k,23.631,word,word-reverse,seed-40354566,0.0
up,500k,23.631,word,word-reverse,seed-40354567,0.0
up,500k,68.719,raw,reverse,seed-40354564,0.09668
up,500k,68.719,raw,reverse,seed-40354565,0.05371
up,500k,68.719,raw,reverse,seed-40354566,0.00684
up,500k,68.719,raw,reverse,seed-40354567,0.04102
up,500k,68.719,raw,stack,seed-40354564,0.0
up,500k,68.719,raw,stack,seed-40354565,0.0
up,500k,68.719,raw,stack,seed-40354566,0.00781
up,500k,68.719,raw,stack,seed-40354567,0.0
up,500k,68.719,raw,assoc,seed-40354564,0.00781
up,500k,68.719,raw,assoc,seed-40354565,0.0
up,500k,68.719,raw,assoc,seed-40354566,0.00781
up,500k,68.719,raw,assoc,seed-40354567,0.0
up,500k,68.719,raw,sum,seed-40354564,0.0
up,500k,68.719,raw,sum,seed-40354565,0.0
up,500k,68.719,raw,sum,seed-40354566,0.0
up,500k,68.719,raw,sum,seed-40354567,0.01562
up,500k,68.719,raw,max,seed-40354564,0.35938
up,500k,68.719,raw,max,seed-40354565,0.125
up,500k,68.719,raw,max,seed-40354566,0.01562
up,500k,68.719,raw,max,seed-40354567,0.0
up,500k,68.719,raw,min,seed-40354564,0.40625
up,500k,68.719,raw,min,seed-40354565,0.125
up,500k,68.719,raw,min,seed-40354566,0.0
up,500k,68.719,raw,min,seed-40354567,0.0
up,500k,68.719,raw,first,seed-40354564,0.0625
up,500k,68.719,raw,first,seed-40354565,0.0
up,500k,68.719,raw,first,seed-40354566,0.0
up,500k,68.719,raw,first,seed-40354567,0.0
up,500k,68.719,raw,last,seed-40354564,0.75
up,500k,68.719,raw,last,seed-40354565,0.3125
up,500k,68.719,raw,last,seed-40354566,0.01562
up,500k,68.719,raw,last,seed-40354567,0.0
up,500k,68.719,text,first,seed-40354564,0.0
up,500k,68.719,text,first,seed-40354565,0.04688
up,500k,68.719,text,first,seed-40354566,0.00781
up,500k,68.719,text,first,seed-40354567,0.0
up,500k,68.719,text,last,seed-40354564,0.0
up,500k,68.719,text,last,seed-40354565,0.03906
up,500k,68.719,text,last,seed-40354566,0.0
up,500k,68.719,text,last,seed-40354567,0.00781
up,500k,68.719,text,max,seed-40354564,0.0
up,500k,68.719,text,max,seed-40354565,0.02344
up,500k,68.719,text,max,seed-40354566,0.0
up,500k,68.719,text,max,seed-40354567,0.0
up,500k,68.719,text,min,seed-40354564,0.0
up,500k,68.719,text,min,seed-40354565,0.03906
up,500k,68.719,text,min,seed-40354566,0.0
up,500k,68.719,text,min,seed-40354567,0.0
up,500k,68.719,text,stack,seed-40354564,0.0
up,500k,68.719,text,stack,seed-40354565,0.0
up,500k,68.719,text,stack,seed-40354566,0.0
up,500k,68.719,text,stack,seed-40354567,0.03125
up,500k,68.719,text,assoc,seed-40354564,0.0
up,500k,68.719,text,assoc,seed-40354565,0.01562
up,500k,68.719,text,assoc,seed-40354566,0.0
up,500k,68.719,text,assoc,seed-40354567,0.03125
up,500k,68.719,text,sum,seed-40354564,0.0
up,500k,68.719,text,sum,seed-40354565,0.0
up,500k,68.719,text,sum,seed-40354566,0.0
up,500k,68.719,text,sum,seed-40354567,0.0
up,500k,68.719,text,reverse,seed-40354564,0.0
up,500k,68.719,text,reverse,seed-40354565,0.0
up,500k,68.719,text,reverse,seed-40354566,0.0
up,500k,68.719,text,reverse,seed-40354567,0.0
up,500k,68.719,text,cipher,seed-40354564,0.0
up,500k,68.719,text,cipher,seed-40354565,0.0
up,500k,68.719,text,cipher,seed-40354566,0.0
up,500k,68.719,text,cipher,seed-40354567,0.0
up,500k,68.719,word,classify-2,seed-40354564,0.0
up,500k,68.719,word,classify-2,seed-40354565,0.03906
up,500k,68.719,word,classify-2,seed-40354566,0.00781
up,500k,68.719,word,classify-2,seed-40354567,0.03125
up,500k,68.719,word,classify-4,seed-40354564,0.0
up,500k,68.719,word,classify-4,seed-40354565,0.03906
up,500k,68.719,word,classify-4,seed-40354566,0.0
up,500k,68.719,word,classify-4,seed-40354567,0.0625
up,500k,68.719,word,lookup-4,seed-40354564,0.0
up,500k,68.719,word,lookup-4,seed-40354565,0.04688
up,500k,68.719,word,lookup-4,seed-40354566,0.0
up,500k,68.719,word,lookup-4,seed-40354567,0.03125
up,500k,68.719,word,word-reverse,seed-40354564,0.0
up,500k,68.719,word,word-reverse,seed-40354565,0.0
up,500k,68.719,word,word-reverse,seed-40354566,0.0
up,500k,68.719,word,word-reverse,seed-40354567,0.0
up,6M,1.078,raw,reverse,seed-40354564,0.00293
up,6M,1.078,raw,reverse,seed-40354565,0.00195
up,6M,1.078,raw,reverse,seed-40354566,0.00586
up,6M,1.078,raw,reverse,seed-40354567,0.0
up,6M,1.078,raw,stack,seed-40354564,0.0
up,6M,1.078,raw,stack,seed-40354565,0.0
up,6M,1.078,raw,stack,seed-40354566,0.01562
up,6M,1.078,raw,stack,seed-40354567,0.00781
up,6M,1.078,raw,assoc,seed-40354564,0.0
up,6M,1.078,raw,assoc,seed-40354565,0.0
up,6M,1.078,raw,assoc,seed-40354566,0.00781
up,6M,1.078,raw,assoc,seed-40354567,0.0
up,6M,1.078,raw,sum,seed-40354564,0.01562
up,6M,1.078,raw,sum,seed-40354565,0.01562
up,6M,1.078,raw,sum,seed-40354566,0.01562
up,6M,1.078,raw,sum,seed-40354567,0.01562
up,6M,1.078,raw,max,seed-40354564,0.0
up,6M,1.078,raw,max,seed-40354565,0.0
up,6M,1.078,raw,max,seed-40354566,0.01562
up,6M,1.078,raw,max,seed-40354567,0.0
up,6M,1.078,raw,min,seed-40354564,0.03125
up,6M,1.078,raw,min,seed-40354565,0.0
up,6M,1.078,raw,min,seed-40354566,0.01562
up,6M,1.078,raw,min,seed-40354567,0.0
up,6M,1.078,raw,first,seed-40354564,0.01562
up,6M,1.078,raw,first,seed-40354565,0.0
up,6M,1.078,raw,first,seed-40354566,0.0
up,6M,1.078,raw,first,seed-40354567,0.0
up,6M,1.078,raw,last,seed-40354564,0.01562
up,6M,1.078,raw,last,seed-40354565,0.01562
up,6M,1.078,raw,last,seed-40354566,0.01562
up,6M,1.078,raw,last,seed-40354567,0.01562
up,6M,1.078,text,first,seed-40354564,0.0
up,6M,1.078,text,first,seed-40354565,0.0
up,6M,1.078,text,first,seed-40354566,0.0
up,6M,1.078,text,first,seed-40354567,0.0
up,6M,1.078,text,last,seed-40354564,0.0
up,6M,1.078,text,last,seed-40354565,0.0
up,6M,1.078,text,last,seed-40354566,0.0
up,6M,1.078,text,last,seed-40354567,0.0
up,6M,1.078,text,max,seed-40354564,0.0
up,6M,1.078,text,max,seed-40354565,0.0
up,6M,1.078,text,max,seed-40354566,0.0
up,6M,1.078,text,max,seed-40354567,0.0
up,6M,1.078,text,min,seed-40354564,0.0
up,6M,1.078,text,min,seed-40354565,0.0
up,6M,1.078,text,min,seed-40354566,0.0
up,6M,1.078,text,min,seed-40354567,0.0
up,6M,1.078,text,stack,seed-40354564,0.0
up,6M,1.078,text,stack,seed-40354565,0.0
up,6M,1.078,text,stack,seed-40354566,0.0
up,6M,1.078,text,stack,seed-40354567,0.0
up,6M,1.078,text,assoc,seed-40354564,0.0
up,6M,1.078,text,assoc,seed-40354565,0.0
up,6M,1.078,text,assoc,seed-40354566,0.0
up,6M,1.078,text,assoc,seed-40354567,0.0
up,6M,1.078,text,sum,seed-40354564,0.0
up,6M,1.078,text,sum,seed-40354565,0.0
up,6M,1.078,text,sum,seed-40354566,0.0
up,6M,1.078,text,sum,seed-40354567,0.0
up,6M,1.078,text,reverse,seed-40354564,0.0
up,6M,1.078,text,reverse,seed-40354565,0.0
up,6M,1.078,text,reverse,seed-40354566,0.0
up,6M,1.078,text,reverse,seed-40354567,0.0
up,6M,1.078,text,cipher,seed-40354564,0.0
up,6M,1.078,text,cipher,seed-40354565,0.0
up,6M,1.078,text,cipher,seed-40354566,0.0
up,6M,1.078,text,cipher,seed-40354567,0.0
up,6M,1.078,word,classify-2,seed-40354564,0.0
up,6M,1.078,word,classify-2,seed-40354565,0.0
up,6M,1.078,word,classify-2,seed-40354566,0.0
up,6M,1.078,word,classify-2,seed-40354567,0.0
up,6M,1.078,word,classify-4,seed-40354564,0.0
up,6M,1.078,word,classify-4,seed-40354565,0.0
up,6M,1.078,word,classify-4,seed-40354566,0.0
up,6M,1.078,word,classify-4,seed-40354567,0.0
up,6M,1.078,word,lookup-4,seed-40354564,0.0
up,6M,1.078,word,lookup-4,seed-40354565,0.0
up,6M,1.078,word,lookup-4,seed-40354566,0.0
up,6M,1.078,word,lookup-4,seed-40354567,0.0
up,6M,1.078,word,word-reverse,seed-40354564,0.0
up,6M,1.078,word,word-reverse,seed-40354565,0.0
up,6M,1.078,word,word-reverse,seed-40354566,0.0
up,6M,1.078,word,word-reverse,seed-40354567,0.0
up,6M,2.152,raw,reverse,seed-40354564,0.00293
up,6M,2.152,raw,reverse,seed-40354565,0.00488
up,6M,2.152,raw,reverse,seed-40354566,0.00391
up,6M,2.152,raw,reverse,seed-40354567,0.00488
up,6M,2.152,raw,stack,seed-40354564,0.01562
up,6M,2.152,raw,stack,seed-40354565,0.00781
up,6M,2.152,raw,stack,seed-40354566,0.0
up,6M,2.152,raw,stack,seed-40354567,0.0
up,6M,2.152,raw,assoc,seed-40354564,0.0
up,6M,2.152,raw,assoc,seed-40354565,0.0
up,6M,2.152,raw,assoc,seed-40354566,0.0
up,6M,2.152,raw,assoc,seed-40354567,0.01562
up,6M,2.152,raw,sum,seed-40354564,0.0
up,6M,2.152,raw,sum,seed-40354565,0.0
up,6M,2.152,raw,sum,seed-40354566,0.0
up,6M,2.152,raw,sum,seed-40354567,0.01562
up,6M,2.152,raw,max,seed-40354564,0.0
up,6M,2.152,raw,max,seed-40354565,0.0
up,6M,2.152,raw,max,seed-40354566,0.0
up,6M,2.152,raw,max,seed-40354567,0.0
up,6M,2.152,raw,min,seed-40354564,0.0
up,6M,2.152,raw,min,seed-40354565,0.01562
up,6M,2.152,raw,min,seed-40354566,0.0
up,6M,2.152,raw,min,seed-40354567,0.03125
up,6M,2.152,raw,first,seed-40354564,0.01562
up,6M,2.152,raw,first,seed-40354565,0.0
up,6M,2.152,raw,first,seed-40354566,0.0
up,6M,2.152,raw,first,seed-40354567,0.01562
up,6M,2.152,raw,last,seed-40354564,0.0
up,6M,2.152,raw,last,seed-40354565,0.01562
up,6M,2.152,raw,last,seed-40354566,0.03125
up,6M,2.152,raw,last,seed-40354567,0.04688
up,6M,2.152,text,first,seed-40354564,0.0
up,6M,2.152,text,first,seed-40354565,0.0
up,6M,2.152,text,first,seed-40354566,0.0
up,6M,2.152,text,first,seed-40354567,0.0
up,6M,2.152,text,last,seed-40354564,0.0
up,6M,2.152,text,last,seed-40354565,0.0
up,6M,2.152,text,last,seed-40354566,0.0
up,6M,2.152,text,last,seed-40354567,0.0
up,6M,2.152,text,max,seed-40354564,0.0
up,6M,2.152,text,max,seed-40354565,0.0
up,6M,2.152,text,max,seed-40354566,0.0
up,6M,2.152,text,max,seed-40354567,0.0
up,6M,2.152,text,min,seed-40354564,0.0
up,6M,2.152,text,min,seed-40354565,0.0
up,6M,2.152,text,min,seed-40354566,0.0
up,6M,2.152,text,min,seed-40354567,0.0
up,6M,2.152,text,stack,seed-40354564,0.0
up,6M,2.152,text,stack,seed-40354565,0.0
up,6M,2.152,text,stack,seed-40354566,0.0
up,6M,2.152,text,stack,seed-40354567,0.0
up,6M,2.152,text,assoc,seed-40354564,0.0
up,6M,2.152,text,assoc,seed-40354565,0.0
up,6M,2.152,text,assoc,seed-40354566,0.0
up,6M,2.152,text,assoc,seed-40354567,0.0
up,6M,2.152,text,sum,seed-40354564,0.0
up,6M,2.152,text,sum,seed-40354565,0.0
up,6M,2.152,text,sum,seed-40354566,0.01562
up,6M,2.152,text,sum,seed-40354567,0.0
up,6M,2.152,text,reverse,seed-40354564,0.0
up,6M,2.152,text,reverse,seed-40354565,0.0
up,6M,2.152,text,reverse,seed-40354566,0.0
up,6M,2.152,text,reverse,seed-40354567,0.0
up,6M,2.152,text,cipher,seed-40354564,0.0
up,6M,2.152,text,cipher,seed-40354565,0.0
up,6M,2.152,text,cipher,seed-40354566,0.0
up,6M,2.152,text,cipher,seed-40354567,0.0
up,6M,2.152,word,classify-2,seed-40354564,0.0
up,6M,2.152,word,classify-2,seed-40354565,0.0
up,6M,2.152,word,classify-2,seed-40354566,0.0
up,6M,2.152,word,classify-2,seed-40354567,0.0
up,6M,2.152,word,classify-4,seed-40354564,0.0
up,6M,2.152,word,classify-4,seed-40354565,0.0
up,6M,2.152,word,classify-4,seed-40354566,0.0
up,6M,2.152,word,classify-4,seed-40354567,0.0
up,6M,2.152,word,lookup-4,seed-40354564,0.0
up,6M,2.152,word,lookup-4,seed-40354565,0.0
up,6M,2.152,word,lookup-4,seed-40354566,0.0
up,6M,2.152,word,lookup-4,seed-40354567,0.0
up,6M,2.152,word,word-reverse,seed-40354564,0.0
up,6M,2.152,word,word-reverse,seed-40354565,0.0
up,6M,2.152,word,word-reverse,seed-40354566,0.0
up,6M,2.152,word,word-reverse,seed-40354567,0.0
up,6M,4.299,raw,reverse,seed-40354564,0.00293
up,6M,4.299,raw,reverse,seed-40354565,0.00293
up,6M,4.299,raw,reverse,seed-40354566,0.00586
up,6M,4.299,raw,reverse,seed-40354567,0.00293
up,6M,4.299,raw,stack,seed-40354564,0.0
up,6M,4.299,raw,stack,seed-40354565,0.0
up,6M,4.299,raw,stack,seed-40354566,0.00781
up,6M,4.299,raw,stack,seed-40354567,0.0
up,6M,4.299,raw,assoc,seed-40354564,0.0
up,6M,4.299,raw,assoc,seed-40354565,0.00781
up,6M,4.299,raw,assoc,seed-40354566,0.0
up,6M,4.299,raw,assoc,seed-40354567,0.0
up,6M,4.299,raw,sum,seed-40354564,0.01562
up,6M,4.299,raw,sum,seed-40354565,0.0
up,6M,4.299,raw,sum,seed-40354566,0.0
up,6M,4.299,raw,sum,seed-40354567,0.0
up,6M,4.299,raw,max,seed-40354564,0.03125
up,6M,4.299,raw,max,seed-40354565,0.01562
up,6M,4.299,raw,max,seed-40354566,0.01562
up,6M,4.299,raw,max,seed-40354567,0.04688
up,6M,4.299,raw,min,seed-40354564,0.01562
up,6M,4.299,raw,min,seed-40354565,0.01562
up,6M,4.299,raw,min,seed-40354566,0.01562
up,6M,4.299,raw,min,seed-40354567,0.03125
up,6M,4.299,raw,first,seed-40354564,0.0
up,6M,4.299,raw,first,seed-40354565,0.0
up,6M,4.299,raw,first,seed-40354566,0.0
up,6M,4.299,raw,first,seed-40354567,0.0
up,6M,4.299,raw,last,seed-40354564,0.03125
up,6M,4.299,raw,last,seed-40354565,0.01562
up,6M,4.299,raw,last,seed-40354566,0.0
up,6M,4.299,raw,last,seed-40354567,0.03125
up,6M,4.299,text,first,seed-40354564,0.0
up,6M,4.299,text,first,seed-40354565,0.0
up,6M,4.299,text,first,seed-40354566,0.00781
up,6M,4.299,text,first,seed-40354567,0.0
up,6M,4.299,text,last,seed-40354564,0.0
up,6M,4.299,text,last,seed-40354565,0.0
up,6M,4.299,text,last,seed-40354566,0.0
up,6M,4.299,text,last,seed-40354567,0.0
up,6M,4.299,text,max,seed-40354564,0.0
up,6M,4.299,text,max,seed-40354565,0.0
up,6M,4.299,text,max,seed-40354566,0.0
up,6M,4.299,text,max,seed-40354567,0.0
up,6M,4.299,text,min,seed-40354564,0.0
up,6M,4.299,text,min,seed-40354565,0.0
up,6M,4.299,text,min,seed-40354566,0.0
up,6M,4.299,text,min,seed-40354567,0.0
up,6M,4.299,text,stack,seed-40354564,0.0
up,6M,4.299,text,stack,seed-40354565,0.0
up,6M,4.299,text,stack,seed-40354566,0.0
up,6M,4.299,text,stack,seed-40354567,0.0
up,6M,4.299,text,assoc,seed-40354564,0.0
up,6M,4.299,text,assoc,seed-40354565,0.0
up,6M,4.299,text,assoc,seed-40354566,0.0
up,6M,4.299,text,assoc,seed-40354567,0.0
up,6M,4.299,text,sum,seed-40354564,0.0
up,6M,4.299,text,sum,seed-40354565,0.0
up,6M,4.299,text,sum,seed-40354566,0.0
up,6M,4.299,text,sum,seed-40354567,0.0
up,6M,4.299,text,reverse,seed-40354564,0.0
up,6M,4.299,text,reverse,seed-40354565,0.0
up,6M,4.299,text,reverse,seed-40354566,0.0
up,6M,4.299,text,reverse,seed-40354567,0.0
up,6M,4.299,text,cipher,seed-40354564,0.0
up,6M,4.299,text,cipher,seed-40354565,0.0
up,6M,4.299,text,cipher,seed-40354566,0.0
up,6M,4.299,text,cipher,seed-40354567,0.0
up,6M,4.299,word,classify-2,seed-40354564,0.0
up,6M,4.299,word,classify-2,seed-40354565,0.00781
up,6M,4.299,word,classify-2,seed-40354566,0.01562
up,6M,4.299,word,classify-2,seed-40354567,0.0
up,6M,4.299,word,classify-4,seed-40354564,0.0
up,6M,4.299,word,classify-4,seed-40354565,0.00781
up,6M,4.299,word,classify-4,seed-40354566,0.0
up,6M,4.299,word,classify-4,seed-40354567,0.0
up,6M,4.299,word,lookup-4,seed-40354564,0.0
up,6M,4.299,word,lookup-4,seed-40354565,0.01562
up,6M,4.299,word,lookup-4,seed-40354566,0.00781
up,6M,4.299,word,lookup-4,seed-40354567,0.0
up,6M,4.299,word,word-reverse,seed-40354564,0.0
up,6M,4.299,word,word-reverse,seed-40354565,0.0
up,6M,4.299,word,word-reverse,seed-40354566,0.0
up,6M,4.299,word,word-reverse,seed-40354567,0.0
up,6M,8.594,raw,reverse,seed-40354564,0.01074
up,6M,8.594,raw,reverse,seed-40354565,0.00293
up,6M,8.594,raw,reverse,seed-40354566,0.00977
up,6M,8.594,raw,reverse,seed-40354567,0.00586
up,6M,8.594,raw,stack,seed-40354564,0.0
up,6M,8.594,raw,stack,seed-40354565,0.0
up,6M,8.594,raw,stack,seed-40354566,0.01562
up,6M,8.594,raw,stack,seed-40354567,0.0
up,6M,8.594,raw,assoc,seed-40354564,0.0
up,6M,8.594,raw,assoc,seed-40354565,0.0
up,6M,8.594,raw,assoc,seed-40354566,0.0
up,6M,8.594,raw,assoc,seed-40354567,0.00781
up,6M,8.594,raw,sum,seed-40354564,0.03125
up,6M,8.594,raw,sum,seed-40354565,0.01562
up,6M,8.594,raw,sum,seed-40354566,0.0
up,6M,8.594,raw,sum,seed-40354567,0.03125
up,6M,8.594,raw,max,seed-40354564,0.01562
up,6M,8.594,raw,max,seed-40354565,0.01562
up,6M,8.594,raw,max,seed-40354566,0.01562
up,6M,8.594,raw,max,seed-40354567,0.01562
up,6M,8.594,raw,min,seed-40354564,0.01562
up,6M,8.594,raw,min,seed-40354565,0.01562
up,6M,8.594,raw,min,seed-40354566,0.03125
up,6M,8.594,raw,min,seed-40354567,0.0
up,6M,8.594,raw,first,seed-40354564,0.0
up,6M,8.594,raw,first,seed-40354565,0.0
up,6M,8.594,raw,first,seed-40354566,0.0
up,6M,8.594,raw,first,seed-40354567,0.01562
up,6M,8.594,raw,last,seed-40354564,0.04688
up,6M,8.594,raw,last,seed-40354565,0.01562
up,6M,8.594,raw,last,seed-40354566,0.03125
up,6M,8.594,raw,last,seed-40354567,0.0625
up,6M,8.594,text,first,seed-40354564,0.0
up,6M,8.594,text,first,seed-40354565,0.0
up,6M,8.594,text,first,seed-40354566,0.0
up,6M,8.594,text,first,seed-40354567,0.0
up,6M,8.594,text,last,seed-40354564,0.0
up,6M,8.594,text,last,seed-40354565,0.0
up,6M,8.594,text,last,seed-40354566,0.0
up,6M,8.594,text,last,seed-40354567,0.0
up,6M,8.594,text,max,seed-40354564,0.0
up,6M,8.594,text,max,seed-40354565,0.0
up,6M,8.594,text,max,seed-40354566,0.0
up,6M,8.594,text,max,seed-40354567,0.0
up,6M,8.594,text,min,seed-40354564,0.0
up,6M,8.594,text,min,seed-40354565,0.0
up,6M,8.594,text,min,seed-40354566,0.0
up,6M,8.594,text,min,seed-40354567,0.0
up,6M,8.594,text,stack,seed-40354564,0.0
up,6M,8.594,text,stack,seed-40354565,0.0
up,6M,8.594,text,stack,seed-40354566,0.0
up,6M,8.594,text,stack,seed-40354567,0.0
up,6M,8.594,text,assoc,seed-40354564,0.0
up,6M,8.594,text,assoc,seed-40354565,0.0
up,6M,8.594,text,assoc,seed-40354566,0.0
up,6M,8.594,text,assoc,seed-40354567,0.0
up,6M,8.594,text,sum,seed-40354564,0.0
up,6M,8.594,text,sum,seed-40354565,0.0
up,6M,8.594,text,sum,seed-40354566,0.01562
up,6M,8.594,text,sum,seed-40354567,0.0
up,6M,8.594,text,reverse,seed-40354564,0.0
up,6M,8.594,text,reverse,seed-40354565,0.0
up,6M,8.594,text,reverse,seed-40354566,0.0
up,6M,8.594,text,reverse,seed-40354567,0.0
up,6M,8.594,text,cipher,seed-40354564,0.0
up,6M,8.594,text,cipher,seed-40354565,0.0
up,6M,8.594,text,cipher,seed-40354566,0.0
up,6M,8.594,text,cipher,seed-40354567,0.0
up,6M,8.594,word,classify-2,seed-40354564,0.0
up,6M,8.594,word,classify-2,seed-40354565,0.0
up,6M,8.594,word,classify-2,seed-40354566,0.0
up,6M,8.594,word,classify-2,seed-40354567,0.0
up,6M,8.594,word,classify-4,seed-40354564,0.0
up,6M,8.594,word,classify-4,seed-40354565,0.0
up,6M,8.594,word,classify-4,seed-40354566,0.0
up,6M,8.594,word,classify-4,seed-40354567,0.0
up,6M,8.594,word,lookup-4,seed-40354564,0.0
up,6M,8.594,word,lookup-4,seed-40354565,0.0
up,6M,8.594,word,lookup-4,seed-40354566,0.0
up,6M,8.594,word,lookup-4,seed-40354567,0.0
up,6M,8.594,word,word-reverse,seed-40354564,0.0
up,6M,8.594,word,word-reverse,seed-40354565,0.0
up,6M,8.594,word,word-reverse,seed-40354566,0.0
up,6M,8.594,word,word-reverse,seed-40354567,0.0
up,6M,11.815,raw,reverse,seed-40354564,0.00195
up,6M,11.815,raw,reverse,seed-40354565,0.00488
up,6M,11.815,raw,reverse,seed-40354566,0.00586
up,6M,11.815,raw,reverse,seed-40354567,0.00195
up,6M,11.815,raw,stack,seed-40354564,0.00781
up,6M,11.815,raw,stack,seed-40354565,0.0
up,6M,11.815,raw,stack,seed-40354566,0.00781
up,6M,11.815,raw,stack,seed-40354567,0.0
up,6M,11.815,raw,assoc,seed-40354564,0.00781
up,6M,11.815,raw,assoc,seed-40354565,0.0
up,6M,11.815,raw,assoc,seed-40354566,0.0
up,6M,11.815,raw,assoc,seed-40354567,0.0
up,6M,11.815,raw,sum,seed-40354564,0.0
up,6M,11.815,raw,sum,seed-40354565,0.01562
up,6M,11.815,raw,sum,seed-40354566,0.0
up,6M,11.815,raw,sum,seed-40354567,0.0
up,6M,11.815,raw,max,seed-40354564,0.0
up,6M,11.815,raw,max,seed-40354565,0.0
up,6M,11.815,raw,max,seed-40354566,0.01562
up,6M,11.815,raw,max,seed-40354567,0.0
up,6M,11.815,raw,min,seed-40354564,0.0
up,6M,11.815,raw,min,seed-40354565,0.03125
up,6M,11.815,raw,min,seed-40354566,0.03125
up,6M,11.815,raw,min,seed-40354567,0.07812
up,6M,11.815,raw,first,seed-40354564,0.0
up,6M,11.815,raw,first,seed-40354565,0.0
up,6M,11.815,raw,first,seed-40354566,0.0
up,6M,11.815,raw,first,seed-40354567,0.0
up,6M,11.815,raw,last,seed-40354564,0.0
up,6M,11.815,raw,last,seed-40354565,0.04688
up,6M,11.815,raw,last,seed-40354566,0.04688
up,6M,11.815,raw,last,seed-40354567,0.04688
up,6M,11.815,text,first,seed-40354564,0.0
up,6M,11.815,text,first,seed-40354565,0.0
up,6M,11.815,text,first,seed-40354566,0.0
up,6M,11.815,text,first,seed-40354567,0.00781
up,6M,11.815,text,last,seed-40354564,0.00781
up,6M,11.815,text,last,seed-40354565,0.0
up,6M,11.815,text,last,seed-40354566,0.0
up,6M,11.815,text,last,seed-40354567,0.02344
up,6M,11.815,text,max,seed-40354564,0.0
up,6M,11.815,text,max,seed-40354565,0.0
up,6M,11.815,text,max,seed-40354566,0.0
up,6M,11.815,text,max,seed-40354567,0.0
up,6M,11.815,text,min,seed-40354564,0.0
up,6M,11.815,text,min,seed-40354565,0.0
up,6M,11.815,text,min,seed-40354566,0.0
up,6M,11.815,text,min,seed-40354567,0.01562
up,6M,11.815,text,stack,seed-40354564,0.07031
up,6M,11.815,text,stack,seed-40354565,0.0
up,6M,11.815,text,stack,seed-40354566,0.0
up,6M,11.815,text,stack,seed-40354567,0.0
up,6M,11.815,text,assoc,seed-40354564,0.0
up,6M,11.815,text,assoc,seed-40354565,0.0
up,6M,11.815,text,assoc,seed-40354566,0.0
up,6M,11.815,text,assoc,seed-40354567,0.0
up,6M,11.815,text,sum,seed-40354564,0.00781
up,6M,11.815,text,sum,seed-40354565,0.00781
up,6M,11.815,text,sum,seed-40354566,0.0
up,6M,11.815,text,sum,seed-40354567,0.0
up,6M,11.815,text,reverse,seed-40354564,0.0
up,6M,11.815,text,reverse,seed-40354565,0.0
up,6M,11.815,text,reverse,seed-40354566,0.0
up,6M,11.815,text,reverse,seed-40354567,0.0
up,6M,11.815,text,cipher,seed-40354564,0.0
up,6M,11.815,text,cipher,seed-40354565,0.0
up,6M,11.815,text,cipher,seed-40354566,0.0
up,6M,11.815,text,cipher,seed-40354567,0.0
up,6M,11.815,word,classify-2,seed-40354564,0.02344
up,6M,11.815,word,classify-2,seed-40354565,0.0
up,6M,11.815,word,classify-2,seed-40354566,0.0
up,6M,11.815,word,classify-2,seed-40354567,0.0
up,6M,11.815,word,classify-4,seed-40354564,0.03125
up,6M,11.815,word,classify-4,seed-40354565,0.0
up,6M,11.815,word,classify-4,seed-40354566,0.0
up,6M,11.815,word,classify-4,seed-40354567,0.0
up,6M,11.815,word,lookup-4,seed-40354564,0.02344
up,6M,11.815,word,lookup-4,seed-40354565,0.0
up,6M,11.815,word,lookup-4,seed-40354566,0.0
up,6M,11.815,word,lookup-4,seed-40354567,0.0
up,6M,11.815,word,word-reverse,seed-40354564,0.0
up,6M,11.815,word,word-reverse,seed-40354565,0.0
up,6M,11.815,word,word-reverse,seed-40354566,0.0
up,6M,11.815,word,word-reverse,seed-40354567,0.0
up,6M,34.36,raw,reverse,seed-40354564,0.00391
up,6M,34.36,raw,reverse,seed-40354565,0.00684
up,6M,34.36,raw,reverse,seed-40354566,0.00098
up,6M,34.36,raw,reverse,seed-40354567,0.00391
up,6M,34.36,raw,stack,seed-40354564,0.01562
up,6M,34.36,raw,stack,seed-40354565,0.0
up,6M,34.36,raw,stack,seed-40354566,0.0
up,6M,34.36,raw,stack,seed-40354567,0.0
up,6M,34.36,raw,assoc,seed-40354564,0.0
up,6M,34.36,raw,assoc,seed-40354565,0.00781
up,6M,34.36,raw,assoc,seed-40354566,0.0
up,6M,34.36,raw,assoc,seed-40354567,0.0
up,6M,34.36,raw,sum,seed-40354564,0.01562
up,6M,34.36,raw,sum,seed-40354565,0.0
up,6M,34.36,raw,sum,seed-40354566,0.01562
up,6M,34.36,raw,sum,seed-40354567,0.01562
up,6M,34.36,raw,max,seed-40354564,0.0
up,6M,34.36,raw,max,seed-40354565,0.0
up,6M,34.36,raw,max,seed-40354566,0.0
up,6M,34.36,raw,max,seed-40354567,0.03125
up,6M,34.36,raw,min,seed-40354564,0.0
up,6M,34.36,raw,min,seed-40354565,0.01562
up,6M,34.36,raw,min,seed-40354566,0.0
up,6M,34.36,raw,min,seed-40354567,0.01562
up,6M,34.36,raw,first,seed-40354564,0.01562
up,6M,34.36,raw,first,seed-40354565,0.0
up,6M,34.36,raw,first,seed-40354566,0.0
up,6M,34.36,raw,first,seed-40354567,0.01562
up,6M,34.36,raw,last,seed-40354564,0.01562
up,6M,34.36,raw,last,seed-40354565,0.01562
up,6M,34.36,raw,last,seed-40354566,0.0
up,6M,34.36,raw,last,seed-40354567,0.0625
up,6M,34.36,text,first,seed-40354564,0.0
up,6M,34.36,text,first,seed-40354565,0.0
up,6M,34.36,text,first,seed-40354566,0.03906
up,6M,34.36,text,first,seed-40354567,0.0
up,6M,34.36,text,last,seed-40354564,0.0
up,6M,34.36,text,last,seed-40354565,0.0
up,6M,34.36,text,last,seed-40354566,0.0
up,6M,34.36,text,last,seed-40354567,0.0
up,6M,34.36,text,max,seed-40354564,0.0
up,6M,34.36,text,max,seed-40354565,0.0
up,6M,34.36,text,max,seed-40354566,0.04688
up,6M,34.36,text,max,seed-40354567,0.0
up,6M,34.36,text,min,seed-40354564,0.0
up,6M,34.36,text,min,seed-40354565,0.0
up,6M,34.36,text,min,seed-40354566,0.0
up,6M,34.36,text,min,seed-40354567,0.0
up,6M,34.36,text,stack,seed-40354564,0.0
up,6M,34.36,text,stack,seed-40354565,0.0
up,6M,34.36,text,stack,seed-40354566,0.0
up,6M,34.36,text,stack,seed-40354567,0.0
up,6M,34.36,text,assoc,seed-40354564,0.0
up,6M,34.36,text,assoc,seed-40354565,0.0
up,6M,34.36,text,assoc,seed-40354566,0.00781
up,6M,34.36,text,assoc,seed-40354567,0.0
up,6M,34.36,text,sum,seed-40354564,0.0
up,6M,34.36,text,sum,seed-40354565,0.0
up,6M,34.36,text,sum,seed-40354566,0.0
up,6M,34.36,text,sum,seed-40354567,0.0
up,6M,34.36,text,reverse,seed-40354564,0.0
up,6M,34.36,text,reverse,seed-40354565,0.0
up,6M,34.36,text,reverse,seed-40354566,0.0
up,6M,34.36,text,reverse,seed-40354567,0.0
up,6M,34.36,text,cipher,seed-40354564,0.0
up,6M,34.36,text,cipher,seed-40354565,0.0
up,6M,34.36,text,cipher,seed-40354566,0.0
up,6M,34.36,text,cipher,seed-40354567,0.0
up,6M,34.36,word,classify-2,seed-40354564,0.0
up,6M,34.36,word,classify-2,seed-40354565,0.0
up,6M,34.36,word,classify-2,seed-40354566,0.03906
up,6M,34.36,word,classify-2,seed-40354567,0.0
up,6M,34.36,word,classify-4,seed-40354564,0.0
up,6M,34.36,word,classify-4,seed-40354565,0.0
up,6M,34.36,word,classify-4,seed-40354566,0.03906
up,6M,34.36,word,classify-4,seed-40354567,0.0
up,6M,34.36,word,lookup-4,seed-40354564,0.0
up,6M,34.36,word,lookup-4,seed-40354565,0.0
up,6M,34.36,word,lookup-4,seed-40354566,0.02344
up,6M,34.36,word,lookup-4,seed-40354567,0.0
up,6M,34.36,word,word-reverse,seed-40354564,0.0
up,6M,34.36,word,word-reverse,seed-40354565,0.0
up,6M,34.36,word,word-reverse,seed-40354566,0.0
up,6M,34.36,word,word-reverse,seed-40354567,0.0
